Qubit,T1 (us),T2 (us),Readout assignment error,Init error,Prob meas0 prep1,Prob meas1 prep0,Readout length (ns),ID error,Single-qubit gate length (ns),RX error,Z-axis rotation (rz) error,√x (sx) error,Pauli-X error,XSLOW error,CZ error,Gate length (ns),RZZ error,MEASURE error,MEASURE_2 error,Operational,Backend_ID,Calibration_Timestamp
0,336.4666395643966,468.7343078897478,0.009033203125,,0.012939453125,0.005126953125,2180,0.00036422703918566763,32,0.00036422703918566763,0,0.00036422703918566763,0.00036422703918566763,0.00036422703918566763,1:0.0007685550737635549;1:0.0007685550737635549,1:68;1:68,1:0.0009227235991412508;1:0.0009227235991412508,0.009033203125,0.005126953125,Yes,ibm_kingston,2026-09-25 17:44:04+05:00
1,280.9960053347357,321.25412437663687,0.0108642578125,,0.012451171875,0.00927734375,2180,0.00011410640506216502,32,0.00011410640506216502,0,0.00011410640506216502,0.00011410640506216502,0.00011410640506216502,2:0.0013713694058352932;2:0.0013713694058352932;0:0.0007685550737635549;0:0.0007685550737635549,2:68;2:68;0:68;0:68,2:0.0008610386114593083;2:0.0008610386114593083;0:0.0009227235991412508;0:0.0009227235991412508,0.0108642578125,0.00927734375,Yes,ibm_kingston,2026-09-25 17:44:04+05:00
2,187.92005589258065,100.07122793231295,0.010986328125,,0.015625,0.00634765625,2180,0.00019858639151095652,32,0.00019858639151095652,0,0.00019858639151095652,0.00019858639151095652,0.00019858639151095652,1:0.0013713694058352932;1:0.0013713694058352932;3:0.0016701224888926447;3:0.0016701224888926447,1:68;1:68;3:68;3:68,1:0.0008610386114593083;1:0.0008610386114593083;3:0.0017697064365315707;3:0.0017697064365315707,0.010986328125,0.00634765625,Yes,ibm_kingston,2026-09-25 17:44:04+05:00
3,173.03629054452213,110.15832573101653,0.00439453125,,0.008056640625,0.000732421875,2180,0.0003879576060245071,32,0.0003879576060245071,0,0.0003879576060245071,0.0003879576060245071,0.0003879576060245071,16:0.0011038996790617983;16:0.0011038996790617983;2:0.0016701224888926447;2:0.0016701224888926447;4:0.0019331863087419243;4:0.0019331863087419243,16:68;16:68;2:68;2:68;4:68;4:68,16:0.0013015384968247945;16:0.0013015384968247945;2:0.0017697064365315707;2:0.0017697064365315707;4:0.0024083776081075536;4:0.0024083776081075536,0.00439453125,0.000732421875,Yes,ibm_kingston,2026-09-25 17:44:04+05:00
4,266.11439479096566,76.02954183621893,0.0087890625,,0.013671875,0.00390625,2180,0.00027256219881772027,32,0.00027256219881772027,0,0.00027256219881772027,0.00027256219881772027,0.00027256219881772027,3:0.0019331863087419243;3:0.0019331863087419243;5:0.0018627761934583986;5:0.0018627761934583986,3:68;3:68;5:68;5:68,3:0.0024083776081075536;3:0.0024083776081075536;5:0.0023897624482911994;5:0.0023897624482911994,0.0087890625,0.00390625,Yes,ibm_kingston,2026-09-25 17:44:04+05:00
5,105.85956909378632,60.06673524284885,0.00732421875,,0.0078125,0.0068359375,2180,0.00036919063205924016,32,0.00036919063205924016,0,0.00036919063205924016,0.00036919063205924016,0.00036919063205924016,6:0.002765011755596708;6:0.002765011755596708;4:0.0018627761934583986;4:0.0018627761934583986,6:68;6:68;4:68;4:68,6:0.0025465187514958354;6:0.0025465187514958354;4:0.0023897624482911994;4:0.0023897624482911994,0.00732421875,0.0068359375,Yes,ibm_kingston,2026-09-25 17:44:04+05:00
6,271.514824283891,134.25077178225482,0.010498046875,,0.015625,0.00537109375,2180,0.00035298299578489026,32,0.00035298299578489026,0,0.00035298299578489026,0.00035298299578489026,0.00035298299578489026,5:0.002765011755596708;5:0.002765011755596708;7:0.0075011588334764345;7:0.0075011588334764345,5:68;5:68;7:80;7:80,5:0.0025465187514958354;5:0.0025465187514958354;7:0.007301377050822483;7:0.007301377050822483,0.010498046875,0.00537109375,Yes,ibm_kingston,2026-09-25 17:44:04+05:00
7,209.4857195084155,96.89852945723719,0.023193359375,,0.020751953125,0.025634765625,2180,0.00032437786499364744,32,0.00032437786499364744,0,0.00032437786499364744,0.00032437786499364744,0.00032437786499364744,17:0.006197844553408854;17:0.006197844553408854;6:0.0075011588334764345;6:0.0075011588334764345;8:0.007593024340945859;8:0.007593024340945859,17:68;17:68;6:80;6:80;8:68;8:68,17:0.0042906598671491325;17:0.0042906598671491325;6:0.007301377050822483;6:0.007301377050822483;8:0.006357333455077829;8:0.006357333455077829,0.023193359375,0.025634765625,Yes,ibm_kingston,2026-09-25 17:44:04+05:00
8,208.64620207141348,86.33695481199273,0.0108642578125,,0.015869140625,0.005859375,2180,0.00020785027159169695,32,0.00020785027159169695,0,0.00020785027159169695,0.00020785027159169695,0.00020785027159169695,9:0.0026150163260615644;9:0.0026150163260615644;7:0.007593024340945859;7:0.007593024340945859,9:68;9:68;7:68;7:68,9:0.0017102295146800561;9:0.0017102295146800561;7:0.006357333455077829;7:0.006357333455077829,0.0108642578125,0.005859375,Yes,ibm_kingston,2026-09-25 17:44:04+05:00
9,105.66086432414207,44.552741548619935,0.0047607421875,,0.00927734375,0.000244140625,2180,0.0004956588278037463,32,0.0004956588278037463,0,0.0004956588278037463,0.0004956588278037463,0.0004956588278037463,8:0.0026150163260615644;8:0.0026150163260615644;10:0.0032107320211162693;10:0.0032107320211162693,8:68;8:68;10:68;10:68,8:0.0017102295146800561;8:0.0017102295146800561;10:0.001878273740331865;10:0.001878273740331865,0.0047607421875,0.000244140625,Yes,ibm_kingston,2026-09-25 17:44:04+05:00
10,255.17293533879348,23.490202936856473,0.00341796875,,0.005126953125,0.001708984375,2180,0.0002567650967268688,32,0.0002567650967268688,0,0.0002567650967268688,0.0002567650967268688,0.0002567650967268688,9:0.0032107320211162693;9:0.0032107320211162693;11:0.0012787066211835119;11:0.0012787066211835119,9:68;9:68;11:68;11:68,9:0.001878273740331865;9:0.001878273740331865;11:0.0012584612983725652;11:0.0012584612983725652,0.00341796875,0.001708984375,Yes,ibm_kingston,2026-09-25 17:44:04+05:00
11,295.916366621202,112.2258811311623,0.00341796875,,0.005859375,0.0009765625,2180,0.00028911162733397523,32,0.00028911162733397523,0,0.00028911162733397523,0.00028911162733397523,0.00028911162733397523,18:0.0018603688671818275;18:0.0018603688671818275;10:0.0012787066211835119;10:0.0012787066211835119;12:0.0010334791364512708;12:0.0010334791364512708,18:68;18:68;10:68;10:68;12:68;12:68,18:0.002413510989774298;18:0.002413510989774298;10:0.0012584612983725652;10:0.0012584612983725652;12:0.001088830861913137;12:0.001088830861913137,0.00341796875,0.0009765625,Yes,ibm_kingston,2026-09-25 17:44:04+05:00
12,193.4450363159131,184.6625019956198,0.056884765625,,0.049072265625,0.064697265625,2180,0.00031025919644558496,32,0.00031025919644558496,0,0.00031025919644558496,0.00031025919644558496,0.00031025919644558496,13:0.0019125864022996042;13:0.0019125864022996042;11:0.0010334791364512708;11:0.0010334791364512708,13:68;13:68;11:68;11:68,13:0.0014686086216363636;13:0.0014686086216363636;11:0.001088830861913137;11:0.001088830861913137,0.056884765625,0.064697265625,Yes,ibm_kingston,2026-09-25 17:44:04+05:00
13,204.50588108337206,346.91001801183967,0.005859375,,0.00732421875,0.00439453125,2180,0.0004836004093861743,32,0.0004836004093861743,0,0.0004836004093861743,0.0004836004093861743,0.0004836004093861743,12:0.0019125864022996042;12:0.0019125864022996042;14:0.001428549119927458;14:0.001428549119927458,12:68;12:68;14:68;14:68,12:0.0014686086216363636;12:0.0014686086216363636;14:0.001284734171112939;14:0.001284734171112939,0.005859375,0.00439453125,Yes,ibm_kingston,2026-09-25 17:44:04+05:00
14,278.5087060520256,495.8365568530598,0.0269775390625,,0.028564453125,0.025390625,2180,0.00017671162310577411,32,0.00017671162310577411,0,0.00017671162310577411,0.00017671162310577411,0.00017671162310577411,15:0.003776848552281914;15:0.003776848552281914;13:0.001428549119927458;13:0.001428549119927458,15:68;15:68;13:68;13:68,15:0.0032423682414398636;15:0.0032423682414398636;13:0.001284734171112939;13:0.001284734171112939,0.0269775390625,0.025390625,Yes,ibm_kingston,2026-09-25 17:44:04+05:00
15,288.1078938911592,323.74776855326405,0.005615234375,,0.0078125,0.00341796875,2180,0.00012104365719404825,32,0.00012104365719404825,0,0.00012104365719404825,0.00012104365719404825,0.00012104365719404825,14:0.003776848552281914;14:0.003776848552281914;19:0.0020842019219582675;19:0.0020842019219582675,14:68;14:68;19:68;19:68,14:0.0032423682414398636;14:0.0032423682414398636;19:0.002543672398017588;19:0.002543672398017588,0.005615234375,0.00341796875,Yes,ibm_kingston,2026-09-25 17:44:04+05:00
16,140.56642979756649,241.67248771981875,0.0145263671875,,0.0185546875,0.01171875,2180,0.0001980679989231381,32,0.0001980679989231381,0,0.0001980679989231381,0.0001980679989231381,0.0001980679989231381,23:0.0015792635114248166;23:0.0015792635114248166;3:0.0011038996790617983;3:0.0011038996790617983,23:68;23:68;3:68;3:68,23:0.0014967134089556855;23:0.0014967134089556855;3:0.0013015384968247945;3:0.0013015384968247945,0.0145263671875,0.01171875,Yes,ibm_kingston,2026-09-25 17:44:04+05:00
17,302.84360081937217,154.78711827037392,0.0052490234375,,0.007568359375,0.0029296875,2180,0.000327484500037276,32,0.000327484500037276,0,0.000327484500037276,0.000327484500037276,0.000327484500037276,7:0.006197844553408854;7:0.006197844553408854;27:0.0015475941334729126;27:0.0015475941334729126,7:68;7:68;27:68;27:68,7:0.0042906598671491325;7:0.0042906598671491325;27:0.0015030274578072822;27:0.0015030274578072822,0.0052490234375,0.0029296875,Yes,ibm_kingston,2026-09-25 17:44:04+05:00
18,130.49564858488404,106.37860688767464,0.0091552734375,,0.010986328125,0.00732421875,2180,0.0005978462196236095,32,0.0005978462196236095,0,0.0005978462196236095,0.0005978462196236095,0.0005978462196236095,11:0.0018603688671818275;11:0.0018603688671818275;31:0.0022972534710548886;31:0.0022972534710548886,11:68;11:68;31:68;31:68,11:0.002413510989774298;11:0.002413510989774298;31:0.002781928049676974;31:0.002781928049676974,0.0091552734375,0.00732421875,Yes,ibm_kingston,2026-09-25 17:44:04+05:00
19,190.6013352358296,208.84558534288124,0.0494384765625,,0.095458984375,0.00341796875,2180,0.0002787973350378829,32,0.0002787973350378829,0,0.0002787973350378829,0.0002787973350378829,0.0002787973350378829,35:0.0012278206235848965;35:0.0012278206235848965;15:0.0020842019219582675;15:0.0020842019219582675,35:68;35:68;15:68;15:68,35:0.0019136529015843229;35:0.0019136529015843229;15:0.002543672398017588;15:0.002543672398017588,0.0494384765625,0.00341796875,Yes,ibm_kingston,2026-09-25 17:44:04+05:00
20,283.0906391190015,29.871099873509092,0.0111083984375,,0.011962890625,0.01025390625,2180,0.0003436797859333315,32,0.0003436797859333315,0,0.0003436797859333315,0.0003436797859333315,0.0003436797859333315,21:0.0020711265903758103;21:0.0020711265903758103,21:68;21:68,21:0.0016593569226790728;21:0.0016593569226790728,0.0111083984375,0.01025390625,Yes,ibm_kingston,2026-09-25 17:44:04+05:00
21,133.0316551576741,182.4919909639199,0.004638671875,,0.0078125,0.00146484375,2180,0.00048132531608610234,32,0.00048132531608610234,0,0.00048132531608610234,0.00048132531608610234,0.00048132531608610234,36:0.001362908699597598;36:0.001362908699597598;20:0.0020711265903758103;20:0.0020711265903758103;22:0.0016209504962347576;22:0.0016209504962347576,36:68;36:68;20:68;20:68;22:68;22:68,36:0.001044049377931372;36:0.001044049377931372;20:0.0016593569226790728;20:0.0016593569226790728;22:0.001735114474704924;22:0.001735114474704924,0.004638671875,0.00146484375,Yes,ibm_kingston,2026-09-25 17:44:04+05:00
22,82.03813912449354,107.28053387073518,0.0164794921875,,0.025146484375,0.0078125,2180,0.00023151795326851682,32,0.00023151795326851682,0,0.00023151795326851682,0.00023151795326851682,0.00023151795326851682,23:0.001725651167691994;23:0.001725651167691994;21:0.0016209504962347576;21:0.0016209504962347576,23:68;23:68;21:68;21:68,23:0.0014731093478994595;23:0.0014731093478994595;21:0.001735114474704924;21:0.001735114474704924,0.0164794921875,0.0078125,Yes,ibm_kingston,2026-09-25 17:44:04+05:00
23,254.04459938728127,70.55846108997626,0.0037841796875,,0.006103515625,0.00146484375,2180,0.0001233110726666772,32,0.0001233110726666772,0,0.0001233110726666772,0.0001233110726666772,0.0001233110726666772,22:0.001725651167691994;22:0.001725651167691994;24:0.002033957131133829;24:0.002033957131133829;16:0.0015792635114248166;16:0.0015792635114248166,22:68;22:68;24:68;24:68;16:68;16:68,22:0.0014731093478994595;22:0.0014731093478994595;24:0.0012290148754913466;24:0.0012290148754913466;16:0.0014967134089556855;16:0.0014967134089556855,0.0037841796875,0.00146484375,Yes,ibm_kingston,2026-09-25 17:44:04+05:00
24,296.3003924876887,74.19527953018164,0.0147705078125,,0.01611328125,0.013427734375,2180,0.00037188940874624223,32,0.00037188940874624223,0,0.00037188940874624223,0.00037188940874624223,0.00037188940874624223,23:0.002033957131133829;23:0.002033957131133829;25:0.0020411425926121496;25:0.0020411425926121496,23:68;23:68;25:68;25:68,23:0.0012290148754913466;23:0.0012290148754913466;25:0.001881141387973212;25:0.001881141387973212,0.0147705078125,0.013427734375,Yes,ibm_kingston,2026-09-25 17:44:04+05:00
25,255.65930388841377,29.025617648268145,0.0047607421875,,0.005615234375,0.00390625,2180,0.0001987473784102972,32,0.0001987473784102972,0,0.0001987473784102972,0.0001987473784102972,0.0001987473784102972,24:0.0020411425926121496;24:0.0020411425926121496;26:0.0014636776534062146;26:0.0014636776534062146;37:0.0019543830205464574;37:0.0019543830205464574,24:68;24:68;26:68;26:68;37:68;37:68,24:0.001881141387973212;24:0.001881141387973212;26:0.0015767908219591342;26:0.0015767908219591342;37:0.0017220788271621879;37:0.0017220788271621879,0.0047607421875,0.00390625,Yes,ibm_kingston,2026-09-25 17:44:04+05:00
26,186.84441699250806,70.11741564161136,0.009765625,,0.012939453125,0.006591796875,2180,0.0002103421894964319,32,0.0002103421894964319,0,0.0002103421894964319,0.0002103421894964319,0.0002103421894964319,25:0.0014636776534062146;25:0.0014636776534062146;27:0.0015285168982522856;27:0.0015285168982522856,25:68;25:68;27:68;27:68,25:0.0015767908219591342;25:0.0015767908219591342;27:0.005111646182038604;27:0.005111646182038604,0.009765625,0.006591796875,Yes,ibm_kingston,2026-09-25 17:44:04+05:00
27,200.14894994110867,72.65670467282402,0.0272216796875,,0.023193359375,0.03125,2180,0.00017061553954838467,32,0.00017061553954838467,0,0.00017061553954838467,0.00017061553954838467,0.00017061553954838467,26:0.0015285168982522856;26:0.0015285168982522856;28:0.001497479402056634;28:0.001497479402056634;17:0.0015475941334729126;17:0.0015475941334729126,26:68;26:68;28:68;28:68;17:68;17:68,26:0.005111646182038604;26:0.005111646182038604;28:0.001384758311293699;28:0.001384758311293699;17:0.0015030274578072822;17:0.0015030274578072822,0.0272216796875,0.03125,Yes,ibm_kingston,2026-09-25 17:44:04+05:00
28,250.10848601076665,269.8991500337437,0.010498046875,,0.01513671875,0.005859375,2180,0.00021182687462336302,32,0.00021182687462336302,0,0.00021182687462336302,0.00021182687462336302,0.00021182687462336302,27:0.001497479402056634;27:0.001497479402056634;29:0.0020716471095845457;29:0.0020716471095845457,27:68;27:68;29:68;29:68,27:0.001384758311293699;27:0.001384758311293699;29:0.0022247605072982513;29:0.0022247605072982513,0.010498046875,0.005859375,Yes,ibm_kingston,2026-09-25 17:44:04+05:00
29,174.10417985417016,70.84830826699564,0.0081787109375,,0.016357421875,0,2180,0.00020667808792647937,32,0.00020667808792647937,0,0.00020667808792647937,0.00020667808792647937,0.00020667808792647937,38:0.004941045167925928;38:0.004941045167925928;28:0.0020716471095845457;28:0.0020716471095845457;30:0.001268425348027763;30:0.001268425348027763,38:68;38:68;28:68;28:68;30:80;30:80,38:0.0027820863039931254;38:0.0027820863039931254;28:0.0022247605072982513;28:0.0022247605072982513;30:0.0014535397614219847;30:0.0014535397614219847,0.0081787109375,0,Yes,ibm_kingston,2026-09-25 17:44:04+05:00
30,256.31165851913795,90.280892890724,0.006103515625,,0.009765625,0.00244140625,2180,0.00026680163306561447,32,0.00026680163306561447,0,0.00026680163306561447,0.00026680163306561447,0.00026680163306561447,31:0.003934339986860241;31:0.003934339986860241;29:0.001268425348027763;29:0.001268425348027763,31:68;31:68;29:80;29:80,31:0.0021468448117266115;31:0.0021468448117266115;29:0.0014535397614219847;29:0.0014535397614219847,0.006103515625,0.00244140625,Yes,ibm_kingston,2026-09-25 17:44:04+05:00
31,222.09462532887468,272.2181349107763,0.0152587890625,,0.02099609375,0.009521484375,2180,0.00040942796524302035,32,0.00040942796524302035,0,0.00040942796524302035,0.00040942796524302035,0.00040942796524302035,30:0.003934339986860241;30:0.003934339986860241;32:0.0027333348922575773;32:0.0027333348922575773;18:0.0022972534710548886;18:0.0022972534710548886,30:68;30:68;32:68;32:68;18:68;18:68,30:0.0021468448117266115;30:0.0021468448117266115;32:0.0024499104887001077;32:0.0024499104887001077;18:0.002781928049676974;18:0.002781928049676974,0.0152587890625,0.009521484375,Yes,ibm_kingston,2026-09-25 17:44:04+05:00
32,365.57922022991727,459.3135632004803,0.0732421875,,0.059326171875,0.087158203125,2180,0.00021723841831234637,32,0.00021723841831234637,0,0.00021723841831234637,0.00021723841831234637,0.00021723841831234637,31:0.0027333348922575773;31:0.0027333348922575773;33:0.0025124767633232237;33:0.0025124767633232237,31:68;31:68;33:68;33:68,31:0.0024499104887001077;31:0.0024499104887001077;33:0.003300328795514451;33:0.003300328795514451,0.0732421875,0.087158203125,Yes,ibm_kingston,2026-09-25 17:44:04+05:00
33,308.182063298296,467.5979521216172,0.00927734375,,0.009765625,0.0087890625,2180,0.00018717522052303116,32,0.00018717522052303116,0,0.00018717522052303116,0.00018717522052303116,0.00018717522052303116,39:0.002107882631021185;39:0.002107882631021185;32:0.0025124767633232237;32:0.0025124767633232237;34:0.0021932314932126273;34:0.0021932314932126273,39:68;39:68;32:68;32:68;34:108;34:108,39:0.00148046200285476;39:0.00148046200285476;32:0.003300328795514451;32:0.003300328795514451;34:0.0020900232010004904;34:0.0020900232010004904,0.00927734375,0.0087890625,Yes,ibm_kingston,2026-09-25 17:44:04+05:00
34,181.39104761888103,214.28518756037963,0.02197265625,,0.024169921875,0.019775390625,2180,0.00024469576410692987,32,0.00024469576410692987,0,0.00024469576410692987,0.00024469576410692987,0.00024469576410692987,33:0.0021932314932126273;33:0.0021932314932126273;35:0.001211811715456007;35:0.001211811715456007,33:108;33:108;35:68;35:68,33:0.0020900232010004904;33:0.0020900232010004904;35:0.0019256254546701768;35:0.0019256254546701768,0.02197265625,0.019775390625,Yes,ibm_kingston,2026-09-25 17:44:04+05:00
35,286.1928846311314,337.7327842759464,0.01806640625,,0.01513671875,0.02099609375,2180,0.00021909154191913552,32,0.00021909154191913552,0,0.00021909154191913552,0.00021909154191913552,0.00021909154191913552,19:0.0012278206235848965;19:0.0012278206235848965;34:0.001211811715456007;34:0.001211811715456007,19:68;19:68;34:68;34:68,19:0.0019136529015843229;19:0.0019136529015843229;34:0.0019256254546701768;34:0.0019256254546701768,0.01806640625,0.02099609375,Yes,ibm_kingston,2026-09-25 17:44:04+05:00
36,217.99912956656425,242.90404419679717,0.005859375,,0.009765625,0.001953125,2180,0.00018723707894491423,32,0.00018723707894491423,0,0.00018723707894491423,0.00018723707894491423,0.00018723707894491423,41:0.001890160260846152;41:0.001890160260846152;21:0.001362908699597598;21:0.001362908699597598,41:68;41:68;21:68;21:68,41:0.0014993379208823043;41:0.0014993379208823043;21:0.001044049377931372;21:0.001044049377931372,0.005859375,0.001953125,Yes,ibm_kingston,2026-09-25 17:44:04+05:00
37,88.49869340172944,27.58971597916541,0.0087890625,,0.01171875,0.005859375,2180,0.0004223495831992001,32,0.0004223495831992001,0,0.0004223495831992001,0.0004223495831992001,0.0004223495831992001,45:0.0036480350263801975;45:0.0036480350263801975;25:0.0019543830205464574;25:0.0019543830205464574,45:68;45:68;25:68;25:68,45:0.001871603452579057;45:0.001871603452579057;25:0.0017220788271621879;25:0.0017220788271621879,0.0087890625,0.005859375,Yes,ibm_kingston,2026-09-25 17:44:04+05:00
38,237.00594252236428,68.06583231269099,0.0069580078125,,0.009765625,0.004150390625,2180,0.0002319913687156709,32,0.0002319913687156709,0,0.0002319913687156709,0.0002319913687156709,0.0002319913687156709,29:0.004941045167925928;29:0.004941045167925928;49:0.001594355785739937;49:0.001594355785739937,29:68;29:68;49:68;49:68,29:0.0027820863039931254;29:0.0027820863039931254;49:0.001285806477652085;49:0.001285806477652085,0.0069580078125,0.004150390625,Yes,ibm_kingston,2026-09-25 17:44:04+05:00
39,99.71168525794653,98.78266790888162,0.01123046875,,0.011962890625,0.010498046875,2180,0.00019404727104498814,32,0.00019404727104498814,0,0.00019404727104498814,0.00019404727104498814,0.00019404727104498814,53:0.001486865964231615;53:0.001486865964231615;33:0.002107882631021185;33:0.002107882631021185,53:68;53:68;33:68;33:68,53:0.005296923191012076;53:0.005296923191012076;33:0.00148046200285476;33:0.00148046200285476,0.01123046875,0.010498046875,Yes,ibm_kingston,2026-09-25 17:44:04+05:00
40,276.9902230859321,85.8330098885021,0.00341796875,,0.0048828125,0.001953125,2180,0.0003598968373241917,32,0.0003598968373241917,0,0.0003598968373241917,0.0003598968373241917,0.0003598968373241917,41:0.0020023982792476414;41:0.0020023982792476414,41:68;41:68,41:0.002560980310227695;41:0.002560980310227695,0.00341796875,0.001953125,Yes,ibm_kingston,2026-09-25 17:44:04+05:00
41,261.02482730269634,65.69631446231281,0.0064697265625,,0.008056640625,0.0048828125,2180,0.0002367478101623629,32,0.0002367478101623629,0,0.0002367478101623629,0.0002367478101623629,0.0002367478101623629,40:0.0020023982792476414;40:0.0020023982792476414;42:0.0018622867900391082;42:0.0018622867900391082;36:0.001890160260846152;36:0.001890160260846152,40:68;40:68;42:68;42:68;36:68;36:68,40:0.002560980310227695;40:0.002560980310227695;42:0.0020692975459927765;42:0.0020692975459927765;36:0.0014993379208823043;36:0.0014993379208823043,0.0064697265625,0.0048828125,Yes,ibm_kingston,2026-09-25 17:44:04+05:00
42,114.83784551232097,121.18413132578819,0.004638671875,,0.00634765625,0.0029296875,2180,0.0002825476844430431,32,0.0002825476844430431,0,0.0002825476844430431,0.0002825476844430431,0.0002825476844430431,41:0.0018622867900391082;41:0.0018622867900391082;43:0.0019305755510234945;43:0.0019305755510234945,41:68;41:68;43:68;43:68,41:0.0020692975459927765;41:0.0020692975459927765;43:0.0030048558770242317;43:0.0030048558770242317,0.004638671875,0.0029296875,Yes,ibm_kingston,2026-09-25 17:44:04+05:00
43,297.7476033253412,75.58419778544797,0.007080078125,,0.009765625,0.00439453125,2180,0.009328265185282791,32,0.009328265185282791,0,0.009328265185282791,0.009328265185282791,0.009328265185282791,42:0.0019305755510234945;42:0.0019305755510234945;56:0.005411549466781934;56:0.005411549466781934;44:0.016476751103863346;44:0.016476751103863346,42:68;42:68;56:68;56:68;44:68;44:68,42:0.0030048558770242317;42:0.0030048558770242317;56:0.004091557734358736;56:0.004091557734358736;44:0.0022773890343458503;44:0.0022773890343458503,0.007080078125,0.00439453125,Yes,ibm_kingston,2026-09-25 17:44:04+05:00
44,207.04963348821153,317.1941608355146,0.0057373046875,,0.0078125,0.003662109375,2180,0.0002050171920534136,32,0.0002050171920534136,0,0.0002050171920534136,0.0002050171920534136,0.0002050171920534136,45:0.003276374043350405;45:0.003276374043350405;43:0.016476751103863346;43:0.016476751103863346,45:68;45:68;43:68;43:68,45:0.0014123390530565716;45:0.0014123390530565716;43:0.0022773890343458503;43:0.0022773890343458503,0.0057373046875,0.003662109375,Yes,ibm_kingston,2026-09-25 17:44:04+05:00
45,224.58743417561135,169.04321892845147,0.0035400390625,,0.0048828125,0.002197265625,2180,0.001502161869317895,32,0.001502161869317895,0,0.001502161869317895,0.001502161869317895,0.001502161869317895,44:0.003276374043350405;44:0.003276374043350405;46:0.0029846786838585437;46:0.0029846786838585437;37:0.0036480350263801975;37:0.0036480350263801975,44:68;44:68;46:68;46:68;37:68;37:68,44:0.0014123390530565716;44:0.0014123390530565716;46:0.0015084831764356488;46:0.0015084831764356488;37:0.001871603452579057;37:0.001871603452579057,0.0035400390625,0.002197265625,Yes,ibm_kingston,2026-09-25 17:44:04+05:00
46,87.76599612953575,76.64089781690915,0.0059814453125,,0.009765625,0.002197265625,2180,0.0003861733578143592,32,0.0003861733578143592,0,0.0003861733578143592,0.0003861733578143592,0.0003861733578143592,45:0.0029846786838585437;45:0.0029846786838585437;47:0.0021297963939191367;47:0.0021297963939191367,45:68;45:68;47:68;47:68,45:0.0015084831764356488;45:0.0015084831764356488;47:0.0024215628105584974;47:0.0024215628105584974,0.0059814453125,0.002197265625,Yes,ibm_kingston,2026-09-25 17:44:04+05:00
47,288.88331763936935,286.64218561779717,0.0032958984375,,0.006591796875,0,2180,0.00042010476329617445,32,0.00042010476329617445,0,0.00042010476329617445,0.00042010476329617445,0.00042010476329617445,48:0.0023977038576444842;48:0.0023977038576444842;57:0.0019672486255145893;57:0.0019672486255145893;46:0.0021297963939191367;46:0.0021297963939191367,48:68;48:68;57:68;57:68;46:68;46:68,48:0.003292004328737219;48:0.003292004328737219;57:0.0016246663682187856;57:0.0016246663682187856;46:0.0024215628105584974;46:0.0024215628105584974,0.0032958984375,0,Yes,ibm_kingston,2026-09-25 17:44:04+05:00
48,128.33371350826155,20.22409251248406,0.005126953125,,0.00927734375,0.0009765625,2180,0.00027570531341656034,32,0.00027570531341656034,0,0.00027570531341656034,0.00027570531341656034,0.00027570531341656034,47:0.0023977038576444842;47:0.0023977038576444842;49:0.0018434858123342612;49:0.0018434858123342612,47:68;47:68;49:68;49:68,47:0.003292004328737219;47:0.003292004328737219;49:0.002232497260701516;49:0.002232497260701516,0.005126953125,0.0009765625,Yes,ibm_kingston,2026-09-25 17:44:04+05:00
49,262.9140931929084,97.3826159414637,0.0035400390625,,0.00537109375,0.001708984375,2180,0.00031445923236615475,32,0.00031445923236615475,0,0.00031445923236615475,0.00031445923236615475,0.00031445923236615475,48:0.0018434858123342612;48:0.0018434858123342612;50:0.0014258959418786965;50:0.0014258959418786965;38:0.001594355785739937;38:0.001594355785739937,48:68;48:68;50:68;50:68;38:68;38:68,48:0.002232497260701516;48:0.002232497260701516;50:0.0018801323732287878;50:0.0018801323732287878;38:0.001285806477652085;38:0.001285806477652085,0.0035400390625,0.001708984375,Yes,ibm_kingston,2026-09-25 17:44:04+05:00
50,303.59330252472836,320.1287820992004,0.00390625,,0.015625,0.00146484375,2180,0.0001800508967846574,32,0.0001800508967846574,0,0.0001800508967846574,0.0001800508967846574,0.0001800508967846574,49:0.0014258959418786965;49:0.0014258959418786965;51:0.0010948281917552982;51:0.0010948281917552982,49:68;49:68;51:68;51:68,49:0.0018801323732287878;49:0.0018801323732287878;51:0.0014940524462012106;51:0.0014940524462012106,0.00390625,0.00146484375,Yes,ibm_kingston,2026-09-25 17:44:04+05:00
51,120.25169211903699,145.03074105899694,0.0260009765625,,0.02197265625,0.030029296875,2180,0.00012437803445485918,32,0.00012437803445485918,0,0.00012437803445485918,0.00012437803445485918,0.00012437803445485918,50:0.0010948281917552982;50:0.0010948281917552982;52:0.0018316493243691612;52:0.0018316493243691612;58:0.0018867739653539717;58:0.0018867739653539717,50:68;50:68;52:68;52:68;58:68;58:68,50:0.0014940524462012106;50:0.0014940524462012106;52:0.002195437201928302;52:0.002195437201928302;58:0.001789249829894285;58:0.001789249829894285,0.0260009765625,0.030029296875,Yes,ibm_kingston,2026-09-25 17:44:04+05:00
52,127.00366570290686,49.41451757843999,0.0194091796875,,0.027099609375,0.01171875,2180,0.00024793952206064875,32,0.00024793952206064875,0,0.00024793952206064875,0.00024793952206064875,0.00024793952206064875,51:0.0018316493243691612;51:0.0018316493243691612;53:0.001556838043804687;53:0.001556838043804687,51:68;51:68;53:68;53:68,51:0.002195437201928302;51:0.002195437201928302;53:0.0018655776793622403;53:0.0018655776793622403,0.0194091796875,0.01171875,Yes,ibm_kingston,2026-09-25 17:44:04+05:00
53,227.35092782652728,74.6583644848294,0.010009765625,,0.01611328125,0.00390625,2180,9.86951144053276e-05,32,9.86951144053276e-05,0,9.86951144053276e-05,9.86951144053276e-05,9.86951144053276e-05,39:0.001486865964231615;39:0.001486865964231615;52:0.001556838043804687;52:0.001556838043804687;54:0.0010891948599268675;54:0.0010891948599268675,39:68;39:68;52:68;52:68;54:68;54:68,39:0.005296923191012076;39:0.005296923191012076;52:0.0018655776793622403;52:0.0018655776793622403;54:0.0013377342272494486;54:0.0013377342272494486,0.010009765625,0.00390625,Yes,ibm_kingston,2026-09-25 17:44:04+05:00
54,359.01050759408565,117.03332217537486,0.028076171875,,0.034423828125,0.021728515625,2180,0.0002312070352409925,32,0.0002312070352409925,0,0.0002312070352409925,0.0002312070352409925,0.0002312070352409925,53:0.0010891948599268675;53:0.0010891948599268675;55:0.0018634609166871818;55:0.0018634609166871818,53:68;53:68;55:68;55:68,53:0.0013377342272494486;53:0.0013377342272494486;55:0.0018907600328378904;55:0.0018907600328378904,0.028076171875,0.021728515625,Yes,ibm_kingston,2026-09-25 17:44:04+05:00
55,386.5758860700546,91.50079789990316,0.0096435546875,,0.0107421875,0.008544921875,2180,0.0001156230993831973,32,0.0001156230993831973,0,0.0001156230993831973,0.0001156230993831973,0.0001156230993831973,59:0.0011685758416744019;59:0.0011685758416744019;54:0.0018634609166871818;54:0.0018634609166871818,59:68;59:68;54:68;54:68,59:0.0011431812603560354;59:0.0011431812603560354;54:0.0018907600328378904;54:0.0018907600328378904,0.0096435546875,0.008544921875,Yes,ibm_kingston,2026-09-25 17:44:04+05:00
56,191.8077657197162,43.62530021974132,0.0081787109375,,0.010498046875,0.005859375,2180,0.00025978078893710443,32,0.00025978078893710443,0,0.00025978078893710443,0.00025978078893710443,0.00025978078893710443,63:0.001366892034852324;63:0.001366892034852324;43:0.005411549466781934;43:0.005411549466781934,63:68;63:68;43:68;43:68,63:0.0015900773532668;63:0.0015900773532668;43:0.004091557734358736;43:0.004091557734358736,0.0081787109375,0.005859375,Yes,ibm_kingston,2026-09-25 17:44:04+05:00
57,216.4411123394374,266.75166408187926,0.0081787109375,,0.013916015625,0.00244140625,2180,0.000226970595166798,32,0.000226970595166798,0,0.000226970595166798,0.000226970595166798,0.000226970595166798,47:0.0019672486255145893;47:0.0019672486255145893;67:0.002756853657602726;67:0.002756853657602726,47:68;47:68;67:68;67:68,47:0.0016246663682187856;47:0.0016246663682187856;67:0.0019211633589631683;67:0.0019211633589631683,0.0081787109375,0.00244140625,Yes,ibm_kingston,2026-09-25 17:44:04+05:00
58,234.442881598687,171.2166080316604,0.012451171875,,0.005615234375,0.019287109375,2180,0.00011984536775464832,32,0.00011984536775464832,0,0.00011984536775464832,0.00011984536775464832,0.00011984536775464832,71:0.0011743165610143824;71:0.0011743165610143824;51:0.0018867739653539717;51:0.0018867739653539717,71:68;71:68;51:68;51:68,71:0.001959052169815595;71:0.001959052169815595;51:0.001789249829894285;51:0.001789249829894285,0.012451171875,0.019287109375,Yes,ibm_kingston,2026-09-25 17:44:04+05:00
59,143.31843371911538,265.233875786357,0.0048828125,,0.00634765625,0.00341796875,2180,0.0001808344315246599,32,0.0001808344315246599,0,0.0001808344315246599,0.0001808344315246599,0.0001808344315246599,55:0.0011685758416744019;55:0.0011685758416744019;75:0.0025489511027933787;75:0.0025489511027933787,55:68;55:68;75:68;75:68,55:0.0011431812603560354;55:0.0011431812603560354;75:0.0012323499791256909;75:0.0012323499791256909,0.0048828125,0.00341796875,Yes,ibm_kingston,2026-09-25 17:44:04+05:00
60,178.20651375640418,43.632616785858616,0.004150390625,,0.00732421875,0.0009765625,2180,0.0004063576966417647,32,0.0004063576966417647,0,0.0004063576966417647,0.0004063576966417647,0.0004063576966417647,61:0.002122324619763749;61:0.002122324619763749,61:68;61:68,61:0.0019366691516295165;61:0.0019366691516295165,0.004150390625,0.0009765625,Yes,ibm_kingston,2026-09-25 17:44:04+05:00
61,178.5840112730131,47.807464603933965,0.0054931640625,,0.0078125,0.003173828125,2180,0.00022757471197217875,32,0.00022757471197217875,0,0.00022757471197217875,0.00022757471197217875,0.00022757471197217875,76:0.003561877849935058;76:0.003561877849935058;60:0.002122324619763749;60:0.002122324619763749;62:0.0016415047537496896;62:0.0016415047537496896,76:68;76:68;60:68;60:68;62:68;62:68,76:0.006166099764108285;76:0.006166099764108285;60:0.0019366691516295165;60:0.0019366691516295165;62:0.0013881622329725563;62:0.0013881622329725563,0.0054931640625,0.003173828125,Yes,ibm_kingston,2026-09-25 17:44:04+05:00
62,278.9266746975397,156.18420488705473,0.0108642578125,,0.0107421875,0.010986328125,2180,0.0002004619931476338,32,0.0002004619931476338,0,0.0002004619931476338,0.0002004619931476338,0.0002004619931476338,61:0.0016415047537496896;61:0.0016415047537496896;63:0.0015580567282135749;63:0.0015580567282135749,61:68;61:68;63:68;63:68,61:0.0013881622329725563;61:0.0013881622329725563;63:0.0014692740802161874;63:0.0014692740802161874,0.0108642578125,0.010986328125,Yes,ibm_kingston,2026-09-25 17:44:04+05:00
63,194.9626741817227,69.75008890417088,0.0137939453125,,0.016845703125,0.0107421875,2180,0.00021496088433117994,32,0.00021496088433117994,0,0.00021496088433117994,0.00021496088433117994,0.00021496088433117994,56:0.001366892034852324;56:0.001366892034852324;62:0.0015580567282135749;62:0.0015580567282135749;64:0.0017751895387488337;64:0.0017751895387488337,56:68;56:68;62:68;62:68;64:68;64:68,56:0.0015900773532668;56:0.0015900773532668;62:0.0014692740802161874;62:0.0014692740802161874;64:0.0020120488660017866;64:0.0020120488660017866,0.0137939453125,0.0107421875,Yes,ibm_kingston,2026-09-25 17:44:04+05:00
64,186.7936447526165,140.8146997110278,0.004150390625,,0.007080078125,0.001220703125,2180,0.0004088004182662409,32,0.0004088004182662409,0,0.0004088004182662409,0.0004088004182662409,0.0004088004182662409,65:0.0025399303528202966;65:0.0025399303528202966;63:0.0017751895387488337;63:0.0017751895387488337,65:68;65:68;63:68;63:68,65:0.001929174995176447;65:0.001929174995176447;63:0.0020120488660017866;63:0.0020120488660017866,0.004150390625,0.001220703125,Yes,ibm_kingston,2026-09-25 17:44:04+05:00
65,305.17471059857536,228.3786075963606,0.00830078125,,0.01513671875,0.00146484375,2180,0.0003963970643393344,32,0.0003963970643393344,0,0.0003963970643393344,0.0003963970643393344,0.0003963970643393344,64:0.0025399303528202966;64:0.0025399303528202966;66:0.0024516466018398575;66:0.0024516466018398575;77:0.005090081552248077;77:0.005090081552248077,64:68;64:68;66:68;66:68;77:68;77:68,64:0.001929174995176447;64:0.001929174995176447;66:0.0021126773808631816;66:0.0021126773808631816;77:0.003838855684335035;77:0.003838855684335035,0.00830078125,0.00146484375,Yes,ibm_kingston,2026-09-25 17:44:04+05:00
66,129.99533894955175,167.20774700116297,0.0087890625,,0.01416015625,0.00341796875,2180,0.0004813904296786162,32,0.0004813904296786162,0,0.0004813904296786162,0.0004813904296786162,0.0004813904296786162,65:0.0024516466018398575;65:0.0024516466018398575;67:0.002167767333244419;67:0.002167767333244419,65:68;65:68;67:68;67:68,65:0.0021126773808631816;65:0.0021126773808631816;67:0.0019874743992745747;67:0.0019874743992745747,0.0087890625,0.00341796875,Yes,ibm_kingston,2026-09-25 17:44:04+05:00
67,160.41524523009616,186.4822955663022,0.0067138671875,,0.015625,0.00341796875,2180,0.0003041672838974309,32,0.0003041672838974309,0,0.0003041672838974309,0.0003041672838974309,0.0003041672838974309,68:0.001973318481584857;68:0.001973318481584857;57:0.002756853657602726;57:0.002756853657602726;66:0.002167767333244419;66:0.002167767333244419,68:68;68:68;57:68;57:68;66:68;66:68,68:0.0013158675990742053;68:0.0013158675990742053;57:0.0019211633589631683;57:0.0019211633589631683;66:0.0019874743992745747;66:0.0019874743992745747,0.0067138671875,0.00341796875,Yes,ibm_kingston,2026-09-25 17:44:04+05:00
68,197.3269511200507,137.02430467422678,0.0146484375,,0.018798828125,0.010498046875,2180,0.00020246875583259733,32,0.00020246875583259733,0,0.00020246875583259733,0.00020246875583259733,0.00020246875583259733,67:0.001973318481584857;67:0.001973318481584857;69:0.0016855743799298328;69:0.0016855743799298328,67:68;67:68;69:68;69:68,67:0.0013158675990742053;67:0.0013158675990742053;69:0.0015156923982125314;69:0.0015156923982125314,0.0146484375,0.010498046875,Yes,ibm_kingston,2026-09-25 17:44:04+05:00
69,210.6627532121213,249.09187620602674,0.02392578125,,0.02001953125,0.02783203125,2180,0.0001881018718621297,32,0.0001881018718621297,0,0.0001881018718621297,0.0001881018718621297,0.0001881018718621297,78:0.0036542257205708917;78:0.0036542257205708917;68:0.0016855743799298328;68:0.0016855743799298328;70:0.002632518856057059;70:0.002632518856057059,78:68;78:68;68:68;68:68;70:68;70:68,78:0.00180811979746745;78:0.00180811979746745;68:0.0015156923982125314;68:0.0015156923982125314;70:0.003960256779436677;70:0.003960256779436677,0.02392578125,0.02783203125,Yes,ibm_kingston,2026-09-25 17:44:04+05:00
70,198.7385972947176,167.41936667703246,0.01611328125,,0.020263671875,0.011962890625,2180,0.00012340692929004927,32,0.00012340692929004927,0,0.00012340692929004927,0.00012340692929004927,0.00012340692929004927,69:0.002632518856057059;69:0.002632518856057059;71:0.0014039601809285318;71:0.0014039601809285318,69:68;69:68;71:68;71:68,69:0.003960256779436677;69:0.003960256779436677;71:0.0023652907191743233;71:0.0023652907191743233,0.01611328125,0.011962890625,Yes,ibm_kingston,2026-09-25 17:44:04+05:00
71,219.6522214160701,97.83178722841643,0.0032958984375,,0.00537109375,0.001220703125,2180,0.00017293607608354994,32,0.00017293607608354994,0,0.00017293607608354994,0.00017293607608354994,0.00017293607608354994,72:0.0012385863823196341;72:0.0012385863823196341;58:0.0011743165610143824;58:0.0011743165610143824;70:0.0014039601809285318;70:0.0014039601809285318,72:68;72:68;58:68;58:68;70:68;70:68,72:0.0012177359504415841;72:0.0012177359504415841;58:0.001959052169815595;58:0.001959052169815595;70:0.0023652907191743233;70:0.0023652907191743233,0.0032958984375,0.001220703125,Yes,ibm_kingston,2026-09-25 17:44:04+05:00
72,229.1097442734329,131.75924501016624,0.0506591796875,,0.052978515625,0.04833984375,2180,0.00012677908486563748,32,0.00012677908486563748,0,0.00012677908486563748,0.00012677908486563748,0.00012677908486563748,73:0.018654994924451496;73:0.018654994924451496;71:0.0012385863823196341;71:0.0012385863823196341,73:68;73:68;71:68;71:68,73:0.03490198256979207;73:0.03490198256979207;71:0.0012177359504415841;71:0.0012177359504415841,0.0506591796875,0.04833984375,Yes,ibm_kingston,2026-09-25 17:44:04+05:00
73,208.81869824563472,170.25943993153334,0.017333984375,,0.022705078125,0.011962890625,2180,0.0003765457624076032,32,0.0003765457624076032,0,0.0003765457624076032,0.0003765457624076032,0.0003765457624076032,72:0.018654994924451496;72:0.018654994924451496;74:0.0014094006862601927;74:0.0014094006862601927;79:0.001484275733244167;79:0.001484275733244167,72:68;72:68;74:68;74:68;79:68;79:68,72:0.03490198256979207;72:0.03490198256979207;74:0.002100496766998805;74:0.002100496766998805;79:0.0023580831832165083;79:0.0023580831832165083,0.017333984375,0.011962890625,Yes,ibm_kingston,2026-09-25 17:44:04+05:00
74,201.99235691609314,162.79995878856667,0.0068359375,,0.009765625,0.00390625,2180,0.00033382194751074704,32,0.00033382194751074704,0,0.00033382194751074704,0.00033382194751074704,0.00033382194751074704,73:0.0014094006862601927;73:0.0014094006862601927;75:0.0016026983104396597;75:0.0016026983104396597,73:68;73:68;75:68;75:68,73:0.002100496766998805;73:0.002100496766998805;75:0.0011943306041991286;75:0.0011943306041991286,0.0068359375,0.00390625,Yes,ibm_kingston,2026-09-25 17:44:04+05:00
75,305.9365436184851,159.44866072219472,0.0111083984375,,0.01806640625,0.004150390625,2180,0.00014711387509966307,32,0.00014711387509966307,0,0.00014711387509966307,0.00014711387509966307,0.00014711387509966307,59:0.0025489511027933787;59:0.0025489511027933787;74:0.0016026983104396597;74:0.0016026983104396597,59:68;59:68;74:68;74:68,59:0.0012323499791256909;59:0.0012323499791256909;74:0.0011943306041991286;74:0.0011943306041991286,0.0111083984375,0.004150390625,Yes,ibm_kingston,2026-09-25 17:44:04+05:00
76,74.43686187407756,52.80953723671043,0.019775390625,,0.01806640625,0.021484375,2180,0.0027243603798916254,32,0.0027243603798916254,0,0.0027243603798916254,0.0027243603798916254,0.0027243603798916254,81:0.010023549569191853;81:0.010023549569191853;61:0.003561877849935058;61:0.003561877849935058,81:68;81:68;61:68;61:68,81:0.047703963374707586;81:0.047703963374707586;61:0.006166099764108285;61:0.006166099764108285,0.019775390625,0.021484375,Yes,ibm_kingston,2026-09-25 17:44:04+05:00
77,108.8467290889504,110.39991838426045,0.0047607421875,,0.00927734375,0.000244140625,2180,0.00012538051182056203,32,0.00012538051182056203,0,0.00012538051182056203,0.00012538051182056203,0.00012538051182056203,85:0.004778705312178555;85:0.004778705312178555;65:0.005090081552248077;65:0.005090081552248077,85:68;85:68;65:68;65:68,85:0.004745221049793413;85:0.004745221049793413;65:0.003838855684335035;65:0.003838855684335035,0.0047607421875,0.000244140625,Yes,ibm_kingston,2026-09-25 17:44:04+05:00
78,163.54418248550434,33.53075178149044,0.028076171875,,0.03173828125,0.0244140625,2180,0.00038691945208275697,32,0.00038691945208275697,0,0.00038691945208275697,0.00038691945208275697,0.00038691945208275697,69:0.0036542257205708917;69:0.0036542257205708917;89:0.002227825282868412;89:0.002227825282868412,69:68;69:68;89:68;89:68,69:0.00180811979746745;69:0.00180811979746745;89:0.0014896421670769766;89:0.0014896421670769766,0.028076171875,0.0244140625,Yes,ibm_kingston,2026-09-25 17:44:04+05:00
79,205.26116995969386,85.50354923691224,0.005126953125,,0.006591796875,0.003662109375,2180,0.00028079352527140845,32,0.00028079352527140845,0,0.00028079352527140845,0.00028079352527140845,0.00028079352527140845,93:0.0013504352049106272;93:0.0013504352049106272;73:0.001484275733244167;73:0.001484275733244167,93:68;93:68;73:68;73:68,93:0.0010415253521574852;93:0.0010415253521574852;73:0.0023580831832165083;73:0.0023580831832165083,0.005126953125,0.003662109375,Yes,ibm_kingston,2026-09-25 17:44:04+05:00
80,162.36923515633734,252.10351943583908,0.0244140625,,0.03076171875,0.01806640625,2180,0.0002805528271248982,32,0.0002805528271248982,0,0.0002805528271248982,0.0002805528271248982,0.0002805528271248982,81:0.0011319347609101416;81:0.0011319347609101416,81:68;81:68,81:0.001239777389601765;81:0.001239777389601765,0.0244140625,0.01806640625,Yes,ibm_kingston,2026-09-25 17:44:04+05:00
81,285.1589631748745,259.86139906081485,0.0081787109375,,0.010009765625,0.00634765625,2180,0.00031646549505034256,32,0.00031646549505034256,0,0.00031646549505034256,0.00031646549505034256,0.00031646549505034256,80:0.0011319347609101416;80:0.0011319347609101416;82:0.0010798088554060947;82:0.0010798088554060947;76:0.010023549569191853;76:0.010023549569191853,80:68;80:68;82:68;82:68;76:68;76:68,80:0.001239777389601765;80:0.001239777389601765;82:0.001144103344776437;82:0.001144103344776437;76:0.047703963374707586;76:0.047703963374707586,0.0081787109375,0.00634765625,Yes,ibm_kingston,2026-09-25 17:44:04+05:00
82,123.50833665984858,186.43618027122733,0.007568359375,,0.0107421875,0.00439453125,2180,0.0001262042981317091,32,0.0001262042981317091,0,0.0001262042981317091,0.0001262042981317091,0.0001262042981317091,81:0.0010798088554060947;81:0.0010798088554060947;83:0.0011038897861997687;83:0.0011038897861997687,81:68;81:68;83:68;83:68,81:0.001144103344776437;81:0.001144103344776437;83:0.000993869023991678;83:0.000993869023991678,0.007568359375,0.00439453125,Yes,ibm_kingston,2026-09-25 17:44:04+05:00
83,217.31392105875776,211.76528442768327,0.0162353515625,,0.019775390625,0.0126953125,2180,0.0002548026607789683,32,0.0002548026607789683,0,0.0002548026607789683,0.0002548026607789683,0.0002548026607789683,96:0.0013769410708087682;96:0.0013769410708087682;82:0.0011038897861997687;82:0.0011038897861997687;84:0.0021295095049113366;84:0.0021295095049113366,96:68;96:68;82:68;82:68;84:68;84:68,96:0.0014890026714487747;96:0.0014890026714487747;82:0.000993869023991678;82:0.000993869023991678;84:0.0027228587092688883;84:0.0027228587092688883,0.0162353515625,0.0126953125,Yes,ibm_kingston,2026-09-25 17:44:04+05:00
84,92.81094430204276,33.83918461735486,0.0047607421875,,0.009765625,0.001220703125,2180,0.0005538039696103125,32,0.0005538039696103125,0,0.0005538039696103125,0.0005538039696103125,0.0005538039696103125,83:0.0021295095049113366;83:0.0021295095049113366;85:0.03138313379037344;85:0.03138313379037344,83:68;83:68;85:68;85:68,83:0.0027228587092688883;83:0.0027228587092688883;85:0.030887592742886383;85:0.030887592742886383,0.0047607421875,0.001220703125,Yes,ibm_kingston,2026-09-25 17:44:04+05:00
85,224.13602251621927,125.0446300506438,0.0130615234375,,0.012939453125,0.01318359375,2180,0.0005362245143602822,32,0.0005362245143602822,0,0.0005362245143602822,0.0005362245143602822,0.0005362245143602822,77:0.004778705312178555;77:0.004778705312178555;86:0.041060884916877816;86:0.041060884916877816;84:0.03138313379037344;84:0.03138313379037344,77:68;77:68;86:68;86:68;84:68;84:68,77:0.004745221049793413;77:0.004745221049793413;86:0.02085060644184694;86:0.02085060644184694;84:0.030887592742886383;84:0.030887592742886383,0.0130615234375,0.01318359375,Yes,ibm_kingston,2026-09-25 17:44:04+05:00
86,127.47895107822615,20.592290584307104,0.0316162109375,,0.0234375,0.039794921875,2180,0.00035765703730836754,32,0.00035765703730836754,0,0.00035765703730836754,0.00035765703730836754,0.00035765703730836754,85:0.041060884916877816;85:0.041060884916877816;87:0.05568665509203019;87:0.05568665509203019,85:68;85:68;87:68;87:68,85:0.02085060644184694;85:0.02085060644184694;87:0.022752618645690448;87:0.022752618645690448,0.0316162109375,0.039794921875,Yes,ibm_kingston,2026-09-25 17:44:04+05:00
87,91.22447646657348,50.25908511255039,0.0062255859375,,0.01220703125,0.000244140625,2180,0.0003253100035195505,32,0.0003253100035195505,0,0.0003253100035195505,0.0003253100035195505,0.0003253100035195505,86:0.05568665509203019;86:0.05568665509203019;88:0.002667799962261269;88:0.002667799962261269;97:0.001954441206836993;97:0.001954441206836993,86:68;86:68;88:68;88:68;97:68;97:68,86:0.022752618645690448;86:0.022752618645690448;88:0.0031732287672013026;88:0.0031732287672013026;97:0.0020753961938042853;97:0.0020753961938042853,0.0062255859375,0.000244140625,Yes,ibm_kingston,2026-09-25 17:44:04+05:00
88,174.94780172576975,19.07132728760448,0.0037841796875,,0.00732421875,0.000244140625,2180,0.000482082221198598,32,0.000482082221198598,0,0.000482082221198598,0.000482082221198598,0.000482082221198598,87:0.002667799962261269;87:0.002667799962261269;89:0.0021085579488677453;89:0.0021085579488677453,87:68;87:68;89:68;89:68,87:0.0031732287672013026;87:0.0031732287672013026;89:0.001511353274126076;89:0.001511353274126076,0.0037841796875,0.000244140625,Yes,ibm_kingston,2026-09-25 17:44:04+05:00
89,322.31193069304413,199.0192581157731,0.020263671875,,0.0400390625,0.00048828125,2180,0.00031145343995533025,32,0.00031145343995533025,0,0.00031145343995533025,0.00031145343995533025,0.00031145343995533025,90:0.001145510464511168;90:0.001145510464511168;88:0.0021085579488677453;88:0.0021085579488677453;78:0.002227825282868412;78:0.002227825282868412,90:68;90:68;88:68;88:68;78:68;78:68,90:0.001399473353498687;90:0.001399473353498687;88:0.001511353274126076;88:0.001511353274126076;78:0.0014896421670769766;78:0.0014896421670769766,0.020263671875,0.00048828125,Yes,ibm_kingston,2026-09-25 17:44:04+05:00
90,222.31072701870616,189.18246677694538,0.0067138671875,,0.010986328125,0.00244140625,2180,0.0001841720769576868,32,0.0001841720769576868,0,0.0001841720769576868,0.0001841720769576868,0.0001841720769576868,89:0.001145510464511168;89:0.001145510464511168;91:0.0018367345553223224;91:0.0018367345553223224,89:68;89:68;91:68;91:68,89:0.001399473353498687;89:0.001399473353498687;91:0.002338309748820655;91:0.002338309748820655,0.0067138671875,0.00244140625,Yes,ibm_kingston,2026-09-25 17:44:04+05:00
91,276.33359190171365,108.55443040383304,0.0035400390625,,0.00537109375,0.001708984375,2180,0.00038929994979811317,32,0.00038929994979811317,0,0.00038929994979811317,0.00038929994979811317,0.00038929994979811317,98:0.0026724565753147578;98:0.0026724565753147578;90:0.0018367345553223224;90:0.0018367345553223224;92:0.0017819075591737066;92:0.0017819075591737066,98:68;98:68;90:68;90:68;92:68;92:68,98:0.0013043642966449331;98:0.0013043642966449331;90:0.002338309748820655;90:0.002338309748820655;92:0.002261191814937974;92:0.002261191814937974,0.0035400390625,0.001708984375,Yes,ibm_kingston,2026-09-25 17:44:04+05:00
92,359.26008558618344,367.0527173327602,0.0201416015625,,0.021240234375,0.01904296875,2180,0.00018944052713459883,32,0.00018944052713459883,0,0.00018944052713459883,0.00018944052713459883,0.00018944052713459883,91:0.0017819075591737066;91:0.0017819075591737066;93:0.0015714834079538498;93:0.0015714834079538498,91:68;91:68;93:68;93:68,91:0.002261191814937974;91:0.002261191814937974;93:0.002843309998543292;93:0.002843309998543292,0.0201416015625,0.01904296875,Yes,ibm_kingston,2026-09-25 17:44:04+05:00
93,240.19038457845178,112.72364760828626,0.00341796875,,0.005859375,0.0009765625,2180,0.0002846335829568264,32,0.0002846335829568264,0,0.0002846335829568264,0.0002846335829568264,0.0002846335829568264,94:0.0015464193395513526;94:0.0015464193395513526;79:0.0013504352049106272;79:0.0013504352049106272;92:0.0015714834079538498;92:0.0015714834079538498,94:68;94:68;79:68;79:68;92:68;92:68,94:0.001094086810601247;94:0.001094086810601247;79:0.0010415253521574852;79:0.0010415253521574852;92:0.002843309998543292;92:0.002843309998543292,0.00341796875,0.0009765625,Yes,ibm_kingston,2026-09-25 17:44:04+05:00
94,286.66388909571253,222.42056439978273,0.018310546875,,0.0283203125,0.00830078125,2180,0.0002508177501503682,32,0.0002508177501503682,0,0.0002508177501503682,0.0002508177501503682,0.0002508177501503682,93:0.0015464193395513526;93:0.0015464193395513526;95:0.002186535388443711;95:0.002186535388443711,93:68;93:68;95:68;95:68,93:0.001094086810601247;93:0.001094086810601247;95:0.0010894049025401698;95:0.0010894049025401698,0.018310546875,0.00830078125,Yes,ibm_kingston,2026-09-25 17:44:04+05:00
95,262.6401260628274,260.9362480743509,0.0560302734375,,0.064453125,0.047607421875,2180,0.0003768560871726467,32,0.0003768560871726467,0,0.0003768560871726467,0.0003768560871726467,0.0003768560871726467,99:0.002930121253883977;99:0.002930121253883977;94:0.002186535388443711;94:0.002186535388443711,99:68;99:68;94:68;94:68,99:0.0021483895668779895;99:0.0021483895668779895;94:0.0010894049025401698;94:0.0010894049025401698,0.0560302734375,0.047607421875,Yes,ibm_kingston,2026-09-25 17:44:04+05:00
96,124.72702404867972,112.68427538403758,0.0198974609375,,0.019775390625,0.02001953125,2180,0.00014739011820357766,32,0.00014739011820357766,0,0.00014739011820357766,0.00014739011820357766,0.00014739011820357766,83:0.0013769410708087682;83:0.0013769410708087682;103:0.0011290836674205107;103:0.0011290836674205107,83:68;83:68;103:68;103:68,83:0.0014890026714487747;83:0.0014890026714487747;103:0.0013517281679830684;103:0.0013517281679830684,0.0198974609375,0.02001953125,Yes,ibm_kingston,2026-09-25 17:44:04+05:00
97,196.11883361265112,84.06765186771003,0.00927734375,,0.01025390625,0.00830078125,2180,0.00034107630045379053,32,0.00034107630045379053,0,0.00034107630045379053,0.00034107630045379053,0.00034107630045379053,87:0.001954441206836993;87:0.001954441206836993;107:0.0017198954032062175;107:0.0017198954032062175,87:68;87:68;107:68;107:68,87:0.0020753961938042853;87:0.0020753961938042853;107:0.0025230253803948943;107:0.0025230253803948943,0.00927734375,0.00830078125,Yes,ibm_kingston,2026-09-25 17:44:04+05:00
98,173.8708106088566,62.891663299948014,0.005859375,,0.00732421875,0.00439453125,2180,0.00031494141793471316,32,0.00031494141793471316,0,0.00031494141793471316,0.00031494141793471316,0.00031494141793471316,91:0.0026724565753147578;91:0.0026724565753147578;111:0.0025870845926995734;111:0.0025870845926995734,91:68;91:68;111:68;111:68,91:0.0013043642966449331;91:0.0013043642966449331;111:0.001417526289825527;111:0.001417526289825527,0.005859375,0.00439453125,Yes,ibm_kingston,2026-09-25 17:44:04+05:00
99,42.11282488211845,49.372179248954616,0.0272216796875,,0.048828125,0.005615234375,2180,0.00023786197554008073,32,0.00023786197554008073,0,0.00023786197554008073,0.00023786197554008073,0.00023786197554008073,115:0.004742828456404502;115:0.004742828456404502;95:0.002930121253883977;95:0.002930121253883977,115:68;115:68;95:68;95:68,115:0.0036232128799998653;115:0.0036232128799998653;95:0.0021483895668779895;95:0.0021483895668779895,0.0272216796875,0.005615234375,Yes,ibm_kingston,2026-09-25 17:44:04+05:00
100,146.52492500808683,181.73797045684788,0.013427734375,,0.014404296875,0.012451171875,2180,0.0004556047034294442,32,0.0004556047034294442,0,0.0004556047034294442,0.0004556047034294442,0.0004556047034294442,101:0.001454339878303318;101:0.001454339878303318,101:68;101:68,101:0.0019767754230909096;101:0.0019767754230909096,0.013427734375,0.012451171875,Yes,ibm_kingston,2026-09-25 17:44:04+05:00
101,350.59737431042805,235.7720906745706,0.0133056640625,,0.02099609375,0.01123046875,2180,0.00011579069636321559,32,0.00011579069636321559,0,0.00011579069636321559,0.00011579069636321559,0.00011579069636321559,100:0.001454339878303318;100:0.001454339878303318;116:0.0011451473804542645;116:0.0011451473804542645;102:0.0010453904531627367;102:0.0010453904531627367,100:68;100:68;116:68;116:68;102:68;102:68,100:0.0019767754230909096;100:0.0019767754230909096;116:0.001599289188206815;116:0.001599289188206815;102:0.0023451947946791785;102:0.0023451947946791785,0.0133056640625,0.01123046875,Yes,ibm_kingston,2026-09-25 17:44:04+05:00
102,237.74706550133797,187.58377402626766,0.0181884765625,,0.02880859375,0.007568359375,2180,0.0002137879671138734,32,0.0002137879671138734,0,0.0002137879671138734,0.0002137879671138734,0.0002137879671138734,101:0.0010453904531627367;101:0.0010453904531627367;103:0.010250887049983004;103:0.010250887049983004,101:68;101:68;103:68;103:68,101:0.0023451947946791785;101:0.0023451947946791785;103:0.005385004364186485;103:0.005385004364186485,0.0181884765625,0.007568359375,Yes,ibm_kingston,2026-09-25 17:44:04+05:00
103,179.96030202963854,105.51665978045298,0.01806640625,,0.02978515625,0.00634765625,2180,0.00016293269522709198,32,0.00016293269522709198,0,0.00016293269522709198,0.00016293269522709198,0.00016293269522709198,104:0.0027256109664971773;104:0.0027256109664971773;96:0.0011290836674205107;96:0.0011290836674205107;102:0.010250887049983004;102:0.010250887049983004,104:68;104:68;96:68;96:68;102:68;102:68,104:0.0010839634391292263;104:0.0010839634391292263;96:0.0013517281679830684;96:0.0013517281679830684;102:0.005385004364186485;102:0.005385004364186485,0.01806640625,0.00634765625,Yes,ibm_kingston,2026-09-25 17:44:04+05:00
104,137.65472192147942,202.96381976433662,0.0157470703125,,0.023193359375,0.00830078125,2180,0.0006778559955762235,32,0.0006778559955762235,0,0.0006778559955762235,0.0006778559955762235,0.0006778559955762235,103:0.0027256109664971773;103:0.0027256109664971773;105:0.0019568758789739737;105:0.0019568758789739737,103:68;103:68;105:68;105:68,103:0.0010839634391292263;103:0.0010839634391292263;105:0.0013115215227338939;105:0.0013115215227338939,0.0157470703125,0.00830078125,Yes,ibm_kingston,2026-09-25 17:44:04+05:00
105,198.59843585968744,204.17649313655033,0.004638671875,,0.0087890625,0.00048828125,2180,0.0003447584958902482,32,0.0003447584958902482,0,0.0003447584958902482,0.0003447584958902482,0.0003447584958902482,104:0.0019568758789739737;104:0.0019568758789739737;106:0.001519856660722435;106:0.001519856660722435;117:0.001125281525696381;117:0.001125281525696381,104:68;104:68;106:68;106:68;117:68;117:68,104:0.0013115215227338939;104:0.0013115215227338939;106:0.001285835161497717;106:0.001285835161497717;117:0.001005152018103861;117:0.001005152018103861,0.004638671875,0.00048828125,Yes,ibm_kingston,2026-09-25 17:44:04+05:00
106,94.19216852811965,108.57364352690205,0.0272216796875,,0.050048828125,0.00439453125,2180,0.00031095848863274745,32,0.00031095848863274745,0,0.00031095848863274745,0.00031095848863274745,0.00031095848863274745,107:0.0013373865886938396;107:0.0013373865886938396;105:0.001519856660722435;105:0.001519856660722435,107:68;107:68;105:68;105:68,107:0.0027461973607229018;107:0.0027461973607229018;105:0.001285835161497717;105:0.001285835161497717,0.0272216796875,0.00439453125,Yes,ibm_kingston,2026-09-25 17:44:04+05:00
107,253.73815091349041,267.30641481696046,0.15673828125,,0.3115234375,0.001953125,2180,0.00021739064773295357,32,0.00021739064773295357,0,0.00021739064773295357,0.00021739064773295357,0.00021739064773295357,106:0.0013373865886938396;106:0.0013373865886938396;108:0.0018219988746604743;108:0.0018219988746604743;97:0.0017198954032062175;97:0.0017198954032062175,106:68;106:68;108:68;108:68;97:68;97:68,106:0.0027461973607229018;106:0.0027461973607229018;108:0.002408345876026341;108:0.002408345876026341;97:0.0025230253803948943;97:0.0025230253803948943,0.15673828125,0.001953125,Yes,ibm_kingston,2026-09-25 17:44:04+05:00
108,177.60759777388432,154.36509912951442,0.0057373046875,,0.0087890625,0.002685546875,2180,0.0005480539626902844,32,0.0005480539626902844,0,0.0005480539626902844,0.0005480539626902844,0.0005480539626902844,107:0.0018219988746604743;107:0.0018219988746604743;109:0.001670827667539787;109:0.001670827667539787,107:68;107:68;109:68;109:68,107:0.002408345876026341;107:0.002408345876026341;109:0.0013168313924991903;109:0.0013168313924991903,0.0057373046875,0.002685546875,Yes,ibm_kingston,2026-09-25 17:44:04+05:00
109,169.93289507836346,171.36006254425394,0.0037841796875,,0.00634765625,0.001220703125,2180,0.00023356953504440536,32,0.00023356953504440536,0,0.00023356953504440536,0.00023356953504440536,0.00023356953504440536,108:0.001670827667539787;108:0.001670827667539787;110:0.0019175374862072103;110:0.0019175374862072103;118:0.0026853179713861586;118:0.0026853179713861586,108:68;108:68;110:68;110:68;118:68;118:68,108:0.0013168313924991903;108:0.0013168313924991903;110:0.0012516699733566283;110:0.0012516699733566283;118:0.0023741689384216003;118:0.0023741689384216003,0.0037841796875,0.001220703125,Yes,ibm_kingston,2026-09-25 17:44:04+05:00
110,164.48661823177295,108.29661482010289,0.0037841796875,,0.006103515625,0.00146484375,2180,0.0003480078323197801,32,0.0003480078323197801,0,0.0003480078323197801,0.0003480078323197801,0.0003480078323197801,109:0.0019175374862072103;109:0.0019175374862072103;111:0.0052377515614288606;111:0.0052377515614288606,109:68;109:68;111:68;111:68,109:0.0012516699733566283;109:0.0012516699733566283;111:0.0014027474225498104;111:0.0014027474225498104,0.0037841796875,0.00146484375,Yes,ibm_kingston,2026-09-25 17:44:04+05:00
111,224.81815677515598,175.01082208111,0.010498046875,,0.0166015625,0.00439453125,2180,0.00017775557561836052,32,0.00017775557561836052,0,0.00017775557561836052,0.00017775557561836052,0.00017775557561836052,112:0.1759938398063207;112:0.1759938398063207;110:0.0052377515614288606;110:0.0052377515614288606;98:0.0025870845926995734;98:0.0025870845926995734,112:68;112:68;110:68;110:68;98:68;98:68,112:1;112:1;110:0.0014027474225498104;110:0.0014027474225498104;98:0.001417526289825527;98:0.001417526289825527,0.010498046875,0.00439453125,Yes,ibm_kingston,2026-09-25 17:44:04+05:00
112,167.65333426427654,177.1059680295982,0.042724609375,,0.066650390625,0.018798828125,2180,0.013926879349709419,32,0.013926879349709419,0,0.013926879349709419,0.013926879349709419,0.013926879349709419,111:0.1759938398063207;111:0.1759938398063207;113:1;113:1,111:68;111:68;113:68;113:68,111:1;111:1;113:1;113:1,0.042724609375,0.018798828125,Yes,ibm_kingston,2026-09-25 17:44:04+05:00
113,157.06923716076514,82.83628737592521,0.1541748046875,,0.216552734375,0.091796875,2180,1,32,1,0,1,1,1,119:0.0037078559166310587;119:0.0037078559166310587;112:1;112:1;114:0.0023661233360660894;114:0.0023661233360660894,119:68;119:68;112:68;112:68;114:68;114:68,119:0.00346026424370377;119:0.00346026424370377;112:1;112:1;114:0.007449515909658949;114:0.007449515909658949,0.1541748046875,0.091796875,Yes,ibm_kingston,2026-09-25 17:44:04+05:00
114,150.53631338945746,47.91127750630737,0.016845703125,,0.01708984375,0.0166015625,2180,0.0001800153854341049,32,0.0001800153854341049,0,0.0001800153854341049,0.0001800153854341049,0.0001800153854341049,115:0.004907572119703801;115:0.004907572119703801;113:0.0023661233360660894;113:0.0023661233360660894,115:68;115:68;113:68;113:68,115:0.004049030439960716;115:0.004049030439960716;113:0.007449515909658949;113:0.007449515909658949,0.016845703125,0.0166015625,Yes,ibm_kingston,2026-09-25 17:44:04+05:00
115,301.64976057429624,17.040727018872598,0.009765625,,0.01171875,0.0078125,2180,0.00020059463930103744,32,0.00020059463930103744,0,0.00020059463930103744,0.00020059463930103744,0.00020059463930103744,99:0.004742828456404502;99:0.004742828456404502;114:0.004907572119703801;114:0.004907572119703801,99:68;99:68;114:68;114:68,99:0.0036232128799998653;99:0.0036232128799998653;114:0.004049030439960716;114:0.004049030439960716,0.009765625,0.0078125,Yes,ibm_kingston,2026-09-25 17:44:04+05:00
116,151.0679183002918,172.31955467819827,0.026611328125,,0.02685546875,0.0263671875,2180,0.0002522556632163705,32,0.0002522556632163705,0,0.0002522556632163705,0.0002522556632163705,0.0002522556632163705,101:0.0011451473804542645;101:0.0011451473804542645;121:0.07102312477713951;121:0.07102312477713951,101:68;101:68;121:68;121:68,101:0.001599289188206815;101:0.001599289188206815;121:0.07235876605078154;121:0.07235876605078154,0.026611328125,0.0263671875,Yes,ibm_kingston,2026-09-25 17:44:04+05:00
117,236.4115388292859,175.11889143450801,0.0047607421875,,0.007568359375,0.001953125,2180,0.0001485430342120595,32,0.0001485430342120595,0,0.0001485430342120595,0.0001485430342120595,0.0001485430342120595,105:0.001125281525696381;105:0.001125281525696381;125:0.0012222814119276226;125:0.0012222814119276226,105:68;105:68;125:68;125:68,105:0.001005152018103861;105:0.001005152018103861;125:0.001993947336884322;125:0.001993947336884322,0.0047607421875,0.001953125,Yes,ibm_kingston,2026-09-25 17:44:04+05:00
118,48.71205571577712,41.79037640280808,0.005859375,,0.00244140625,0.0029296875,2180,0.0003314901351227242,32,0.0003314901351227242,0,0.0003314901351227242,0.0003314901351227242,0.0003314901351227242,109:0.0026853179713861586;109:0.0026853179713861586;129:0.0020917466450097455;129:0.0020917466450097455,109:68;109:68;129:68;129:68,109:0.0023741689384216003;109:0.0023741689384216003;129:0.0019124848887936696;129:0.0019124848887936696,0.005859375,0.0029296875,Yes,ibm_kingston,2026-09-25 17:44:04+05:00
119,193.05974789726844,180.82599139798876,0.010009765625,,0.01416015625,0.005859375,2180,0.0007704646845393326,32,0.0007704646845393326,0,0.0007704646845393326,0.0007704646845393326,0.0007704646845393326,113:0.0037078559166310587;113:0.0037078559166310587;133:0.03203403960755197;133:0.03203403960755197,113:68;113:68;133:68;133:68,113:0.00346026424370377;113:0.00346026424370377;133:0.040982856761317354;133:0.040982856761317354,0.010009765625,0.005859375,Yes,ibm_kingston,2026-09-25 17:44:04+05:00
120,137.50715021593007,123.49870130386037,0.0235595703125,,0.044921875,0.002197265625,2180,0.0016546559960992878,32,0.0016546559960992878,0,0.0016546559960992878,0.0016546559960992878,0.0016546559960992878,121:0.18021993824425456;121:0.18021993824425456,121:68;121:68,121:0.13431193472717073;121:0.13431193472717073,0.0235595703125,0.002197265625,Yes,ibm_kingston,2026-09-25 17:44:04+05:00
121,8.897378048863132,25.636631187774977,0.2613525390625,,0.284912109375,0.23779296875,2180,1,32,1,0,1,1,1,120:0.18021993824425456;120:0.18021993824425456;122:0.04914454984337499;122:0.04914454984337499;116:0.07102312477713951;116:0.07102312477713951,120:68;120:68;122:68;122:68;116:68;116:68,120:0.13431193472717073;120:0.13431193472717073;122:0.06791796034125167;122:0.06791796034125167;116:0.07235876605078154;116:0.07235876605078154,0.2613525390625,0.23779296875,Yes,ibm_kingston,2026-09-25 17:44:04+05:00
122,133.86477529464534,104.43056645549756,0.0047607421875,,0.008544921875,0.0009765625,2180,0.00017273200608045443,32,0.00017273200608045443,0,0.00017273200608045443,0.00017273200608045443,0.00017273200608045443,121:0.04914454984337499;121:0.04914454984337499;123:0.0011034943301009015;123:0.0011034943301009015,121:68;121:68;123:68;123:68,121:0.06791796034125167;121:0.06791796034125167;123:0.0014847460400738977;123:0.0014847460400738977,0.0047607421875,0.0009765625,Yes,ibm_kingston,2026-09-25 17:44:04+05:00
123,240.03920308244858,24.725298131505195,0.013671875,,0.015380859375,0.011962890625,2180,0.000262904515565768,32,0.000262904515565768,0,0.000262904515565768,0.000262904515565768,0.000262904515565768,136:0.0015788943431038205;136:0.0015788943431038205;124:0.001451363886071838;124:0.001451363886071838;122:0.0011034943301009015;122:0.0011034943301009015,136:68;136:68;124:68;124:68;122:68;122:68,136:0.0011824506210641461;136:0.0011824506210641461;124:0.001734277536448059;124:0.001734277536448059;122:0.0014847460400738977;122:0.0014847460400738977,0.013671875,0.011962890625,Yes,ibm_kingston,2026-09-25 17:44:04+05:00
124,242.66378060453133,148.96983111457263,0.0147705078125,,0.025634765625,0.00390625,2180,0.000323244243755721,32,0.000323244243755721,0,0.000323244243755721,0.000323244243755721,0.000323244243755721,123:0.001451363886071838;123:0.001451363886071838;125:0.0015711376357226692;125:0.0015711376357226692,123:68;123:68;125:68;125:68,123:0.001734277536448059;123:0.001734277536448059;125:0.0025086749298383615;125:0.0025086749298383615,0.0147705078125,0.00390625,Yes,ibm_kingston,2026-09-25 17:44:04+05:00
125,331.12606651354395,405.9770680729806,0.026123046875,,0.047119140625,0.005126953125,2180,0.00044287520247445475,32,0.00044287520247445475,0,0.00044287520247445475,0.00044287520247445475,0.00044287520247445475,117:0.0012222814119276226;117:0.0012222814119276226;124:0.0015711376357226692;124:0.0015711376357226692;126:0.001267409249280621;126:0.001267409249280621,117:68;117:68;124:68;124:68;126:68;126:68,117:0.001993947336884322;117:0.001993947336884322;124:0.0025086749298383615;124:0.0025086749298383615;126:0.001276917979264769;126:0.001276917979264769,0.026123046875,0.005126953125,Yes,ibm_kingston,2026-09-25 17:44:04+05:00
126,150.1683637814652,189.91629269863435,0.0084228515625,,0.010986328125,0.005859375,2180,0.0005026975957550349,32,0.0005026975957550349,0,0.0005026975957550349,0.0005026975957550349,0.0005026975957550349,127:0.0013004394257037644;127:0.0013004394257037644;125:0.001267409249280621;125:0.001267409249280621,127:68;127:68;125:68;125:68,127:0.0013393642621644941;127:0.0013393642621644941;125:0.001276917979264769;125:0.001276917979264769,0.0084228515625,0.005859375,Yes,ibm_kingston,2026-09-25 17:44:04+05:00
127,273.4243113145462,289.087197813833,0.0455322265625,,0.04296875,0.048095703125,2180,0.00038690360421909345,32,0.00038690360421909345,0,0.00038690360421909345,0.00038690360421909345,0.00038690360421909345,126:0.0013004394257037644;126:0.0013004394257037644;128:0.0027820157902820053;128:0.0027820157902820053;137:0.0015641629491050801;137:0.0015641629491050801,126:68;126:68;128:68;128:68;137:68;137:68,126:0.0013393642621644941;126:0.0013393642621644941;128:0.0020369032366206463;128:0.0020369032366206463;137:0.0011526727992478836;137:0.0011526727992478836,0.0455322265625,0.048095703125,Yes,ibm_kingston,2026-09-25 17:44:04+05:00
128,179.24617753298594,57.91829605277834,0.011962890625,,0.02197265625,0.001953125,2180,0.00020100166187554127,32,0.00020100166187554127,0,0.00020100166187554127,0.00020100166187554127,0.00020100166187554127,127:0.0027820157902820053;127:0.0027820157902820053;129:0.0017253093328495617;129:0.0017253093328495617,127:68;127:68;129:68;129:68,127:0.0020369032366206463;127:0.0020369032366206463;129:0.0026569149750959864;129:0.0026569149750959864,0.011962890625,0.001953125,Yes,ibm_kingston,2026-09-25 17:44:04+05:00
129,183.7077415583282,123.4834929881909,0.007568359375,,0.007568359375,0.007568359375,2180,0.00023763631441266322,32,0.00023763631441266322,0,0.00023763631441266322,0.00023763631441266322,0.00023763631441266322,130:0.005375845068716578;130:0.005375845068716578;128:0.0017253093328495617;128:0.0017253093328495617;118:0.0020917466450097455;118:0.0020917466450097455,130:68;130:68;128:68;128:68;118:68;118:68,130:0.004768773032553381;130:0.004768773032553381;128:0.0026569149750959864;128:0.0026569149750959864;118:0.0019124848887936696;118:0.0019124848887936696,0.007568359375,0.007568359375,Yes,ibm_kingston,2026-09-25 17:44:04+05:00
130,166.67995697584792,144.03448664694568,0.02294921875,,0.0390625,0.0068359375,2180,0.00030578401481053965,32,0.00030578401481053965,0,0.00030578401481053965,0.00030578401481053965,0.00030578401481053965,129:0.005375845068716578;129:0.005375845068716578;131:1;131:1,129:68;129:68;131:68;131:68,129:0.004768773032553381;129:0.004768773032553381;131:1;131:1,0.02294921875,0.0068359375,Yes,ibm_kingston,2026-09-25 17:44:04+05:00
131,60.33608703062646,46.19615968610437,0.0897216796875,,0.077880859375,0.1015625,2180,0.008988141136989114,32,0.008988141136989114,0,0.008988141136989114,0.008988141136989114,0.008988141136989114,138:0.02172891203696864;138:0.02172891203696864;130:1;130:1;132:0.025389081320787266;132:0.025389081320787266,138:68;138:68;130:68;130:68;132:68;132:68,138:0.027863253907534496;138:0.027863253907534496;130:1;130:1;132:0.015237204818961875;132:0.015237204818961875,0.0897216796875,0.1015625,Yes,ibm_kingston,2026-09-25 17:44:04+05:00
132,247.9039708867533,266.2267098591316,0.0076904296875,,0.01025390625,0.005126953125,2180,0.00019711285625142325,32,0.00019711285625142325,0,0.00019711285625142325,0.00019711285625142325,0.00019711285625142325,133:0.0030080783136741673;133:0.0030080783136741673;131:0.025389081320787266;131:0.025389081320787266,133:68;133:68;131:68;131:68,133:0.0018301960207883494;133:0.0018301960207883494;131:0.015237204818961875;131:0.015237204818961875,0.0076904296875,0.005126953125,Yes,ibm_kingston,2026-09-25 17:44:04+05:00
133,209.0970299708067,135.69835732297878,0.004638671875,,0.008544921875,0.000732421875,2180,0.0003401515453252049,32,0.0003401515453252049,0,0.0003401515453252049,0.0003401515453252049,0.0003401515453252049,132:0.0030080783136741673;132:0.0030080783136741673;134:0.002215491427750682;134:0.002215491427750682;119:0.03203403960755197;119:0.03203403960755197,132:68;132:68;134:68;134:68;119:68;119:68,132:0.0018301960207883494;132:0.0018301960207883494;134:0.0015262243105813311;134:0.0015262243105813311;119:0.040982856761317354;119:0.040982856761317354,0.004638671875,0.000732421875,Yes,ibm_kingston,2026-09-25 17:44:04+05:00
134,247.46088566654484,138.45306277219441,0.00439453125,,0.00732421875,0.00146484375,2180,0.00019841107207135188,32,0.00019841107207135188,0,0.00019841107207135188,0.00019841107207135188,0.00019841107207135188,133:0.002215491427750682;133:0.002215491427750682;135:0.002217284174779177;135:0.002217284174779177,133:68;133:68;135:68;135:68,133:0.0015262243105813311;133:0.0015262243105813311;135:0.002217698726964923;135:0.002217698726964923,0.00439453125,0.00146484375,Yes,ibm_kingston,2026-09-25 17:44:04+05:00
135,76.64356028129589,81.54538653836565,0.0177001953125,,0.02685546875,0.01171875,2180,0.0005716096297866763,32,0.0005716096297866763,0,0.0005716096297866763,0.0005716096297866763,0.0005716096297866763,134:0.002217284174779177;134:0.002217284174779177;139:0.0020736106133690257;139:0.0020736106133690257,134:68;134:68;139:68;139:68,134:0.002217698726964923;134:0.002217698726964923;139:0.0021209565048930235;139:0.0021209565048930235,0.0177001953125,0.01171875,Yes,ibm_kingston,2026-09-25 17:44:04+05:00
136,206.04405918708923,308.38882649332646,0.0068359375,,0.009765625,0.00390625,2180,0.0003233153014879442,32,0.0003233153014879442,0,0.0003233153014879442,0.0003233153014879442,0.0003233153014879442,123:0.0015788943431038205;123:0.0015788943431038205;143:0.0018597520153425529;143:0.0018597520153425529,123:68;123:68;143:68;143:68,123:0.0011824506210641461;123:0.0011824506210641461;143:0.0024611832652341736;143:0.0024611832652341736,0.0068359375,0.00390625,Yes,ibm_kingston,2026-09-25 17:44:04+05:00
137,73.18885555042101,20.798574531948734,0.00634765625,,0.011474609375,0.001220703125,2180,0.0003061166369320052,32,0.0003061166369320052,0,0.0003061166369320052,0.0003061166369320052,0.0003061166369320052,147:0.0030028142644735467;147:0.0030028142644735467;127:0.0015641629491050801;127:0.0015641629491050801,147:68;147:68;127:68;127:68,147:0.0023798369286150423;147:0.0023798369286150423;127:0.0011526727992478836;127:0.0011526727992478836,0.00634765625,0.001220703125,Yes,ibm_kingston,2026-09-25 17:44:04+05:00
138,288.95762654209426,92.30091145784539,0.010498046875,,0.01416015625,0.0068359375,2180,0.00015252325816564983,32,0.00015252325816564983,0,0.00015252325816564983,0.00015252325816564983,0.00015252325816564983,151:0.0014398495363554809;151:0.0014398495363554809;131:0.02172891203696864;131:0.02172891203696864,151:80;151:80;131:68;131:68,151:0.0014264217862403339;151:0.0014264217862403339;131:0.027863253907534496;131:0.027863253907534496,0.010498046875,0.0068359375,Yes,ibm_kingston,2026-09-25 17:44:04+05:00
139,238.7546103186292,13.777581873319301,0.0181884765625,,0.017578125,0.018798828125,2180,0.0002541229220175606,32,0.0002541229220175606,0,0.0002541229220175606,0.0002541229220175606,0.0002541229220175606,155:0.006699488873470827;155:0.006699488873470827;135:0.0020736106133690257;135:0.0020736106133690257,155:68;155:68;135:68;135:68,155:0.003584745721497501;155:0.003584745721497501;135:0.0021209565048930235;135:0.0021209565048930235,0.0181884765625,0.018798828125,Yes,ibm_kingston,2026-09-25 17:44:04+05:00
140,269.1560050601448,420.7300882740071,0.0079345703125,,0.01025390625,0.005615234375,2180,0.0002046179318736445,32,0.0002046179318736445,0,0.0002046179318736445,0.0002046179318736445,0.0002046179318736445,141:0.0013474466447316313;141:0.0013474466447316313,141:68;141:68,141:0.0013021307819036099;141:0.0013021307819036099,0.0079345703125,0.005615234375,Yes,ibm_kingston,2026-09-25 17:44:04+05:00
141,154.25690451012207,139.33884535027818,0.0069580078125,,0.009521484375,0.00439453125,2180,0.0002302801025770044,32,0.0002302801025770044,0,0.0002302801025770044,0.0002302801025770044,0.0002302801025770044,140:0.0013474466447316313;140:0.0013474466447316313;142:0.001167723445781449;142:0.001167723445781449,140:68;140:68;142:68;142:68,140:0.0013021307819036099;140:0.0013021307819036099;142:0.0015088814236680903;142:0.0015088814236680903,0.0069580078125,0.00439453125,Yes,ibm_kingston,2026-09-25 17:44:04+05:00
142,265.7880443843555,205.2512074974244,0.01123046875,,0.01513671875,0.00732421875,2180,0.0001704745286386743,32,0.0001704745286386743,0,0.0001704745286386743,0.0001704745286386743,0.0001704745286386743,143:0.0015773786144140933;143:0.0015773786144140933;141:0.001167723445781449;141:0.001167723445781449,143:68;143:68;141:68;141:68,143:0.0012850665653731386;143:0.0012850665653731386;141:0.0015088814236680903;141:0.0015088814236680903,0.01123046875,0.00732421875,Yes,ibm_kingston,2026-09-25 17:44:04+05:00
143,314.133701280402,45.77223603546686,0.0048828125,,0.00830078125,0.00146484375,2180,0.00016895884383222193,32,0.00016895884383222193,0,0.00016895884383222193,0.00016895884383222193,0.00016895884383222193,142:0.0015773786144140933;142:0.0015773786144140933;144:0.0016291308558717688;144:0.0016291308558717688;136:0.0018597520153425529;136:0.0018597520153425529,142:68;142:68;144:68;144:68;136:68;136:68,142:0.0012850665653731386;142:0.0012850665653731386;144:0.0012699386286106895;144:0.0012699386286106895;136:0.0024611832652341736;136:0.0024611832652341736,0.0048828125,0.00146484375,Yes,ibm_kingston,2026-09-25 17:44:04+05:00
144,173.7919511931964,287.6171317915086,0.0054931640625,,0.006591796875,0.00439453125,2180,0.00014724693645779943,32,0.00014724693645779943,0,0.00014724693645779943,0.00014724693645779943,0.00014724693645779943,145:0.04499454545759046;145:0.04499454545759046;143:0.0016291308558717688;143:0.0016291308558717688,145:68;145:68;143:68;143:68,145:0.03908297552055176;145:0.03908297552055176;143:0.0012699386286106895;143:0.0012699386286106895,0.0054931640625,0.00439453125,Yes,ibm_kingston,2026-09-25 17:44:04+05:00
145,208.57376870291574,138.31895739361835,0.0123291015625,,0.01611328125,0.008544921875,2180,0.0010405541539796337,32,0.0010405541539796337,0,0.0010405541539796337,0.0010405541539796337,0.0010405541539796337,144:0.04499454545759046;144:0.04499454545759046;146:1;146:1,144:68;144:68;146:68;146:68,144:0.03908297552055176;144:0.03908297552055176;146:1;146:1,0.0123291015625,0.008544921875,Yes,ibm_kingston,2026-09-25 17:44:04+05:00
146,,,0.5052490234375,,0.512451171875,0.498046875,2180,1,32,1,0,1,1,1,145:1;145:1;147:1;147:1,145:68;145:68;147:68;147:68,145:1;145:1;147:1;147:1,0.5052490234375,0.498046875,Yes,ibm_kingston,2026-09-25 17:44:04+05:00
147,292.60292552354315,98.22832125229037,0.0037841796875,,0.006591796875,0.0009765625,2180,0.0013576243027514847,32,0.0013576243027514847,0,0.0013576243027514847,0.0013576243027514847,0.0013576243027514847,148:0.003314735055166579;148:0.003314735055166579;137:0.0030028142644735467;137:0.0030028142644735467;146:1;146:1,148:68;148:68;137:68;137:68;146:68;146:68,148:0.002862150697797272;148:0.002862150697797272;137:0.0023798369286150423;137:0.0023798369286150423;146:1;146:1,0.0037841796875,0.0009765625,Yes,ibm_kingston,2026-09-25 17:44:04+05:00
148,216.0286862136373,209.61150578757236,0.008544921875,,0.008544921875,0.008544921875,2180,0.00011104586848905202,32,0.00011104586848905202,0,0.00011104586848905202,0.00011104586848905202,0.00011104586848905202,147:0.003314735055166579;147:0.003314735055166579;149:0.0022415531221564033;149:0.0022415531221564033,147:68;147:68;149:68;149:68,147:0.002862150697797272;147:0.002862150697797272;149:0.001927226197003945;149:0.001927226197003945,0.008544921875,0.008544921875,Yes,ibm_kingston,2026-09-25 17:44:04+05:00
149,107.63609630215298,149.36541856052906,0.0037841796875,,0.005859375,0.001708984375,2180,0.0003990331699806987,32,0.0003990331699806987,0,0.0003990331699806987,0.0003990331699806987,0.0003990331699806987,150:0.0028451963548044024;150:0.0028451963548044024;148:0.0022415531221564033;148:0.0022415531221564033,150:68;150:68;148:68;148:68,150:0.0031940355546021537;150:0.0031940355546021537;148:0.001927226197003945;148:0.001927226197003945,0.0037841796875,0.001708984375,Yes,ibm_kingston,2026-09-25 17:44:04+05:00
150,274.0634739063546,262.54866125927754,0.00537109375,,0.00830078125,0.00244140625,2180,0.00024514791145499495,32,0.00024514791145499495,0,0.00024514791145499495,0.00024514791145499495,0.00024514791145499495,149:0.0028451963548044024;149:0.0028451963548044024;151:0.00233119044018662;151:0.00233119044018662,149:68;149:68;151:68;151:68,149:0.0031940355546021537;149:0.0031940355546021537;151:0.0015095439779097275;151:0.0015095439779097275,0.00537109375,0.00244140625,Yes,ibm_kingston,2026-09-25 17:44:04+05:00
151,251.07150451405874,180.34763851223434,0.005615234375,,0.0078125,0.00341796875,2180,0.00019278099029928703,32,0.00019278099029928703,0,0.00019278099029928703,0.00019278099029928703,0.00019278099029928703,138:0.0014398495363554809;138:0.0014398495363554809;152:0.0011560440058515087;152:0.0011560440058515087;150:0.00233119044018662;150:0.00233119044018662,138:80;138:80;152:68;152:68;150:68;150:68,138:0.0014264217862403339;138:0.0014264217862403339;152:0.0012121217316538868;152:0.0012121217316538868;150:0.0015095439779097275;150:0.0015095439779097275,0.005615234375,0.00341796875,Yes,ibm_kingston,2026-09-25 17:44:04+05:00
152,259.821992894846,115.2804886665535,0.0059814453125,,0.0107421875,0.002685546875,2180,0.0002051668937648599,32,0.0002051668937648599,0,0.0002051668937648599,0.0002051668937648599,0.0002051668937648599,151:0.0011560440058515087;151:0.0011560440058515087;153:0.0011293331706148657;153:0.0011293331706148657,151:68;151:68;153:68;153:68,151:0.0012121217316538868;151:0.0012121217316538868;153:0.0010217980139337612;153:0.0010217980139337612,0.0059814453125,0.002685546875,Yes,ibm_kingston,2026-09-25 17:44:04+05:00
153,325.7531077540473,246.5988855381789,0.0230712890625,,0.02978515625,0.016357421875,2180,0.0004164594453705232,32,0.0004164594453705232,0,0.0004164594453705232,0.0004164594453705232,0.0004164594453705232,152:0.0011293331706148657;152:0.0011293331706148657;154:0.00265019147585005;154:0.00265019147585005,152:68;152:68;154:68;154:68,152:0.0010217980139337612;152:0.0010217980139337612;154:0.0024246618332036673;154:0.0024246618332036673,0.0230712890625,0.016357421875,Yes,ibm_kingston,2026-09-25 17:44:04+05:00
154,166.06540370919376,112.90537980908726,0.0045166015625,,0.006103515625,0.0029296875,2180,0.00029971987612584564,32,0.00029971987612584564,0,0.00029971987612584564,0.00029971987612584564,0.00029971987612584564,153:0.00265019147585005;153:0.00265019147585005;155:0.0013426272679293305;155:0.0013426272679293305,153:68;153:68;155:68;155:68,153:0.0024246618332036673;153:0.0024246618332036673;155:0.0015495009999090814;155:0.0015495009999090814,0.0045166015625,0.0029296875,Yes,ibm_kingston,2026-09-25 17:44:04+05:00
155,258.90385814845786,277.6959395422673,0.006591796875,,0.010009765625,0.003173828125,2180,0.0002537508538378315,32,0.0002537508538378315,0,0.0002537508538378315,0.0002537508538378315,0.0002537508538378315,139:0.006699488873470827;139:0.006699488873470827;154:0.0013426272679293305;154:0.0013426272679293305,139:68;139:68;154:68;154:68,139:0.003584745721497501;139:0.003584745721497501;154:0.0015495009999090814;154:0.0015495009999090814,0.006591796875,0.003173828125,Yes,ibm_kingston,2026-09-25 17:44:04+05:00
0,336.4666395643966,468.7343078897478,0.009033203125,,0.012939453125,0.005126953125,2180,0.00036422703918566763,32,0.00036422703918566763,0,0.00036422703918566763,0.00036422703918566763,0.00036422703918566763,1:0.0007685550737635549;1:0.0007685550737635549,1:68;1:68,1:0.0009227235991412508;1:0.0009227235991412508,0.009033203125,0.005126953125,Yes,ibm_kingston,2026-09-25 16:56:35+05:00
1,280.9960053347357,321.25412437663687,0.0108642578125,,0.012451171875,0.00927734375,2180,0.00011410640506216502,32,0.00011410640506216502,0,0.00011410640506216502,0.00011410640506216502,0.00011410640506216502,2:0.0013713694058352932;2:0.0013713694058352932;0:0.0007685550737635549;0:0.0007685550737635549,2:68;2:68;0:68;0:68,2:0.0008610386114593083;2:0.0008610386114593083;0:0.0009227235991412508;0:0.0009227235991412508,0.0108642578125,0.00927734375,Yes,ibm_kingston,2026-09-25 16:56:35+05:00
2,187.92005589258065,100.07122793231295,0.010986328125,,0.015625,0.00634765625,2180,0.00019858639151095652,32,0.00019858639151095652,0,0.00019858639151095652,0.00019858639151095652,0.00019858639151095652,1:0.0013713694058352932;1:0.0013713694058352932;3:0.0016701224888926447;3:0.0016701224888926447,1:68;1:68;3:68;3:68,1:0.0008610386114593083;1:0.0008610386114593083;3:0.0017697064365315707;3:0.0017697064365315707,0.010986328125,0.00634765625,Yes,ibm_kingston,2026-09-25 16:56:35+05:00
3,173.03629054452213,110.15832573101653,0.00439453125,,0.008056640625,0.000732421875,2180,0.0003879576060245071,32,0.0003879576060245071,0,0.0003879576060245071,0.0003879576060245071,0.0003879576060245071,16:0.0011038996790617983;16:0.0011038996790617983;2:0.0016701224888926447;2:0.0016701224888926447;4:0.0019331863087419243;4:0.0019331863087419243,16:68;16:68;2:68;2:68;4:68;4:68,16:0.0013015384968247945;16:0.0013015384968247945;2:0.0017697064365315707;2:0.0017697064365315707;4:0.0024083776081075536;4:0.0024083776081075536,0.00439453125,0.000732421875,Yes,ibm_kingston,2026-09-25 16:56:35+05:00
4,266.11439479096566,76.02954183621893,0.0087890625,,0.013671875,0.00390625,2180,0.00027256219881772027,32,0.00027256219881772027,0,0.00027256219881772027,0.00027256219881772027,0.00027256219881772027,3:0.0019331863087419243;3:0.0019331863087419243;5:0.0018627761934583986;5:0.0018627761934583986,3:68;3:68;5:68;5:68,3:0.0024083776081075536;3:0.0024083776081075536;5:0.0023897624482911994;5:0.0023897624482911994,0.0087890625,0.00390625,Yes,ibm_kingston,2026-09-25 16:56:35+05:00
5,105.85956909378632,60.06673524284885,0.00732421875,,0.0078125,0.0068359375,2180,0.00036919063205924016,32,0.00036919063205924016,0,0.00036919063205924016,0.00036919063205924016,0.00036919063205924016,6:0.002765011755596708;6:0.002765011755596708;4:0.0018627761934583986;4:0.0018627761934583986,6:68;6:68;4:68;4:68,6:0.0025465187514958354;6:0.0025465187514958354;4:0.0023897624482911994;4:0.0023897624482911994,0.00732421875,0.0068359375,Yes,ibm_kingston,2026-09-25 16:56:35+05:00
6,271.514824283891,134.25077178225482,0.010498046875,,0.015625,0.00537109375,2180,0.00035298299578489026,32,0.00035298299578489026,0,0.00035298299578489026,0.00035298299578489026,0.00035298299578489026,5:0.002765011755596708;5:0.002765011755596708;7:0.0075011588334764345;7:0.0075011588334764345,5:68;5:68;7:80;7:80,5:0.0025465187514958354;5:0.0025465187514958354;7:0.007301377050822483;7:0.007301377050822483,0.010498046875,0.00537109375,Yes,ibm_kingston,2026-09-25 16:56:35+05:00
7,209.4857195084155,96.89852945723719,0.023193359375,,0.020751953125,0.025634765625,2180,0.00032437786499364744,32,0.00032437786499364744,0,0.00032437786499364744,0.00032437786499364744,0.00032437786499364744,17:0.006197844553408854;17:0.006197844553408854;6:0.0075011588334764345;6:0.0075011588334764345;8:0.007593024340945859;8:0.007593024340945859,17:68;17:68;6:80;6:80;8:68;8:68,17:0.0042906598671491325;17:0.0042906598671491325;6:0.007301377050822483;6:0.007301377050822483;8:0.006357333455077829;8:0.006357333455077829,0.023193359375,0.025634765625,Yes,ibm_kingston,2026-09-25 16:56:35+05:00
8,208.64620207141348,86.33695481199273,0.0108642578125,,0.015869140625,0.005859375,2180,0.00020785027159169695,32,0.00020785027159169695,0,0.00020785027159169695,0.00020785027159169695,0.00020785027159169695,9:0.0026150163260615644;9:0.0026150163260615644;7:0.007593024340945859;7:0.007593024340945859,9:68;9:68;7:68;7:68,9:0.0017102295146800561;9:0.0017102295146800561;7:0.006357333455077829;7:0.006357333455077829,0.0108642578125,0.005859375,Yes,ibm_kingston,2026-09-25 16:56:35+05:00
9,105.66086432414207,44.552741548619935,0.0047607421875,,0.00927734375,0.000244140625,2180,0.0004956588278037463,32,0.0004956588278037463,0,0.0004956588278037463,0.0004956588278037463,0.0004956588278037463,8:0.0026150163260615644;8:0.0026150163260615644;10:0.0032107320211162693;10:0.0032107320211162693,8:68;8:68;10:68;10:68,8:0.0017102295146800561;8:0.0017102295146800561;10:0.001878273740331865;10:0.001878273740331865,0.0047607421875,0.000244140625,Yes,ibm_kingston,2026-09-25 16:56:35+05:00
10,255.17293533879348,23.490202936856473,0.00341796875,,0.005126953125,0.001708984375,2180,0.0002567650967268688,32,0.0002567650967268688,0,0.0002567650967268688,0.0002567650967268688,0.0002567650967268688,9:0.0032107320211162693;9:0.0032107320211162693;11:0.0012787066211835119;11:0.0012787066211835119,9:68;9:68;11:68;11:68,9:0.001878273740331865;9:0.001878273740331865;11:0.0012584612983725652;11:0.0012584612983725652,0.00341796875,0.001708984375,Yes,ibm_kingston,2026-09-25 16:56:35+05:00
11,295.916366621202,112.2258811311623,0.00341796875,,0.005859375,0.0009765625,2180,0.00028911162733397523,32,0.00028911162733397523,0,0.00028911162733397523,0.00028911162733397523,0.00028911162733397523,18:0.0018603688671818275;18:0.0018603688671818275;10:0.0012787066211835119;10:0.0012787066211835119;12:0.0010334791364512708;12:0.0010334791364512708,18:68;18:68;10:68;10:68;12:68;12:68,18:0.002413510989774298;18:0.002413510989774298;10:0.0012584612983725652;10:0.0012584612983725652;12:0.001088830861913137;12:0.001088830861913137,0.00341796875,0.0009765625,Yes,ibm_kingston,2026-09-25 16:56:35+05:00
12,193.4450363159131,184.6625019956198,0.056884765625,,0.049072265625,0.064697265625,2180,0.00031025919644558496,32,0.00031025919644558496,0,0.00031025919644558496,0.00031025919644558496,0.00031025919644558496,13:0.0019125864022996042;13:0.0019125864022996042;11:0.0010334791364512708;11:0.0010334791364512708,13:68;13:68;11:68;11:68,13:0.0014686086216363636;13:0.0014686086216363636;11:0.001088830861913137;11:0.001088830861913137,0.056884765625,0.064697265625,Yes,ibm_kingston,2026-09-25 16:56:35+05:00
13,204.50588108337206,346.91001801183967,0.005859375,,0.00732421875,0.00439453125,2180,0.0004836004093861743,32,0.0004836004093861743,0,0.0004836004093861743,0.0004836004093861743,0.0004836004093861743,12:0.0019125864022996042;12:0.0019125864022996042;14:0.001428549119927458;14:0.001428549119927458,12:68;12:68;14:68;14:68,12:0.0014686086216363636;12:0.0014686086216363636;14:0.001284734171112939;14:0.001284734171112939,0.005859375,0.00439453125,Yes,ibm_kingston,2026-09-25 16:56:35+05:00
14,278.5087060520256,495.8365568530598,0.0269775390625,,0.028564453125,0.025390625,2180,0.00017671162310577411,32,0.00017671162310577411,0,0.00017671162310577411,0.00017671162310577411,0.00017671162310577411,15:0.003776848552281914;15:0.003776848552281914;13:0.001428549119927458;13:0.001428549119927458,15:68;15:68;13:68;13:68,15:0.0032423682414398636;15:0.0032423682414398636;13:0.001284734171112939;13:0.001284734171112939,0.0269775390625,0.025390625,Yes,ibm_kingston,2026-09-25 16:56:35+05:00
15,288.1078938911592,323.74776855326405,0.005615234375,,0.0078125,0.00341796875,2180,0.00012104365719404825,32,0.00012104365719404825,0,0.00012104365719404825,0.00012104365719404825,0.00012104365719404825,14:0.003776848552281914;14:0.003776848552281914;19:0.0020842019219582675;19:0.0020842019219582675,14:68;14:68;19:68;19:68,14:0.0032423682414398636;14:0.0032423682414398636;19:0.002543672398017588;19:0.002543672398017588,0.005615234375,0.00341796875,Yes,ibm_kingston,2026-09-25 16:56:35+05:00
16,140.56642979756649,241.67248771981875,0.0145263671875,,0.0185546875,0.01171875,2180,0.0001980679989231381,32,0.0001980679989231381,0,0.0001980679989231381,0.0001980679989231381,0.0001980679989231381,23:0.0015792635114248166;23:0.0015792635114248166;3:0.0011038996790617983;3:0.0011038996790617983,23:68;23:68;3:68;3:68,23:0.0014967134089556855;23:0.0014967134089556855;3:0.0013015384968247945;3:0.0013015384968247945,0.0145263671875,0.01171875,Yes,ibm_kingston,2026-09-25 16:56:35+05:00
17,302.84360081937217,154.78711827037392,0.0052490234375,,0.007568359375,0.0029296875,2180,0.000327484500037276,32,0.000327484500037276,0,0.000327484500037276,0.000327484500037276,0.000327484500037276,7:0.006197844553408854;7:0.006197844553408854;27:0.0015475941334729126;27:0.0015475941334729126,7:68;7:68;27:68;27:68,7:0.0042906598671491325;7:0.0042906598671491325;27:0.0015030274578072822;27:0.0015030274578072822,0.0052490234375,0.0029296875,Yes,ibm_kingston,2026-09-25 16:56:35+05:00
18,130.49564858488404,106.37860688767464,0.0091552734375,,0.010986328125,0.00732421875,2180,0.0005978462196236095,32,0.0005978462196236095,0,0.0005978462196236095,0.0005978462196236095,0.0005978462196236095,11:0.0018603688671818275;11:0.0018603688671818275;31:0.0022972534710548886;31:0.0022972534710548886,11:68;11:68;31:68;31:68,11:0.002413510989774298;11:0.002413510989774298;31:0.002781928049676974;31:0.002781928049676974,0.0091552734375,0.00732421875,Yes,ibm_kingston,2026-09-25 16:56:35+05:00
19,190.6013352358296,208.84558534288124,0.0494384765625,,0.095458984375,0.00341796875,2180,0.0002787973350378829,32,0.0002787973350378829,0,0.0002787973350378829,0.0002787973350378829,0.0002787973350378829,35:0.0012278206235848965;35:0.0012278206235848965;15:0.0020842019219582675;15:0.0020842019219582675,35:68;35:68;15:68;15:68,35:0.0019136529015843229;35:0.0019136529015843229;15:0.002543672398017588;15:0.002543672398017588,0.0494384765625,0.00341796875,Yes,ibm_kingston,2026-09-25 16:56:35+05:00
20,283.0906391190015,29.871099873509092,0.0111083984375,,0.011962890625,0.01025390625,2180,0.0003436797859333315,32,0.0003436797859333315,0,0.0003436797859333315,0.0003436797859333315,0.0003436797859333315,21:0.0020711265903758103;21:0.0020711265903758103,21:68;21:68,21:0.0016593569226790728;21:0.0016593569226790728,0.0111083984375,0.01025390625,Yes,ibm_kingston,2026-09-25 16:56:35+05:00
21,133.0316551576741,182.4919909639199,0.004638671875,,0.0078125,0.00146484375,2180,0.00048132531608610234,32,0.00048132531608610234,0,0.00048132531608610234,0.00048132531608610234,0.00048132531608610234,36:0.001362908699597598;36:0.001362908699597598;20:0.0020711265903758103;20:0.0020711265903758103;22:0.0016209504962347576;22:0.0016209504962347576,36:68;36:68;20:68;20:68;22:68;22:68,36:0.001044049377931372;36:0.001044049377931372;20:0.0016593569226790728;20:0.0016593569226790728;22:0.001735114474704924;22:0.001735114474704924,0.004638671875,0.00146484375,Yes,ibm_kingston,2026-09-25 16:56:35+05:00
22,82.03813912449354,107.28053387073518,0.0164794921875,,0.025146484375,0.0078125,2180,0.00023151795326851682,32,0.00023151795326851682,0,0.00023151795326851682,0.00023151795326851682,0.00023151795326851682,23:0.001725651167691994;23:0.001725651167691994;21:0.0016209504962347576;21:0.0016209504962347576,23:68;23:68;21:68;21:68,23:0.0014731093478994595;23:0.0014731093478994595;21:0.001735114474704924;21:0.001735114474704924,0.0164794921875,0.0078125,Yes,ibm_kingston,2026-09-25 16:56:35+05:00
23,254.04459938728127,70.55846108997626,0.0037841796875,,0.006103515625,0.00146484375,2180,0.0001233110726666772,32,0.0001233110726666772,0,0.0001233110726666772,0.0001233110726666772,0.0001233110726666772,22:0.001725651167691994;22:0.001725651167691994;24:0.002033957131133829;24:0.002033957131133829;16:0.0015792635114248166;16:0.0015792635114248166,22:68;22:68;24:68;24:68;16:68;16:68,22:0.0014731093478994595;22:0.0014731093478994595;24:0.0012290148754913466;24:0.0012290148754913466;16:0.0014967134089556855;16:0.0014967134089556855,0.0037841796875,0.00146484375,Yes,ibm_kingston,2026-09-25 16:56:35+05:00
24,296.3003924876887,74.19527953018164,0.0147705078125,,0.01611328125,0.013427734375,2180,0.00037188940874624223,32,0.00037188940874624223,0,0.00037188940874624223,0.00037188940874624223,0.00037188940874624223,23:0.002033957131133829;23:0.002033957131133829;25:0.0020411425926121496;25:0.0020411425926121496,23:68;23:68;25:68;25:68,23:0.0012290148754913466;23:0.0012290148754913466;25:0.001881141387973212;25:0.001881141387973212,0.0147705078125,0.013427734375,Yes,ibm_kingston,2026-09-25 16:56:35+05:00
25,255.65930388841377,29.025617648268145,0.0047607421875,,0.005615234375,0.00390625,2180,0.0001987473784102972,32,0.0001987473784102972,0,0.0001987473784102972,0.0001987473784102972,0.0001987473784102972,24:0.0020411425926121496;24:0.0020411425926121496;26:0.0014636776534062146;26:0.0014636776534062146;37:0.0019543830205464574;37:0.0019543830205464574,24:68;24:68;26:68;26:68;37:68;37:68,24:0.001881141387973212;24:0.001881141387973212;26:0.0015767908219591342;26:0.0015767908219591342;37:0.0017220788271621879;37:0.0017220788271621879,0.0047607421875,0.00390625,Yes,ibm_kingston,2026-09-25 16:56:35+05:00
26,186.84441699250806,70.11741564161136,0.009765625,,0.012939453125,0.006591796875,2180,0.0002103421894964319,32,0.0002103421894964319,0,0.0002103421894964319,0.0002103421894964319,0.0002103421894964319,25:0.0014636776534062146;25:0.0014636776534062146;27:0.0015285168982522856;27:0.0015285168982522856,25:68;25:68;27:68;27:68,25:0.0015767908219591342;25:0.0015767908219591342;27:0.005111646182038604;27:0.005111646182038604,0.009765625,0.006591796875,Yes,ibm_kingston,2026-09-25 16:56:35+05:00
27,200.14894994110867,72.65670467282402,0.0272216796875,,0.023193359375,0.03125,2180,0.00017061553954838467,32,0.00017061553954838467,0,0.00017061553954838467,0.00017061553954838467,0.00017061553954838467,26:0.0015285168982522856;26:0.0015285168982522856;28:0.001497479402056634;28:0.001497479402056634;17:0.0015475941334729126;17:0.0015475941334729126,26:68;26:68;28:68;28:68;17:68;17:68,26:0.005111646182038604;26:0.005111646182038604;28:0.001384758311293699;28:0.001384758311293699;17:0.0015030274578072822;17:0.0015030274578072822,0.0272216796875,0.03125,Yes,ibm_kingston,2026-09-25 16:56:35+05:00
28,250.10848601076665,269.8991500337437,0.010498046875,,0.01513671875,0.005859375,2180,0.00021182687462336302,32,0.00021182687462336302,0,0.00021182687462336302,0.00021182687462336302,0.00021182687462336302,27:0.001497479402056634;27:0.001497479402056634;29:0.0020716471095845457;29:0.0020716471095845457,27:68;27:68;29:68;29:68,27:0.001384758311293699;27:0.001384758311293699;29:0.0022247605072982513;29:0.0022247605072982513,0.010498046875,0.005859375,Yes,ibm_kingston,2026-09-25 16:56:35+05:00
29,174.10417985417016,70.84830826699564,0.0081787109375,,0.016357421875,0,2180,0.00020667808792647937,32,0.00020667808792647937,0,0.00020667808792647937,0.00020667808792647937,0.00020667808792647937,38:0.004941045167925928;38:0.004941045167925928;28:0.0020716471095845457;28:0.0020716471095845457;30:0.001268425348027763;30:0.001268425348027763,38:68;38:68;28:68;28:68;30:80;30:80,38:0.0027820863039931254;38:0.0027820863039931254;28:0.0022247605072982513;28:0.0022247605072982513;30:0.0014535397614219847;30:0.0014535397614219847,0.0081787109375,0,Yes,ibm_kingston,2026-09-25 16:56:35+05:00
30,256.31165851913795,90.280892890724,0.006103515625,,0.009765625,0.00244140625,2180,0.00026680163306561447,32,0.00026680163306561447,0,0.00026680163306561447,0.00026680163306561447,0.00026680163306561447,31:0.003934339986860241;31:0.003934339986860241;29:0.001268425348027763;29:0.001268425348027763,31:68;31:68;29:80;29:80,31:0.0021468448117266115;31:0.0021468448117266115;29:0.0014535397614219847;29:0.0014535397614219847,0.006103515625,0.00244140625,Yes,ibm_kingston,2026-09-25 16:56:35+05:00
31,222.09462532887468,272.2181349107763,0.0152587890625,,0.02099609375,0.009521484375,2180,0.00040942796524302035,32,0.00040942796524302035,0,0.00040942796524302035,0.00040942796524302035,0.00040942796524302035,30:0.003934339986860241;30:0.003934339986860241;32:0.0027333348922575773;32:0.0027333348922575773;18:0.0022972534710548886;18:0.0022972534710548886,30:68;30:68;32:68;32:68;18:68;18:68,30:0.0021468448117266115;30:0.0021468448117266115;32:0.0024499104887001077;32:0.0024499104887001077;18:0.002781928049676974;18:0.002781928049676974,0.0152587890625,0.009521484375,Yes,ibm_kingston,2026-09-25 16:56:35+05:00
32,365.57922022991727,459.3135632004803,0.0732421875,,0.059326171875,0.087158203125,2180,0.00021723841831234637,32,0.00021723841831234637,0,0.00021723841831234637,0.00021723841831234637,0.00021723841831234637,31:0.0027333348922575773;31:0.0027333348922575773;33:0.0025124767633232237;33:0.0025124767633232237,31:68;31:68;33:68;33:68,31:0.0024499104887001077;31:0.0024499104887001077;33:0.003300328795514451;33:0.003300328795514451,0.0732421875,0.087158203125,Yes,ibm_kingston,2026-09-25 16:56:35+05:00
33,308.182063298296,467.5979521216172,0.00927734375,,0.009765625,0.0087890625,2180,0.00018717522052303116,32,0.00018717522052303116,0,0.00018717522052303116,0.00018717522052303116,0.00018717522052303116,39:0.002107882631021185;39:0.002107882631021185;32:0.0025124767633232237;32:0.0025124767633232237;34:0.0021932314932126273;34:0.0021932314932126273,39:68;39:68;32:68;32:68;34:108;34:108,39:0.00148046200285476;39:0.00148046200285476;32:0.003300328795514451;32:0.003300328795514451;34:0.0020900232010004904;34:0.0020900232010004904,0.00927734375,0.0087890625,Yes,ibm_kingston,2026-09-25 16:56:35+05:00
34,181.39104761888103,214.28518756037963,0.02197265625,,0.024169921875,0.019775390625,2180,0.00024469576410692987,32,0.00024469576410692987,0,0.00024469576410692987,0.00024469576410692987,0.00024469576410692987,33:0.0021932314932126273;33:0.0021932314932126273;35:0.001211811715456007;35:0.001211811715456007,33:108;33:108;35:68;35:68,33:0.0020900232010004904;33:0.0020900232010004904;35:0.0019256254546701768;35:0.0019256254546701768,0.02197265625,0.019775390625,Yes,ibm_kingston,2026-09-25 16:56:35+05:00
35,286.1928846311314,337.7327842759464,0.01806640625,,0.01513671875,0.02099609375,2180,0.00021909154191913552,32,0.00021909154191913552,0,0.00021909154191913552,0.00021909154191913552,0.00021909154191913552,19:0.0012278206235848965;19:0.0012278206235848965;34:0.001211811715456007;34:0.001211811715456007,19:68;19:68;34:68;34:68,19:0.0019136529015843229;19:0.0019136529015843229;34:0.0019256254546701768;34:0.0019256254546701768,0.01806640625,0.02099609375,Yes,ibm_kingston,2026-09-25 16:56:35+05:00
36,217.99912956656425,242.90404419679717,0.005859375,,0.009765625,0.001953125,2180,0.00018723707894491423,32,0.00018723707894491423,0,0.00018723707894491423,0.00018723707894491423,0.00018723707894491423,41:0.001890160260846152;41:0.001890160260846152;21:0.001362908699597598;21:0.001362908699597598,41:68;41:68;21:68;21:68,41:0.0014993379208823043;41:0.0014993379208823043;21:0.001044049377931372;21:0.001044049377931372,0.005859375,0.001953125,Yes,ibm_kingston,2026-09-25 16:56:35+05:00
37,88.49869340172944,27.58971597916541,0.0087890625,,0.01171875,0.005859375,2180,0.0004223495831992001,32,0.0004223495831992001,0,0.0004223495831992001,0.0004223495831992001,0.0004223495831992001,45:0.0036480350263801975;45:0.0036480350263801975;25:0.0019543830205464574;25:0.0019543830205464574,45:68;45:68;25:68;25:68,45:0.001871603452579057;45:0.001871603452579057;25:0.0017220788271621879;25:0.0017220788271621879,0.0087890625,0.005859375,Yes,ibm_kingston,2026-09-25 16:56:35+05:00
38,237.00594252236428,68.06583231269099,0.0069580078125,,0.009765625,0.004150390625,2180,0.0002319913687156709,32,0.0002319913687156709,0,0.0002319913687156709,0.0002319913687156709,0.0002319913687156709,29:0.004941045167925928;29:0.004941045167925928;49:0.001594355785739937;49:0.001594355785739937,29:68;29:68;49:68;49:68,29:0.0027820863039931254;29:0.0027820863039931254;49:0.001285806477652085;49:0.001285806477652085,0.0069580078125,0.004150390625,Yes,ibm_kingston,2026-09-25 16:56:35+05:00
39,99.71168525794653,98.78266790888162,0.01123046875,,0.011962890625,0.010498046875,2180,0.00019404727104498814,32,0.00019404727104498814,0,0.00019404727104498814,0.00019404727104498814,0.00019404727104498814,53:0.001486865964231615;53:0.001486865964231615;33:0.002107882631021185;33:0.002107882631021185,53:68;53:68;33:68;33:68,53:0.005296923191012076;53:0.005296923191012076;33:0.00148046200285476;33:0.00148046200285476,0.01123046875,0.010498046875,Yes,ibm_kingston,2026-09-25 16:56:35+05:00
40,276.9902230859321,85.8330098885021,0.00341796875,,0.0048828125,0.001953125,2180,0.0003598968373241917,32,0.0003598968373241917,0,0.0003598968373241917,0.0003598968373241917,0.0003598968373241917,41:0.0020023982792476414;41:0.0020023982792476414,41:68;41:68,41:0.002560980310227695;41:0.002560980310227695,0.00341796875,0.001953125,Yes,ibm_kingston,2026-09-25 16:56:35+05:00
41,261.02482730269634,65.69631446231281,0.0064697265625,,0.008056640625,0.0048828125,2180,0.0002367478101623629,32,0.0002367478101623629,0,0.0002367478101623629,0.0002367478101623629,0.0002367478101623629,40:0.0020023982792476414;40:0.0020023982792476414;42:0.0018622867900391082;42:0.0018622867900391082;36:0.001890160260846152;36:0.001890160260846152,40:68;40:68;42:68;42:68;36:68;36:68,40:0.002560980310227695;40:0.002560980310227695;42:0.0020692975459927765;42:0.0020692975459927765;36:0.0014993379208823043;36:0.0014993379208823043,0.0064697265625,0.0048828125,Yes,ibm_kingston,2026-09-25 16:56:35+05:00
42,114.83784551232097,121.18413132578819,0.004638671875,,0.00634765625,0.0029296875,2180,0.0002825476844430431,32,0.0002825476844430431,0,0.0002825476844430431,0.0002825476844430431,0.0002825476844430431,41:0.0018622867900391082;41:0.0018622867900391082;43:0.0019305755510234945;43:0.0019305755510234945,41:68;41:68;43:68;43:68,41:0.0020692975459927765;41:0.0020692975459927765;43:0.0030048558770242317;43:0.0030048558770242317,0.004638671875,0.0029296875,Yes,ibm_kingston,2026-09-25 16:56:35+05:00
43,297.7476033253412,75.58419778544797,0.007080078125,,0.009765625,0.00439453125,2180,0.009328265185282791,32,0.009328265185282791,0,0.009328265185282791,0.009328265185282791,0.009328265185282791,42:0.0019305755510234945;42:0.0019305755510234945;56:0.005411549466781934;56:0.005411549466781934;44:0.016476751103863346;44:0.016476751103863346,42:68;42:68;56:68;56:68;44:68;44:68,42:0.0030048558770242317;42:0.0030048558770242317;56:0.004091557734358736;56:0.004091557734358736;44:0.0022773890343458503;44:0.0022773890343458503,0.007080078125,0.00439453125,Yes,ibm_kingston,2026-09-25 16:56:35+05:00
44,207.04963348821153,317.1941608355146,0.0057373046875,,0.0078125,0.003662109375,2180,0.0002050171920534136,32,0.0002050171920534136,0,0.0002050171920534136,0.0002050171920534136,0.0002050171920534136,45:0.003276374043350405;45:0.003276374043350405;43:0.016476751103863346;43:0.016476751103863346,45:68;45:68;43:68;43:68,45:0.0014123390530565716;45:0.0014123390530565716;43:0.0022773890343458503;43:0.0022773890343458503,0.0057373046875,0.003662109375,Yes,ibm_kingston,2026-09-25 16:56:35+05:00
45,224.58743417561135,169.04321892845147,0.0035400390625,,0.0048828125,0.002197265625,2180,0.001502161869317895,32,0.001502161869317895,0,0.001502161869317895,0.001502161869317895,0.001502161869317895,44:0.003276374043350405;44:0.003276374043350405;46:0.0029846786838585437;46:0.0029846786838585437;37:0.0036480350263801975;37:0.0036480350263801975,44:68;44:68;46:68;46:68;37:68;37:68,44:0.0014123390530565716;44:0.0014123390530565716;46:0.0015084831764356488;46:0.0015084831764356488;37:0.001871603452579057;37:0.001871603452579057,0.0035400390625,0.002197265625,Yes,ibm_kingston,2026-09-25 16:56:35+05:00
46,87.76599612953575,76.64089781690915,0.0059814453125,,0.009765625,0.002197265625,2180,0.0003861733578143592,32,0.0003861733578143592,0,0.0003861733578143592,0.0003861733578143592,0.0003861733578143592,45:0.0029846786838585437;45:0.0029846786838585437;47:0.0021297963939191367;47:0.0021297963939191367,45:68;45:68;47:68;47:68,45:0.0015084831764356488;45:0.0015084831764356488;47:0.0024215628105584974;47:0.0024215628105584974,0.0059814453125,0.002197265625,Yes,ibm_kingston,2026-09-25 16:56:35+05:00
47,288.88331763936935,286.64218561779717,0.0032958984375,,0.006591796875,0,2180,0.00042010476329617445,32,0.00042010476329617445,0,0.00042010476329617445,0.00042010476329617445,0.00042010476329617445,48:0.0023977038576444842;48:0.0023977038576444842;57:0.0019672486255145893;57:0.0019672486255145893;46:0.0021297963939191367;46:0.0021297963939191367,48:68;48:68;57:68;57:68;46:68;46:68,48:0.003292004328737219;48:0.003292004328737219;57:0.0016246663682187856;57:0.0016246663682187856;46:0.0024215628105584974;46:0.0024215628105584974,0.0032958984375,0,Yes,ibm_kingston,2026-09-25 16:56:35+05:00
48,128.33371350826155,20.22409251248406,0.005126953125,,0.00927734375,0.0009765625,2180,0.00027570531341656034,32,0.00027570531341656034,0,0.00027570531341656034,0.00027570531341656034,0.00027570531341656034,47:0.0023977038576444842;47:0.0023977038576444842;49:0.0018434858123342612;49:0.0018434858123342612,47:68;47:68;49:68;49:68,47:0.003292004328737219;47:0.003292004328737219;49:0.002232497260701516;49:0.002232497260701516,0.005126953125,0.0009765625,Yes,ibm_kingston,2026-09-25 16:56:35+05:00
49,262.9140931929084,97.3826159414637,0.0035400390625,,0.00537109375,0.001708984375,2180,0.00031445923236615475,32,0.00031445923236615475,0,0.00031445923236615475,0.00031445923236615475,0.00031445923236615475,48:0.0018434858123342612;48:0.0018434858123342612;50:0.0014258959418786965;50:0.0014258959418786965;38:0.001594355785739937;38:0.001594355785739937,48:68;48:68;50:68;50:68;38:68;38:68,48:0.002232497260701516;48:0.002232497260701516;50:0.0018801323732287878;50:0.0018801323732287878;38:0.001285806477652085;38:0.001285806477652085,0.0035400390625,0.001708984375,Yes,ibm_kingston,2026-09-25 16:56:35+05:00
50,303.59330252472836,320.1287820992004,0.00390625,,0.015625,0.00146484375,2180,0.0001800508967846574,32,0.0001800508967846574,0,0.0001800508967846574,0.0001800508967846574,0.0001800508967846574,49:0.0014258959418786965;49:0.0014258959418786965;51:0.0010948281917552982;51:0.0010948281917552982,49:68;49:68;51:68;51:68,49:0.0018801323732287878;49:0.0018801323732287878;51:0.0014940524462012106;51:0.0014940524462012106,0.00390625,0.00146484375,Yes,ibm_kingston,2026-09-25 16:56:35+05:00
51,120.25169211903699,145.03074105899694,0.0260009765625,,0.02197265625,0.030029296875,2180,0.00012437803445485918,32,0.00012437803445485918,0,0.00012437803445485918,0.00012437803445485918,0.00012437803445485918,50:0.0010948281917552982;50:0.0010948281917552982;52:0.0018316493243691612;52:0.0018316493243691612;58:0.0018867739653539717;58:0.0018867739653539717,50:68;50:68;52:68;52:68;58:68;58:68,50:0.0014940524462012106;50:0.0014940524462012106;52:0.002195437201928302;52:0.002195437201928302;58:0.001789249829894285;58:0.001789249829894285,0.0260009765625,0.030029296875,Yes,ibm_kingston,2026-09-25 16:56:35+05:00
52,127.00366570290686,49.41451757843999,0.0194091796875,,0.027099609375,0.01171875,2180,0.00024793952206064875,32,0.00024793952206064875,0,0.00024793952206064875,0.00024793952206064875,0.00024793952206064875,51:0.0018316493243691612;51:0.0018316493243691612;53:0.001556838043804687;53:0.001556838043804687,51:68;51:68;53:68;53:68,51:0.002195437201928302;51:0.002195437201928302;53:0.0018655776793622403;53:0.0018655776793622403,0.0194091796875,0.01171875,Yes,ibm_kingston,2026-09-25 16:56:35+05:00
53,227.35092782652728,74.6583644848294,0.010009765625,,0.01611328125,0.00390625,2180,9.86951144053276e-05,32,9.86951144053276e-05,0,9.86951144053276e-05,9.86951144053276e-05,9.86951144053276e-05,39:0.001486865964231615;39:0.001486865964231615;52:0.001556838043804687;52:0.001556838043804687;54:0.0010891948599268675;54:0.0010891948599268675,39:68;39:68;52:68;52:68;54:68;54:68,39:0.005296923191012076;39:0.005296923191012076;52:0.0018655776793622403;52:0.0018655776793622403;54:0.0013377342272494486;54:0.0013377342272494486,0.010009765625,0.00390625,Yes,ibm_kingston,2026-09-25 16:56:35+05:00
54,359.01050759408565,117.03332217537486,0.028076171875,,0.034423828125,0.021728515625,2180,0.0002312070352409925,32,0.0002312070352409925,0,0.0002312070352409925,0.0002312070352409925,0.0002312070352409925,53:0.0010891948599268675;53:0.0010891948599268675;55:0.0018634609166871818;55:0.0018634609166871818,53:68;53:68;55:68;55:68,53:0.0013377342272494486;53:0.0013377342272494486;55:0.0018907600328378904;55:0.0018907600328378904,0.028076171875,0.021728515625,Yes,ibm_kingston,2026-09-25 16:56:35+05:00
55,386.5758860700546,91.50079789990316,0.0096435546875,,0.0107421875,0.008544921875,2180,0.0001156230993831973,32,0.0001156230993831973,0,0.0001156230993831973,0.0001156230993831973,0.0001156230993831973,59:0.0011685758416744019;59:0.0011685758416744019;54:0.0018634609166871818;54:0.0018634609166871818,59:68;59:68;54:68;54:68,59:0.0011431812603560354;59:0.0011431812603560354;54:0.0018907600328378904;54:0.0018907600328378904,0.0096435546875,0.008544921875,Yes,ibm_kingston,2026-09-25 16:56:35+05:00
56,191.8077657197162,43.62530021974132,0.0081787109375,,0.010498046875,0.005859375,2180,0.00025978078893710443,32,0.00025978078893710443,0,0.00025978078893710443,0.00025978078893710443,0.00025978078893710443,63:0.001366892034852324;63:0.001366892034852324;43:0.005411549466781934;43:0.005411549466781934,63:68;63:68;43:68;43:68,63:0.0015900773532668;63:0.0015900773532668;43:0.004091557734358736;43:0.004091557734358736,0.0081787109375,0.005859375,Yes,ibm_kingston,2026-09-25 16:56:35+05:00
57,216.4411123394374,266.75166408187926,0.0081787109375,,0.013916015625,0.00244140625,2180,0.000226970595166798,32,0.000226970595166798,0,0.000226970595166798,0.000226970595166798,0.000226970595166798,47:0.0019672486255145893;47:0.0019672486255145893;67:0.002756853657602726;67:0.002756853657602726,47:68;47:68;67:68;67:68,47:0.0016246663682187856;47:0.0016246663682187856;67:0.0019211633589631683;67:0.0019211633589631683,0.0081787109375,0.00244140625,Yes,ibm_kingston,2026-09-25 16:56:35+05:00
58,234.442881598687,171.2166080316604,0.012451171875,,0.005615234375,0.019287109375,2180,0.00011984536775464832,32,0.00011984536775464832,0,0.00011984536775464832,0.00011984536775464832,0.00011984536775464832,71:0.0011743165610143824;71:0.0011743165610143824;51:0.0018867739653539717;51:0.0018867739653539717,71:68;71:68;51:68;51:68,71:0.001959052169815595;71:0.001959052169815595;51:0.001789249829894285;51:0.001789249829894285,0.012451171875,0.019287109375,Yes,ibm_kingston,2026-09-25 16:56:35+05:00
59,143.31843371911538,265.233875786357,0.0048828125,,0.00634765625,0.00341796875,2180,0.0001808344315246599,32,0.0001808344315246599,0,0.0001808344315246599,0.0001808344315246599,0.0001808344315246599,55:0.0011685758416744019;55:0.0011685758416744019;75:0.0025489511027933787;75:0.0025489511027933787,55:68;55:68;75:68;75:68,55:0.0011431812603560354;55:0.0011431812603560354;75:0.0012323499791256909;75:0.0012323499791256909,0.0048828125,0.00341796875,Yes,ibm_kingston,2026-09-25 16:56:35+05:00
60,178.20651375640418,43.632616785858616,0.004150390625,,0.00732421875,0.0009765625,2180,0.0004063576966417647,32,0.0004063576966417647,0,0.0004063576966417647,0.0004063576966417647,0.0004063576966417647,61:0.002122324619763749;61:0.002122324619763749,61:68;61:68,61:0.0019366691516295165;61:0.0019366691516295165,0.004150390625,0.0009765625,Yes,ibm_kingston,2026-09-25 16:56:35+05:00
61,178.5840112730131,47.807464603933965,0.0054931640625,,0.0078125,0.003173828125,2180,0.00022757471197217875,32,0.00022757471197217875,0,0.00022757471197217875,0.00022757471197217875,0.00022757471197217875,76:0.003561877849935058;76:0.003561877849935058;60:0.002122324619763749;60:0.002122324619763749;62:0.0016415047537496896;62:0.0016415047537496896,76:68;76:68;60:68;60:68;62:68;62:68,76:0.006166099764108285;76:0.006166099764108285;60:0.0019366691516295165;60:0.0019366691516295165;62:0.0013881622329725563;62:0.0013881622329725563,0.0054931640625,0.003173828125,Yes,ibm_kingston,2026-09-25 16:56:35+05:00
62,278.9266746975397,156.18420488705473,0.0108642578125,,0.0107421875,0.010986328125,2180,0.0002004619931476338,32,0.0002004619931476338,0,0.0002004619931476338,0.0002004619931476338,0.0002004619931476338,61:0.0016415047537496896;61:0.0016415047537496896;63:0.0015580567282135749;63:0.0015580567282135749,61:68;61:68;63:68;63:68,61:0.0013881622329725563;61:0.0013881622329725563;63:0.0014692740802161874;63:0.0014692740802161874,0.0108642578125,0.010986328125,Yes,ibm_kingston,2026-09-25 16:56:35+05:00
63,194.9626741817227,69.75008890417088,0.0137939453125,,0.016845703125,0.0107421875,2180,0.00021496088433117994,32,0.00021496088433117994,0,0.00021496088433117994,0.00021496088433117994,0.00021496088433117994,56:0.001366892034852324;56:0.001366892034852324;62:0.0015580567282135749;62:0.0015580567282135749;64:0.0017751895387488337;64:0.0017751895387488337,56:68;56:68;62:68;62:68;64:68;64:68,56:0.0015900773532668;56:0.0015900773532668;62:0.0014692740802161874;62:0.0014692740802161874;64:0.0020120488660017866;64:0.0020120488660017866,0.0137939453125,0.0107421875,Yes,ibm_kingston,2026-09-25 16:56:35+05:00
64,186.7936447526165,140.8146997110278,0.004150390625,,0.007080078125,0.001220703125,2180,0.0004088004182662409,32,0.0004088004182662409,0,0.0004088004182662409,0.0004088004182662409,0.0004088004182662409,65:0.0025399303528202966;65:0.0025399303528202966;63:0.0017751895387488337;63:0.0017751895387488337,65:68;65:68;63:68;63:68,65:0.001929174995176447;65:0.001929174995176447;63:0.0020120488660017866;63:0.0020120488660017866,0.004150390625,0.001220703125,Yes,ibm_kingston,2026-09-25 16:56:35+05:00
65,305.17471059857536,228.3786075963606,0.00830078125,,0.01513671875,0.00146484375,2180,0.0003963970643393344,32,0.0003963970643393344,0,0.0003963970643393344,0.0003963970643393344,0.0003963970643393344,64:0.0025399303528202966;64:0.0025399303528202966;66:0.0024516466018398575;66:0.0024516466018398575;77:0.005090081552248077;77:0.005090081552248077,64:68;64:68;66:68;66:68;77:68;77:68,64:0.001929174995176447;64:0.001929174995176447;66:0.0021126773808631816;66:0.0021126773808631816;77:0.003838855684335035;77:0.003838855684335035,0.00830078125,0.00146484375,Yes,ibm_kingston,2026-09-25 16:56:35+05:00
66,129.99533894955175,167.20774700116297,0.0087890625,,0.01416015625,0.00341796875,2180,0.0004813904296786162,32,0.0004813904296786162,0,0.0004813904296786162,0.0004813904296786162,0.0004813904296786162,65:0.0024516466018398575;65:0.0024516466018398575;67:0.002167767333244419;67:0.002167767333244419,65:68;65:68;67:68;67:68,65:0.0021126773808631816;65:0.0021126773808631816;67:0.0019874743992745747;67:0.0019874743992745747,0.0087890625,0.00341796875,Yes,ibm_kingston,2026-09-25 16:56:35+05:00
67,160.41524523009616,186.4822955663022,0.0067138671875,,0.015625,0.00341796875,2180,0.0003041672838974309,32,0.0003041672838974309,0,0.0003041672838974309,0.0003041672838974309,0.0003041672838974309,68:0.001973318481584857;68:0.001973318481584857;57:0.002756853657602726;57:0.002756853657602726;66:0.002167767333244419;66:0.002167767333244419,68:68;68:68;57:68;57:68;66:68;66:68,68:0.0013158675990742053;68:0.0013158675990742053;57:0.0019211633589631683;57:0.0019211633589631683;66:0.0019874743992745747;66:0.0019874743992745747,0.0067138671875,0.00341796875,Yes,ibm_kingston,2026-09-25 16:56:35+05:00
68,197.3269511200507,137.02430467422678,0.0146484375,,0.018798828125,0.010498046875,2180,0.00020246875583259733,32,0.00020246875583259733,0,0.00020246875583259733,0.00020246875583259733,0.00020246875583259733,67:0.001973318481584857;67:0.001973318481584857;69:0.0016855743799298328;69:0.0016855743799298328,67:68;67:68;69:68;69:68,67:0.0013158675990742053;67:0.0013158675990742053;69:0.0015156923982125314;69:0.0015156923982125314,0.0146484375,0.010498046875,Yes,ibm_kingston,2026-09-25 16:56:35+05:00
69,210.6627532121213,249.09187620602674,0.02392578125,,0.02001953125,0.02783203125,2180,0.0001881018718621297,32,0.0001881018718621297,0,0.0001881018718621297,0.0001881018718621297,0.0001881018718621297,78:0.0036542257205708917;78:0.0036542257205708917;68:0.0016855743799298328;68:0.0016855743799298328;70:0.002632518856057059;70:0.002632518856057059,78:68;78:68;68:68;68:68;70:68;70:68,78:0.00180811979746745;78:0.00180811979746745;68:0.0015156923982125314;68:0.0015156923982125314;70:0.003960256779436677;70:0.003960256779436677,0.02392578125,0.02783203125,Yes,ibm_kingston,2026-09-25 16:56:35+05:00
70,198.7385972947176,167.41936667703246,0.01611328125,,0.020263671875,0.011962890625,2180,0.00012340692929004927,32,0.00012340692929004927,0,0.00012340692929004927,0.00012340692929004927,0.00012340692929004927,69:0.002632518856057059;69:0.002632518856057059;71:0.0014039601809285318;71:0.0014039601809285318,69:68;69:68;71:68;71:68,69:0.003960256779436677;69:0.003960256779436677;71:0.0023652907191743233;71:0.0023652907191743233,0.01611328125,0.011962890625,Yes,ibm_kingston,2026-09-25 16:56:35+05:00
71,219.6522214160701,97.83178722841643,0.0032958984375,,0.00537109375,0.001220703125,2180,0.00017293607608354994,32,0.00017293607608354994,0,0.00017293607608354994,0.00017293607608354994,0.00017293607608354994,72:0.0012385863823196341;72:0.0012385863823196341;58:0.0011743165610143824;58:0.0011743165610143824;70:0.0014039601809285318;70:0.0014039601809285318,72:68;72:68;58:68;58:68;70:68;70:68,72:0.0012177359504415841;72:0.0012177359504415841;58:0.001959052169815595;58:0.001959052169815595;70:0.0023652907191743233;70:0.0023652907191743233,0.0032958984375,0.001220703125,Yes,ibm_kingston,2026-09-25 16:56:35+05:00
72,229.1097442734329,131.75924501016624,0.0506591796875,,0.052978515625,0.04833984375,2180,0.00012677908486563748,32,0.00012677908486563748,0,0.00012677908486563748,0.00012677908486563748,0.00012677908486563748,73:0.018654994924451496;73:0.018654994924451496;71:0.0012385863823196341;71:0.0012385863823196341,73:68;73:68;71:68;71:68,73:0.03490198256979207;73:0.03490198256979207;71:0.0012177359504415841;71:0.0012177359504415841,0.0506591796875,0.04833984375,Yes,ibm_kingston,2026-09-25 16:56:35+05:00
73,208.81869824563472,170.25943993153334,0.017333984375,,0.022705078125,0.011962890625,2180,0.0003765457624076032,32,0.0003765457624076032,0,0.0003765457624076032,0.0003765457624076032,0.0003765457624076032,72:0.018654994924451496;72:0.018654994924451496;74:0.0014094006862601927;74:0.0014094006862601927;79:0.001484275733244167;79:0.001484275733244167,72:68;72:68;74:68;74:68;79:68;79:68,72:0.03490198256979207;72:0.03490198256979207;74:0.002100496766998805;74:0.002100496766998805;79:0.0023580831832165083;79:0.0023580831832165083,0.017333984375,0.011962890625,Yes,ibm_kingston,2026-09-25 16:56:35+05:00
74,201.99235691609314,162.79995878856667,0.0068359375,,0.009765625,0.00390625,2180,0.00033382194751074704,32,0.00033382194751074704,0,0.00033382194751074704,0.00033382194751074704,0.00033382194751074704,73:0.0014094006862601927;73:0.0014094006862601927;75:0.0016026983104396597;75:0.0016026983104396597,73:68;73:68;75:68;75:68,73:0.002100496766998805;73:0.002100496766998805;75:0.0011943306041991286;75:0.0011943306041991286,0.0068359375,0.00390625,Yes,ibm_kingston,2026-09-25 16:56:35+05:00
75,305.9365436184851,159.44866072219472,0.0111083984375,,0.01806640625,0.004150390625,2180,0.00014711387509966307,32,0.00014711387509966307,0,0.00014711387509966307,0.00014711387509966307,0.00014711387509966307,59:0.0025489511027933787;59:0.0025489511027933787;74:0.0016026983104396597;74:0.0016026983104396597,59:68;59:68;74:68;74:68,59:0.0012323499791256909;59:0.0012323499791256909;74:0.0011943306041991286;74:0.0011943306041991286,0.0111083984375,0.004150390625,Yes,ibm_kingston,2026-09-25 16:56:35+05:00
76,74.43686187407756,52.80953723671043,0.019775390625,,0.01806640625,0.021484375,2180,0.0027243603798916254,32,0.0027243603798916254,0,0.0027243603798916254,0.0027243603798916254,0.0027243603798916254,81:0.010023549569191853;81:0.010023549569191853;61:0.003561877849935058;61:0.003561877849935058,81:68;81:68;61:68;61:68,81:0.047703963374707586;81:0.047703963374707586;61:0.006166099764108285;61:0.006166099764108285,0.019775390625,0.021484375,Yes,ibm_kingston,2026-09-25 16:56:35+05:00
77,108.8467290889504,110.39991838426045,0.0047607421875,,0.00927734375,0.000244140625,2180,0.00012538051182056203,32,0.00012538051182056203,0,0.00012538051182056203,0.00012538051182056203,0.00012538051182056203,85:0.004778705312178555;85:0.004778705312178555;65:0.005090081552248077;65:0.005090081552248077,85:68;85:68;65:68;65:68,85:0.004745221049793413;85:0.004745221049793413;65:0.003838855684335035;65:0.003838855684335035,0.0047607421875,0.000244140625,Yes,ibm_kingston,2026-09-25 16:56:35+05:00
78,163.54418248550434,33.53075178149044,0.028076171875,,0.03173828125,0.0244140625,2180,0.00038691945208275697,32,0.00038691945208275697,0,0.00038691945208275697,0.00038691945208275697,0.00038691945208275697,69:0.0036542257205708917;69:0.0036542257205708917;89:0.002227825282868412;89:0.002227825282868412,69:68;69:68;89:68;89:68,69:0.00180811979746745;69:0.00180811979746745;89:0.0014896421670769766;89:0.0014896421670769766,0.028076171875,0.0244140625,Yes,ibm_kingston,2026-09-25 16:56:35+05:00
79,205.26116995969386,85.50354923691224,0.005126953125,,0.006591796875,0.003662109375,2180,0.00028079352527140845,32,0.00028079352527140845,0,0.00028079352527140845,0.00028079352527140845,0.00028079352527140845,93:0.0013504352049106272;93:0.0013504352049106272;73:0.001484275733244167;73:0.001484275733244167,93:68;93:68;73:68;73:68,93:0.0010415253521574852;93:0.0010415253521574852;73:0.0023580831832165083;73:0.0023580831832165083,0.005126953125,0.003662109375,Yes,ibm_kingston,2026-09-25 16:56:35+05:00
80,162.36923515633734,252.10351943583908,0.0244140625,,0.03076171875,0.01806640625,2180,0.0002805528271248982,32,0.0002805528271248982,0,0.0002805528271248982,0.0002805528271248982,0.0002805528271248982,81:0.0011319347609101416;81:0.0011319347609101416,81:68;81:68,81:0.001239777389601765;81:0.001239777389601765,0.0244140625,0.01806640625,Yes,ibm_kingston,2026-09-25 16:56:35+05:00
81,285.1589631748745,259.86139906081485,0.0081787109375,,0.010009765625,0.00634765625,2180,0.00031646549505034256,32,0.00031646549505034256,0,0.00031646549505034256,0.00031646549505034256,0.00031646549505034256,80:0.0011319347609101416;80:0.0011319347609101416;82:0.0010798088554060947;82:0.0010798088554060947;76:0.010023549569191853;76:0.010023549569191853,80:68;80:68;82:68;82:68;76:68;76:68,80:0.001239777389601765;80:0.001239777389601765;82:0.001144103344776437;82:0.001144103344776437;76:0.047703963374707586;76:0.047703963374707586,0.0081787109375,0.00634765625,Yes,ibm_kingston,2026-09-25 16:56:35+05:00
82,123.50833665984858,186.43618027122733,0.007568359375,,0.0107421875,0.00439453125,2180,0.0001262042981317091,32,0.0001262042981317091,0,0.0001262042981317091,0.0001262042981317091,0.0001262042981317091,81:0.0010798088554060947;81:0.0010798088554060947;83:0.0011038897861997687;83:0.0011038897861997687,81:68;81:68;83:68;83:68,81:0.001144103344776437;81:0.001144103344776437;83:0.000993869023991678;83:0.000993869023991678,0.007568359375,0.00439453125,Yes,ibm_kingston,2026-09-25 16:56:35+05:00
83,217.31392105875776,211.76528442768327,0.0162353515625,,0.019775390625,0.0126953125,2180,0.0002548026607789683,32,0.0002548026607789683,0,0.0002548026607789683,0.0002548026607789683,0.0002548026607789683,96:0.0013769410708087682;96:0.0013769410708087682;82:0.0011038897861997687;82:0.0011038897861997687;84:0.0021295095049113366;84:0.0021295095049113366,96:68;96:68;82:68;82:68;84:68;84:68,96:0.0014890026714487747;96:0.0014890026714487747;82:0.000993869023991678;82:0.000993869023991678;84:0.0027228587092688883;84:0.0027228587092688883,0.0162353515625,0.0126953125,Yes,ibm_kingston,2026-09-25 16:56:35+05:00
84,92.81094430204276,33.83918461735486,0.0047607421875,,0.009765625,0.001220703125,2180,0.0005538039696103125,32,0.0005538039696103125,0,0.0005538039696103125,0.0005538039696103125,0.0005538039696103125,83:0.0021295095049113366;83:0.0021295095049113366;85:0.03138313379037344;85:0.03138313379037344,83:68;83:68;85:68;85:68,83:0.0027228587092688883;83:0.0027228587092688883;85:0.030887592742886383;85:0.030887592742886383,0.0047607421875,0.001220703125,Yes,ibm_kingston,2026-09-25 16:56:35+05:00
85,224.13602251621927,125.0446300506438,0.0130615234375,,0.012939453125,0.01318359375,2180,0.0005362245143602822,32,0.0005362245143602822,0,0.0005362245143602822,0.0005362245143602822,0.0005362245143602822,77:0.004778705312178555;77:0.004778705312178555;86:0.041060884916877816;86:0.041060884916877816;84:0.03138313379037344;84:0.03138313379037344,77:68;77:68;86:68;86:68;84:68;84:68,77:0.004745221049793413;77:0.004745221049793413;86:0.02085060644184694;86:0.02085060644184694;84:0.030887592742886383;84:0.030887592742886383,0.0130615234375,0.01318359375,Yes,ibm_kingston,2026-09-25 16:56:35+05:00
86,127.47895107822615,20.592290584307104,0.0316162109375,,0.0234375,0.039794921875,2180,0.00035765703730836754,32,0.00035765703730836754,0,0.00035765703730836754,0.00035765703730836754,0.00035765703730836754,85:0.041060884916877816;85:0.041060884916877816;87:0.05568665509203019;87:0.05568665509203019,85:68;85:68;87:68;87:68,85:0.02085060644184694;85:0.02085060644184694;87:0.022752618645690448;87:0.022752618645690448,0.0316162109375,0.039794921875,Yes,ibm_kingston,2026-09-25 16:56:35+05:00
87,91.22447646657348,50.25908511255039,0.0062255859375,,0.01220703125,0.000244140625,2180,0.0003253100035195505,32,0.0003253100035195505,0,0.0003253100035195505,0.0003253100035195505,0.0003253100035195505,86:0.05568665509203019;86:0.05568665509203019;88:0.002667799962261269;88:0.002667799962261269;97:0.001954441206836993;97:0.001954441206836993,86:68;86:68;88:68;88:68;97:68;97:68,86:0.022752618645690448;86:0.022752618645690448;88:0.0031732287672013026;88:0.0031732287672013026;97:0.0020753961938042853;97:0.0020753961938042853,0.0062255859375,0.000244140625,Yes,ibm_kingston,2026-09-25 16:56:35+05:00
88,174.94780172576975,19.07132728760448,0.0037841796875,,0.00732421875,0.000244140625,2180,0.000482082221198598,32,0.000482082221198598,0,0.000482082221198598,0.000482082221198598,0.000482082221198598,87:0.002667799962261269;87:0.002667799962261269;89:0.0021085579488677453;89:0.0021085579488677453,87:68;87:68;89:68;89:68,87:0.0031732287672013026;87:0.0031732287672013026;89:0.001511353274126076;89:0.001511353274126076,0.0037841796875,0.000244140625,Yes,ibm_kingston,2026-09-25 16:56:35+05:00
89,322.31193069304413,199.0192581157731,0.020263671875,,0.0400390625,0.00048828125,2180,0.00031145343995533025,32,0.00031145343995533025,0,0.00031145343995533025,0.00031145343995533025,0.00031145343995533025,90:0.001145510464511168;90:0.001145510464511168;88:0.0021085579488677453;88:0.0021085579488677453;78:0.002227825282868412;78:0.002227825282868412,90:68;90:68;88:68;88:68;78:68;78:68,90:0.001399473353498687;90:0.001399473353498687;88:0.001511353274126076;88:0.001511353274126076;78:0.0014896421670769766;78:0.0014896421670769766,0.020263671875,0.00048828125,Yes,ibm_kingston,2026-09-25 16:56:35+05:00
90,222.31072701870616,189.18246677694538,0.0067138671875,,0.010986328125,0.00244140625,2180,0.0001841720769576868,32,0.0001841720769576868,0,0.0001841720769576868,0.0001841720769576868,0.0001841720769576868,89:0.001145510464511168;89:0.001145510464511168;91:0.0018367345553223224;91:0.0018367345553223224,89:68;89:68;91:68;91:68,89:0.001399473353498687;89:0.001399473353498687;91:0.002338309748820655;91:0.002338309748820655,0.0067138671875,0.00244140625,Yes,ibm_kingston,2026-09-25 16:56:35+05:00
91,276.33359190171365,108.55443040383304,0.0035400390625,,0.00537109375,0.001708984375,2180,0.00038929994979811317,32,0.00038929994979811317,0,0.00038929994979811317,0.00038929994979811317,0.00038929994979811317,98:0.0026724565753147578;98:0.0026724565753147578;90:0.0018367345553223224;90:0.0018367345553223224;92:0.0017819075591737066;92:0.0017819075591737066,98:68;98:68;90:68;90:68;92:68;92:68,98:0.0013043642966449331;98:0.0013043642966449331;90:0.002338309748820655;90:0.002338309748820655;92:0.002261191814937974;92:0.002261191814937974,0.0035400390625,0.001708984375,Yes,ibm_kingston,2026-09-25 16:56:35+05:00
92,359.26008558618344,367.0527173327602,0.0201416015625,,0.021240234375,0.01904296875,2180,0.00018944052713459883,32,0.00018944052713459883,0,0.00018944052713459883,0.00018944052713459883,0.00018944052713459883,91:0.0017819075591737066;91:0.0017819075591737066;93:0.0015714834079538498;93:0.0015714834079538498,91:68;91:68;93:68;93:68,91:0.002261191814937974;91:0.002261191814937974;93:0.002843309998543292;93:0.002843309998543292,0.0201416015625,0.01904296875,Yes,ibm_kingston,2026-09-25 16:56:35+05:00
93,240.19038457845178,112.72364760828626,0.00341796875,,0.005859375,0.0009765625,2180,0.0002846335829568264,32,0.0002846335829568264,0,0.0002846335829568264,0.0002846335829568264,0.0002846335829568264,94:0.0015464193395513526;94:0.0015464193395513526;79:0.0013504352049106272;79:0.0013504352049106272;92:0.0015714834079538498;92:0.0015714834079538498,94:68;94:68;79:68;79:68;92:68;92:68,94:0.001094086810601247;94:0.001094086810601247;79:0.0010415253521574852;79:0.0010415253521574852;92:0.002843309998543292;92:0.002843309998543292,0.00341796875,0.0009765625,Yes,ibm_kingston,2026-09-25 16:56:35+05:00
94,286.66388909571253,222.42056439978273,0.018310546875,,0.0283203125,0.00830078125,2180,0.0002508177501503682,32,0.0002508177501503682,0,0.0002508177501503682,0.0002508177501503682,0.0002508177501503682,93:0.0015464193395513526;93:0.0015464193395513526;95:0.002186535388443711;95:0.002186535388443711,93:68;93:68;95:68;95:68,93:0.001094086810601247;93:0.001094086810601247;95:0.0010894049025401698;95:0.0010894049025401698,0.018310546875,0.00830078125,Yes,ibm_kingston,2026-09-25 16:56:35+05:00
95,262.6401260628274,260.9362480743509,0.0560302734375,,0.064453125,0.047607421875,2180,0.0003768560871726467,32,0.0003768560871726467,0,0.0003768560871726467,0.0003768560871726467,0.0003768560871726467,99:0.002930121253883977;99:0.002930121253883977;94:0.002186535388443711;94:0.002186535388443711,99:68;99:68;94:68;94:68,99:0.0021483895668779895;99:0.0021483895668779895;94:0.0010894049025401698;94:0.0010894049025401698,0.0560302734375,0.047607421875,Yes,ibm_kingston,2026-09-25 16:56:35+05:00
96,124.72702404867972,112.68427538403758,0.0198974609375,,0.019775390625,0.02001953125,2180,0.00014739011820357766,32,0.00014739011820357766,0,0.00014739011820357766,0.00014739011820357766,0.00014739011820357766,83:0.0013769410708087682;83:0.0013769410708087682;103:0.0011290836674205107;103:0.0011290836674205107,83:68;83:68;103:68;103:68,83:0.0014890026714487747;83:0.0014890026714487747;103:0.0013517281679830684;103:0.0013517281679830684,0.0198974609375,0.02001953125,Yes,ibm_kingston,2026-09-25 16:56:35+05:00
97,196.11883361265112,84.06765186771003,0.00927734375,,0.01025390625,0.00830078125,2180,0.00034107630045379053,32,0.00034107630045379053,0,0.00034107630045379053,0.00034107630045379053,0.00034107630045379053,87:0.001954441206836993;87:0.001954441206836993;107:0.0017198954032062175;107:0.0017198954032062175,87:68;87:68;107:68;107:68,87:0.0020753961938042853;87:0.0020753961938042853;107:0.0025230253803948943;107:0.0025230253803948943,0.00927734375,0.00830078125,Yes,ibm_kingston,2026-09-25 16:56:35+05:00
98,173.8708106088566,62.891663299948014,0.005859375,,0.00732421875,0.00439453125,2180,0.00031494141793471316,32,0.00031494141793471316,0,0.00031494141793471316,0.00031494141793471316,0.00031494141793471316,91:0.0026724565753147578;91:0.0026724565753147578;111:0.0025870845926995734;111:0.0025870845926995734,91:68;91:68;111:68;111:68,91:0.0013043642966449331;91:0.0013043642966449331;111:0.001417526289825527;111:0.001417526289825527,0.005859375,0.00439453125,Yes,ibm_kingston,2026-09-25 16:56:35+05:00
99,42.11282488211845,49.372179248954616,0.0272216796875,,0.048828125,0.005615234375,2180,0.00023786197554008073,32,0.00023786197554008073,0,0.00023786197554008073,0.00023786197554008073,0.00023786197554008073,115:0.004742828456404502;115:0.004742828456404502;95:0.002930121253883977;95:0.002930121253883977,115:68;115:68;95:68;95:68,115:0.0036232128799998653;115:0.0036232128799998653;95:0.0021483895668779895;95:0.0021483895668779895,0.0272216796875,0.005615234375,Yes,ibm_kingston,2026-09-25 16:56:35+05:00
100,146.52492500808683,181.73797045684788,0.013427734375,,0.014404296875,0.012451171875,2180,0.0004556047034294442,32,0.0004556047034294442,0,0.0004556047034294442,0.0004556047034294442,0.0004556047034294442,101:0.001454339878303318;101:0.001454339878303318,101:68;101:68,101:0.0019767754230909096;101:0.0019767754230909096,0.013427734375,0.012451171875,Yes,ibm_kingston,2026-09-25 16:56:35+05:00
101,350.59737431042805,235.7720906745706,0.0133056640625,,0.02099609375,0.01123046875,2180,0.00011579069636321559,32,0.00011579069636321559,0,0.00011579069636321559,0.00011579069636321559,0.00011579069636321559,100:0.001454339878303318;100:0.001454339878303318;116:0.0011451473804542645;116:0.0011451473804542645;102:0.0010453904531627367;102:0.0010453904531627367,100:68;100:68;116:68;116:68;102:68;102:68,100:0.0019767754230909096;100:0.0019767754230909096;116:0.001599289188206815;116:0.001599289188206815;102:0.0023451947946791785;102:0.0023451947946791785,0.0133056640625,0.01123046875,Yes,ibm_kingston,2026-09-25 16:56:35+05:00
102,237.74706550133797,187.58377402626766,0.0181884765625,,0.02880859375,0.007568359375,2180,0.0002137879671138734,32,0.0002137879671138734,0,0.0002137879671138734,0.0002137879671138734,0.0002137879671138734,101:0.0010453904531627367;101:0.0010453904531627367;103:0.010250887049983004;103:0.010250887049983004,101:68;101:68;103:68;103:68,101:0.0023451947946791785;101:0.0023451947946791785;103:0.005385004364186485;103:0.005385004364186485,0.0181884765625,0.007568359375,Yes,ibm_kingston,2026-09-25 16:56:35+05:00
103,179.96030202963854,105.51665978045298,0.01806640625,,0.02978515625,0.00634765625,2180,0.00016293269522709198,32,0.00016293269522709198,0,0.00016293269522709198,0.00016293269522709198,0.00016293269522709198,104:0.0027256109664971773;104:0.0027256109664971773;96:0.0011290836674205107;96:0.0011290836674205107;102:0.010250887049983004;102:0.010250887049983004,104:68;104:68;96:68;96:68;102:68;102:68,104:0.0010839634391292263;104:0.0010839634391292263;96:0.0013517281679830684;96:0.0013517281679830684;102:0.005385004364186485;102:0.005385004364186485,0.01806640625,0.00634765625,Yes,ibm_kingston,2026-09-25 16:56:35+05:00
104,137.65472192147942,202.96381976433662,0.0157470703125,,0.023193359375,0.00830078125,2180,0.0006778559955762235,32,0.0006778559955762235,0,0.0006778559955762235,0.0006778559955762235,0.0006778559955762235,103:0.0027256109664971773;103:0.0027256109664971773;105:0.0019568758789739737;105:0.0019568758789739737,103:68;103:68;105:68;105:68,103:0.0010839634391292263;103:0.0010839634391292263;105:0.0013115215227338939;105:0.0013115215227338939,0.0157470703125,0.00830078125,Yes,ibm_kingston,2026-09-25 16:56:35+05:00
105,198.59843585968744,204.17649313655033,0.004638671875,,0.0087890625,0.00048828125,2180,0.0003447584958902482,32,0.0003447584958902482,0,0.0003447584958902482,0.0003447584958902482,0.0003447584958902482,104:0.0019568758789739737;104:0.0019568758789739737;106:0.001519856660722435;106:0.001519856660722435;117:0.001125281525696381;117:0.001125281525696381,104:68;104:68;106:68;106:68;117:68;117:68,104:0.0013115215227338939;104:0.0013115215227338939;106:0.001285835161497717;106:0.001285835161497717;117:0.001005152018103861;117:0.001005152018103861,0.004638671875,0.00048828125,Yes,ibm_kingston,2026-09-25 16:56:35+05:00
106,94.19216852811965,108.57364352690205,0.0272216796875,,0.050048828125,0.00439453125,2180,0.00031095848863274745,32,0.00031095848863274745,0,0.00031095848863274745,0.00031095848863274745,0.00031095848863274745,107:0.0013373865886938396;107:0.0013373865886938396;105:0.001519856660722435;105:0.001519856660722435,107:68;107:68;105:68;105:68,107:0.0027461973607229018;107:0.0027461973607229018;105:0.001285835161497717;105:0.001285835161497717,0.0272216796875,0.00439453125,Yes,ibm_kingston,2026-09-25 16:56:35+05:00
107,253.73815091349041,267.30641481696046,0.15673828125,,0.3115234375,0.001953125,2180,0.00021739064773295357,32,0.00021739064773295357,0,0.00021739064773295357,0.00021739064773295357,0.00021739064773295357,106:0.0013373865886938396;106:0.0013373865886938396;108:0.0018219988746604743;108:0.0018219988746604743;97:0.0017198954032062175;97:0.0017198954032062175,106:68;106:68;108:68;108:68;97:68;97:68,106:0.0027461973607229018;106:0.0027461973607229018;108:0.002408345876026341;108:0.002408345876026341;97:0.0025230253803948943;97:0.0025230253803948943,0.15673828125,0.001953125,Yes,ibm_kingston,2026-09-25 16:56:35+05:00
108,177.60759777388432,154.36509912951442,0.0057373046875,,0.0087890625,0.002685546875,2180,0.0005480539626902844,32,0.0005480539626902844,0,0.0005480539626902844,0.0005480539626902844,0.0005480539626902844,107:0.0018219988746604743;107:0.0018219988746604743;109:0.001670827667539787;109:0.001670827667539787,107:68;107:68;109:68;109:68,107:0.002408345876026341;107:0.002408345876026341;109:0.0013168313924991903;109:0.0013168313924991903,0.0057373046875,0.002685546875,Yes,ibm_kingston,2026-09-25 16:56:35+05:00
109,169.93289507836346,171.36006254425394,0.0037841796875,,0.00634765625,0.001220703125,2180,0.00023356953504440536,32,0.00023356953504440536,0,0.00023356953504440536,0.00023356953504440536,0.00023356953504440536,108:0.001670827667539787;108:0.001670827667539787;110:0.0019175374862072103;110:0.0019175374862072103;118:0.0026853179713861586;118:0.0026853179713861586,108:68;108:68;110:68;110:68;118:68;118:68,108:0.0013168313924991903;108:0.0013168313924991903;110:0.0012516699733566283;110:0.0012516699733566283;118:0.0023741689384216003;118:0.0023741689384216003,0.0037841796875,0.001220703125,Yes,ibm_kingston,2026-09-25 16:56:35+05:00
110,164.48661823177295,108.29661482010289,0.0037841796875,,0.006103515625,0.00146484375,2180,0.0003480078323197801,32,0.0003480078323197801,0,0.0003480078323197801,0.0003480078323197801,0.0003480078323197801,109:0.0019175374862072103;109:0.0019175374862072103;111:0.0052377515614288606;111:0.0052377515614288606,109:68;109:68;111:68;111:68,109:0.0012516699733566283;109:0.0012516699733566283;111:0.0014027474225498104;111:0.0014027474225498104,0.0037841796875,0.00146484375,Yes,ibm_kingston,2026-09-25 16:56:35+05:00
111,224.81815677515598,175.01082208111,0.010498046875,,0.0166015625,0.00439453125,2180,0.00017775557561836052,32,0.00017775557561836052,0,0.00017775557561836052,0.00017775557561836052,0.00017775557561836052,112:0.1759938398063207;112:0.1759938398063207;110:0.0052377515614288606;110:0.0052377515614288606;98:0.0025870845926995734;98:0.0025870845926995734,112:68;112:68;110:68;110:68;98:68;98:68,112:1;112:1;110:0.0014027474225498104;110:0.0014027474225498104;98:0.001417526289825527;98:0.001417526289825527,0.010498046875,0.00439453125,Yes,ibm_kingston,2026-09-25 16:56:35+05:00
112,167.65333426427654,177.1059680295982,0.042724609375,,0.066650390625,0.018798828125,2180,0.013926879349709419,32,0.013926879349709419,0,0.013926879349709419,0.013926879349709419,0.013926879349709419,111:0.1759938398063207;111:0.1759938398063207;113:1;113:1,111:68;111:68;113:68;113:68,111:1;111:1;113:1;113:1,0.042724609375,0.018798828125,Yes,ibm_kingston,2026-09-25 16:56:35+05:00
113,157.06923716076514,82.83628737592521,0.1541748046875,,0.216552734375,0.091796875,2180,1,32,1,0,1,1,1,119:0.0037078559166310587;119:0.0037078559166310587;112:1;112:1;114:0.0023661233360660894;114:0.0023661233360660894,119:68;119:68;112:68;112:68;114:68;114:68,119:0.00346026424370377;119:0.00346026424370377;112:1;112:1;114:0.007449515909658949;114:0.007449515909658949,0.1541748046875,0.091796875,Yes,ibm_kingston,2026-09-25 16:56:35+05:00
114,150.53631338945746,47.91127750630737,0.016845703125,,0.01708984375,0.0166015625,2180,0.0001800153854341049,32,0.0001800153854341049,0,0.0001800153854341049,0.0001800153854341049,0.0001800153854341049,115:0.004907572119703801;115:0.004907572119703801;113:0.0023661233360660894;113:0.0023661233360660894,115:68;115:68;113:68;113:68,115:0.004049030439960716;115:0.004049030439960716;113:0.007449515909658949;113:0.007449515909658949,0.016845703125,0.0166015625,Yes,ibm_kingston,2026-09-25 16:56:35+05:00
115,301.64976057429624,17.040727018872598,0.009765625,,0.01171875,0.0078125,2180,0.00020059463930103744,32,0.00020059463930103744,0,0.00020059463930103744,0.00020059463930103744,0.00020059463930103744,99:0.004742828456404502;99:0.004742828456404502;114:0.004907572119703801;114:0.004907572119703801,99:68;99:68;114:68;114:68,99:0.0036232128799998653;99:0.0036232128799998653;114:0.004049030439960716;114:0.004049030439960716,0.009765625,0.0078125,Yes,ibm_kingston,2026-09-25 16:56:35+05:00
116,151.0679183002918,172.31955467819827,0.026611328125,,0.02685546875,0.0263671875,2180,0.0002522556632163705,32,0.0002522556632163705,0,0.0002522556632163705,0.0002522556632163705,0.0002522556632163705,101:0.0011451473804542645;101:0.0011451473804542645;121:0.07102312477713951;121:0.07102312477713951,101:68;101:68;121:68;121:68,101:0.001599289188206815;101:0.001599289188206815;121:0.07235876605078154;121:0.07235876605078154,0.026611328125,0.0263671875,Yes,ibm_kingston,2026-09-25 16:56:35+05:00
117,236.4115388292859,175.11889143450801,0.0047607421875,,0.007568359375,0.001953125,2180,0.0001485430342120595,32,0.0001485430342120595,0,0.0001485430342120595,0.0001485430342120595,0.0001485430342120595,105:0.001125281525696381;105:0.001125281525696381;125:0.0012222814119276226;125:0.0012222814119276226,105:68;105:68;125:68;125:68,105:0.001005152018103861;105:0.001005152018103861;125:0.001993947336884322;125:0.001993947336884322,0.0047607421875,0.001953125,Yes,ibm_kingston,2026-09-25 16:56:35+05:00
118,48.71205571577712,41.79037640280808,0.005859375,,0.00244140625,0.0029296875,2180,0.0003314901351227242,32,0.0003314901351227242,0,0.0003314901351227242,0.0003314901351227242,0.0003314901351227242,109:0.0026853179713861586;109:0.0026853179713861586;129:0.0020917466450097455;129:0.0020917466450097455,109:68;109:68;129:68;129:68,109:0.0023741689384216003;109:0.0023741689384216003;129:0.0019124848887936696;129:0.0019124848887936696,0.005859375,0.0029296875,Yes,ibm_kingston,2026-09-25 16:56:35+05:00
119,193.05974789726844,180.82599139798876,0.010009765625,,0.01416015625,0.005859375,2180,0.0007704646845393326,32,0.0007704646845393326,0,0.0007704646845393326,0.0007704646845393326,0.0007704646845393326,113:0.0037078559166310587;113:0.0037078559166310587;133:0.03203403960755197;133:0.03203403960755197,113:68;113:68;133:68;133:68,113:0.00346026424370377;113:0.00346026424370377;133:0.040982856761317354;133:0.040982856761317354,0.010009765625,0.005859375,Yes,ibm_kingston,2026-09-25 16:56:35+05:00
120,137.50715021593007,123.49870130386037,0.0235595703125,,0.044921875,0.002197265625,2180,0.0016546559960992878,32,0.0016546559960992878,0,0.0016546559960992878,0.0016546559960992878,0.0016546559960992878,121:0.18021993824425456;121:0.18021993824425456,121:68;121:68,121:0.13431193472717073;121:0.13431193472717073,0.0235595703125,0.002197265625,Yes,ibm_kingston,2026-09-25 16:56:35+05:00
121,8.897378048863132,25.636631187774977,0.2613525390625,,0.284912109375,0.23779296875,2180,1,32,1,0,1,1,1,120:0.18021993824425456;120:0.18021993824425456;122:0.04914454984337499;122:0.04914454984337499;116:0.07102312477713951;116:0.07102312477713951,120:68;120:68;122:68;122:68;116:68;116:68,120:0.13431193472717073;120:0.13431193472717073;122:0.06791796034125167;122:0.06791796034125167;116:0.07235876605078154;116:0.07235876605078154,0.2613525390625,0.23779296875,Yes,ibm_kingston,2026-09-25 16:56:35+05:00
122,133.86477529464534,104.43056645549756,0.0047607421875,,0.008544921875,0.0009765625,2180,0.00017273200608045443,32,0.00017273200608045443,0,0.00017273200608045443,0.00017273200608045443,0.00017273200608045443,121:0.04914454984337499;121:0.04914454984337499;123:0.0011034943301009015;123:0.0011034943301009015,121:68;121:68;123:68;123:68,121:0.06791796034125167;121:0.06791796034125167;123:0.0014847460400738977;123:0.0014847460400738977,0.0047607421875,0.0009765625,Yes,ibm_kingston,2026-09-25 16:56:35+05:00
123,240.03920308244858,24.725298131505195,0.013671875,,0.015380859375,0.011962890625,2180,0.000262904515565768,32,0.000262904515565768,0,0.000262904515565768,0.000262904515565768,0.000262904515565768,136:0.0015788943431038205;136:0.0015788943431038205;124:0.001451363886071838;124:0.001451363886071838;122:0.0011034943301009015;122:0.0011034943301009015,136:68;136:68;124:68;124:68;122:68;122:68,136:0.0011824506210641461;136:0.0011824506210641461;124:0.001734277536448059;124:0.001734277536448059;122:0.0014847460400738977;122:0.0014847460400738977,0.013671875,0.011962890625,Yes,ibm_kingston,2026-09-25 16:56:35+05:00
124,242.66378060453133,148.96983111457263,0.0147705078125,,0.025634765625,0.00390625,2180,0.000323244243755721,32,0.000323244243755721,0,0.000323244243755721,0.000323244243755721,0.000323244243755721,123:0.001451363886071838;123:0.001451363886071838;125:0.0015711376357226692;125:0.0015711376357226692,123:68;123:68;125:68;125:68,123:0.001734277536448059;123:0.001734277536448059;125:0.0025086749298383615;125:0.0025086749298383615,0.0147705078125,0.00390625,Yes,ibm_kingston,2026-09-25 16:56:35+05:00
125,331.12606651354395,405.9770680729806,0.026123046875,,0.047119140625,0.005126953125,2180,0.00044287520247445475,32,0.00044287520247445475,0,0.00044287520247445475,0.00044287520247445475,0.00044287520247445475,117:0.0012222814119276226;117:0.0012222814119276226;124:0.0015711376357226692;124:0.0015711376357226692;126:0.001267409249280621;126:0.001267409249280621,117:68;117:68;124:68;124:68;126:68;126:68,117:0.001993947336884322;117:0.001993947336884322;124:0.0025086749298383615;124:0.0025086749298383615;126:0.001276917979264769;126:0.001276917979264769,0.026123046875,0.005126953125,Yes,ibm_kingston,2026-09-25 16:56:35+05:00
126,150.1683637814652,189.91629269863435,0.0084228515625,,0.010986328125,0.005859375,2180,0.0005026975957550349,32,0.0005026975957550349,0,0.0005026975957550349,0.0005026975957550349,0.0005026975957550349,127:0.0013004394257037644;127:0.0013004394257037644;125:0.001267409249280621;125:0.001267409249280621,127:68;127:68;125:68;125:68,127:0.0013393642621644941;127:0.0013393642621644941;125:0.001276917979264769;125:0.001276917979264769,0.0084228515625,0.005859375,Yes,ibm_kingston,2026-09-25 16:56:35+05:00
127,273.4243113145462,289.087197813833,0.0455322265625,,0.04296875,0.048095703125,2180,0.00038690360421909345,32,0.00038690360421909345,0,0.00038690360421909345,0.00038690360421909345,0.00038690360421909345,126:0.0013004394257037644;126:0.0013004394257037644;128:0.0027820157902820053;128:0.0027820157902820053;137:0.0015641629491050801;137:0.0015641629491050801,126:68;126:68;128:68;128:68;137:68;137:68,126:0.0013393642621644941;126:0.0013393642621644941;128:0.0020369032366206463;128:0.0020369032366206463;137:0.0011526727992478836;137:0.0011526727992478836,0.0455322265625,0.048095703125,Yes,ibm_kingston,2026-09-25 16:56:35+05:00
128,179.24617753298594,57.91829605277834,0.011962890625,,0.02197265625,0.001953125,2180,0.00020100166187554127,32,0.00020100166187554127,0,0.00020100166187554127,0.00020100166187554127,0.00020100166187554127,127:0.0027820157902820053;127:0.0027820157902820053;129:0.0017253093328495617;129:0.0017253093328495617,127:68;127:68;129:68;129:68,127:0.0020369032366206463;127:0.0020369032366206463;129:0.0026569149750959864;129:0.0026569149750959864,0.011962890625,0.001953125,Yes,ibm_kingston,2026-09-25 16:56:35+05:00
129,183.7077415583282,123.4834929881909,0.007568359375,,0.007568359375,0.007568359375,2180,0.00023763631441266322,32,0.00023763631441266322,0,0.00023763631441266322,0.00023763631441266322,0.00023763631441266322,130:0.005375845068716578;130:0.005375845068716578;128:0.0017253093328495617;128:0.0017253093328495617;118:0.0020917466450097455;118:0.0020917466450097455,130:68;130:68;128:68;128:68;118:68;118:68,130:0.004768773032553381;130:0.004768773032553381;128:0.0026569149750959864;128:0.0026569149750959864;118:0.0019124848887936696;118:0.0019124848887936696,0.007568359375,0.007568359375,Yes,ibm_kingston,2026-09-25 16:56:35+05:00
130,166.67995697584792,144.03448664694568,0.02294921875,,0.0390625,0.0068359375,2180,0.00030578401481053965,32,0.00030578401481053965,0,0.00030578401481053965,0.00030578401481053965,0.00030578401481053965,129:0.005375845068716578;129:0.005375845068716578;131:1;131:1,129:68;129:68;131:68;131:68,129:0.004768773032553381;129:0.004768773032553381;131:1;131:1,0.02294921875,0.0068359375,Yes,ibm_kingston,2026-09-25 16:56:35+05:00
131,60.33608703062646,46.19615968610437,0.0897216796875,,0.077880859375,0.1015625,2180,0.008988141136989114,32,0.008988141136989114,0,0.008988141136989114,0.008988141136989114,0.008988141136989114,138:0.02172891203696864;138:0.02172891203696864;130:1;130:1;132:0.025389081320787266;132:0.025389081320787266,138:68;138:68;130:68;130:68;132:68;132:68,138:0.027863253907534496;138:0.027863253907534496;130:1;130:1;132:0.015237204818961875;132:0.015237204818961875,0.0897216796875,0.1015625,Yes,ibm_kingston,2026-09-25 16:56:35+05:00
132,247.9039708867533,266.2267098591316,0.0076904296875,,0.01025390625,0.005126953125,2180,0.00019711285625142325,32,0.00019711285625142325,0,0.00019711285625142325,0.00019711285625142325,0.00019711285625142325,133:0.0030080783136741673;133:0.0030080783136741673;131:0.025389081320787266;131:0.025389081320787266,133:68;133:68;131:68;131:68,133:0.0018301960207883494;133:0.0018301960207883494;131:0.015237204818961875;131:0.015237204818961875,0.0076904296875,0.005126953125,Yes,ibm_kingston,2026-09-25 16:56:35+05:00
133,209.0970299708067,135.69835732297878,0.004638671875,,0.008544921875,0.000732421875,2180,0.0003401515453252049,32,0.0003401515453252049,0,0.0003401515453252049,0.0003401515453252049,0.0003401515453252049,132:0.0030080783136741673;132:0.0030080783136741673;134:0.002215491427750682;134:0.002215491427750682;119:0.03203403960755197;119:0.03203403960755197,132:68;132:68;134:68;134:68;119:68;119:68,132:0.0018301960207883494;132:0.0018301960207883494;134:0.0015262243105813311;134:0.0015262243105813311;119:0.040982856761317354;119:0.040982856761317354,0.004638671875,0.000732421875,Yes,ibm_kingston,2026-09-25 16:56:35+05:00
134,247.46088566654484,138.45306277219441,0.00439453125,,0.00732421875,0.00146484375,2180,0.00019841107207135188,32,0.00019841107207135188,0,0.00019841107207135188,0.00019841107207135188,0.00019841107207135188,133:0.002215491427750682;133:0.002215491427750682;135:0.002217284174779177;135:0.002217284174779177,133:68;133:68;135:68;135:68,133:0.0015262243105813311;133:0.0015262243105813311;135:0.002217698726964923;135:0.002217698726964923,0.00439453125,0.00146484375,Yes,ibm_kingston,2026-09-25 16:56:35+05:00
135,76.64356028129589,81.54538653836565,0.0177001953125,,0.02685546875,0.01171875,2180,0.0005716096297866763,32,0.0005716096297866763,0,0.0005716096297866763,0.0005716096297866763,0.0005716096297866763,134:0.002217284174779177;134:0.002217284174779177;139:0.0020736106133690257;139:0.0020736106133690257,134:68;134:68;139:68;139:68,134:0.002217698726964923;134:0.002217698726964923;139:0.0021209565048930235;139:0.0021209565048930235,0.0177001953125,0.01171875,Yes,ibm_kingston,2026-09-25 16:56:35+05:00
136,206.04405918708923,308.38882649332646,0.0068359375,,0.009765625,0.00390625,2180,0.0003233153014879442,32,0.0003233153014879442,0,0.0003233153014879442,0.0003233153014879442,0.0003233153014879442,123:0.0015788943431038205;123:0.0015788943431038205;143:0.0018597520153425529;143:0.0018597520153425529,123:68;123:68;143:68;143:68,123:0.0011824506210641461;123:0.0011824506210641461;143:0.0024611832652341736;143:0.0024611832652341736,0.0068359375,0.00390625,Yes,ibm_kingston,2026-09-25 16:56:35+05:00
137,73.18885555042101,20.798574531948734,0.00634765625,,0.011474609375,0.001220703125,2180,0.0003061166369320052,32,0.0003061166369320052,0,0.0003061166369320052,0.0003061166369320052,0.0003061166369320052,147:0.0030028142644735467;147:0.0030028142644735467;127:0.0015641629491050801;127:0.0015641629491050801,147:68;147:68;127:68;127:68,147:0.0023798369286150423;147:0.0023798369286150423;127:0.0011526727992478836;127:0.0011526727992478836,0.00634765625,0.001220703125,Yes,ibm_kingston,2026-09-25 16:56:35+05:00
138,288.95762654209426,92.30091145784539,0.010498046875,,0.01416015625,0.0068359375,2180,0.00015252325816564983,32,0.00015252325816564983,0,0.00015252325816564983,0.00015252325816564983,0.00015252325816564983,151:0.0014398495363554809;151:0.0014398495363554809;131:0.02172891203696864;131:0.02172891203696864,151:80;151:80;131:68;131:68,151:0.0014264217862403339;151:0.0014264217862403339;131:0.027863253907534496;131:0.027863253907534496,0.010498046875,0.0068359375,Yes,ibm_kingston,2026-09-25 16:56:35+05:00
139,238.7546103186292,13.777581873319301,0.0181884765625,,0.017578125,0.018798828125,2180,0.0002541229220175606,32,0.0002541229220175606,0,0.0002541229220175606,0.0002541229220175606,0.0002541229220175606,155:0.006699488873470827;155:0.006699488873470827;135:0.0020736106133690257;135:0.0020736106133690257,155:68;155:68;135:68;135:68,155:0.003584745721497501;155:0.003584745721497501;135:0.0021209565048930235;135:0.0021209565048930235,0.0181884765625,0.018798828125,Yes,ibm_kingston,2026-09-25 16:56:35+05:00
140,269.1560050601448,420.7300882740071,0.0079345703125,,0.01025390625,0.005615234375,2180,0.0002046179318736445,32,0.0002046179318736445,0,0.0002046179318736445,0.0002046179318736445,0.0002046179318736445,141:0.0013474466447316313;141:0.0013474466447316313,141:68;141:68,141:0.0013021307819036099;141:0.0013021307819036099,0.0079345703125,0.005615234375,Yes,ibm_kingston,2026-09-25 16:56:35+05:00
141,154.25690451012207,139.33884535027818,0.0069580078125,,0.009521484375,0.00439453125,2180,0.0002302801025770044,32,0.0002302801025770044,0,0.0002302801025770044,0.0002302801025770044,0.0002302801025770044,140:0.0013474466447316313;140:0.0013474466447316313;142:0.001167723445781449;142:0.001167723445781449,140:68;140:68;142:68;142:68,140:0.0013021307819036099;140:0.0013021307819036099;142:0.0015088814236680903;142:0.0015088814236680903,0.0069580078125,0.00439453125,Yes,ibm_kingston,2026-09-25 16:56:35+05:00
142,265.7880443843555,205.2512074974244,0.01123046875,,0.01513671875,0.00732421875,2180,0.0001704745286386743,32,0.0001704745286386743,0,0.0001704745286386743,0.0001704745286386743,0.0001704745286386743,143:0.0015773786144140933;143:0.0015773786144140933;141:0.001167723445781449;141:0.001167723445781449,143:68;143:68;141:68;141:68,143:0.0012850665653731386;143:0.0012850665653731386;141:0.0015088814236680903;141:0.0015088814236680903,0.01123046875,0.00732421875,Yes,ibm_kingston,2026-09-25 16:56:35+05:00
143,314.133701280402,45.77223603546686,0.0048828125,,0.00830078125,0.00146484375,2180,0.00016895884383222193,32,0.00016895884383222193,0,0.00016895884383222193,0.00016895884383222193,0.00016895884383222193,142:0.0015773786144140933;142:0.0015773786144140933;144:0.0016291308558717688;144:0.0016291308558717688;136:0.0018597520153425529;136:0.0018597520153425529,142:68;142:68;144:68;144:68;136:68;136:68,142:0.0012850665653731386;142:0.0012850665653731386;144:0.0012699386286106895;144:0.0012699386286106895;136:0.0024611832652341736;136:0.0024611832652341736,0.0048828125,0.00146484375,Yes,ibm_kingston,2026-09-25 16:56:35+05:00
144,173.7919511931964,287.6171317915086,0.0054931640625,,0.006591796875,0.00439453125,2180,0.00014724693645779943,32,0.00014724693645779943,0,0.00014724693645779943,0.00014724693645779943,0.00014724693645779943,145:0.04499454545759046;145:0.04499454545759046;143:0.0016291308558717688;143:0.0016291308558717688,145:68;145:68;143:68;143:68,145:0.03908297552055176;145:0.03908297552055176;143:0.0012699386286106895;143:0.0012699386286106895,0.0054931640625,0.00439453125,Yes,ibm_kingston,2026-09-25 16:56:35+05:00
145,208.57376870291574,138.31895739361835,0.0123291015625,,0.01611328125,0.008544921875,2180,0.0010405541539796337,32,0.0010405541539796337,0,0.0010405541539796337,0.0010405541539796337,0.0010405541539796337,144:0.04499454545759046;144:0.04499454545759046;146:1;146:1,144:68;144:68;146:68;146:68,144:0.03908297552055176;144:0.03908297552055176;146:1;146:1,0.0123291015625,0.008544921875,Yes,ibm_kingston,2026-09-25 16:56:35+05:00
146,,,0.5052490234375,,0.512451171875,0.498046875,2180,1,32,1,0,1,1,1,145:1;145:1;147:1;147:1,145:68;145:68;147:68;147:68,145:1;145:1;147:1;147:1,0.5052490234375,0.498046875,Yes,ibm_kingston,2026-09-25 16:56:35+05:00
147,292.60292552354315,98.22832125229037,0.0037841796875,,0.006591796875,0.0009765625,2180,0.0013576243027514847,32,0.0013576243027514847,0,0.0013576243027514847,0.0013576243027514847,0.0013576243027514847,148:0.003314735055166579;148:0.003314735055166579;137:0.0030028142644735467;137:0.0030028142644735467;146:1;146:1,148:68;148:68;137:68;137:68;146:68;146:68,148:0.002862150697797272;148:0.002862150697797272;137:0.0023798369286150423;137:0.0023798369286150423;146:1;146:1,0.0037841796875,0.0009765625,Yes,ibm_kingston,2026-09-25 16:56:35+05:00
148,216.0286862136373,209.61150578757236,0.008544921875,,0.008544921875,0.008544921875,2180,0.00011104586848905202,32,0.00011104586848905202,0,0.00011104586848905202,0.00011104586848905202,0.00011104586848905202,147:0.003314735055166579;147:0.003314735055166579;149:0.0022415531221564033;149:0.0022415531221564033,147:68;147:68;149:68;149:68,147:0.002862150697797272;147:0.002862150697797272;149:0.001927226197003945;149:0.001927226197003945,0.008544921875,0.008544921875,Yes,ibm_kingston,2026-09-25 16:56:35+05:00
149,107.63609630215298,149.36541856052906,0.0037841796875,,0.005859375,0.001708984375,2180,0.0003990331699806987,32,0.0003990331699806987,0,0.0003990331699806987,0.0003990331699806987,0.0003990331699806987,150:0.0028451963548044024;150:0.0028451963548044024;148:0.0022415531221564033;148:0.0022415531221564033,150:68;150:68;148:68;148:68,150:0.0031940355546021537;150:0.0031940355546021537;148:0.001927226197003945;148:0.001927226197003945,0.0037841796875,0.001708984375,Yes,ibm_kingston,2026-09-25 16:56:35+05:00
150,274.0634739063546,262.54866125927754,0.00537109375,,0.00830078125,0.00244140625,2180,0.00024514791145499495,32,0.00024514791145499495,0,0.00024514791145499495,0.00024514791145499495,0.00024514791145499495,149:0.0028451963548044024;149:0.0028451963548044024;151:0.00233119044018662;151:0.00233119044018662,149:68;149:68;151:68;151:68,149:0.0031940355546021537;149:0.0031940355546021537;151:0.0015095439779097275;151:0.0015095439779097275,0.00537109375,0.00244140625,Yes,ibm_kingston,2026-09-25 16:56:35+05:00
151,251.07150451405874,180.34763851223434,0.005615234375,,0.0078125,0.00341796875,2180,0.00019278099029928703,32,0.00019278099029928703,0,0.00019278099029928703,0.00019278099029928703,0.00019278099029928703,138:0.0014398495363554809;138:0.0014398495363554809;152:0.0011560440058515087;152:0.0011560440058515087;150:0.00233119044018662;150:0.00233119044018662,138:80;138:80;152:68;152:68;150:68;150:68,138:0.0014264217862403339;138:0.0014264217862403339;152:0.0012121217316538868;152:0.0012121217316538868;150:0.0015095439779097275;150:0.0015095439779097275,0.005615234375,0.00341796875,Yes,ibm_kingston,2026-09-25 16:56:35+05:00
152,259.821992894846,115.2804886665535,0.0059814453125,,0.0107421875,0.002685546875,2180,0.0002051668937648599,32,0.0002051668937648599,0,0.0002051668937648599,0.0002051668937648599,0.0002051668937648599,151:0.0011560440058515087;151:0.0011560440058515087;153:0.0011293331706148657;153:0.0011293331706148657,151:68;151:68;153:68;153:68,151:0.0012121217316538868;151:0.0012121217316538868;153:0.0010217980139337612;153:0.0010217980139337612,0.0059814453125,0.002685546875,Yes,ibm_kingston,2026-09-25 16:56:35+05:00
153,325.7531077540473,246.5988855381789,0.0230712890625,,0.02978515625,0.016357421875,2180,0.0004164594453705232,32,0.0004164594453705232,0,0.0004164594453705232,0.0004164594453705232,0.0004164594453705232,152:0.0011293331706148657;152:0.0011293331706148657;154:0.00265019147585005;154:0.00265019147585005,152:68;152:68;154:68;154:68,152:0.0010217980139337612;152:0.0010217980139337612;154:0.0024246618332036673;154:0.0024246618332036673,0.0230712890625,0.016357421875,Yes,ibm_kingston,2026-09-25 16:56:35+05:00
154,166.06540370919376,112.90537980908726,0.0045166015625,,0.006103515625,0.0029296875,2180,0.00029971987612584564,32,0.00029971987612584564,0,0.00029971987612584564,0.00029971987612584564,0.00029971987612584564,153:0.00265019147585005;153:0.00265019147585005;155:0.0013426272679293305;155:0.0013426272679293305,153:68;153:68;155:68;155:68,153:0.0024246618332036673;153:0.0024246618332036673;155:0.0015495009999090814;155:0.0015495009999090814,0.0045166015625,0.0029296875,Yes,ibm_kingston,2026-09-25 16:56:35+05:00
155,258.90385814845786,277.6959395422673,0.006591796875,,0.010009765625,0.003173828125,2180,0.0002537508538378315,32,0.0002537508538378315,0,0.0002537508538378315,0.0002537508538378315,0.0002537508538378315,139:0.006699488873470827;139:0.006699488873470827;154:0.0013426272679293305;154:0.0013426272679293305,139:68;139:68;154:68;154:68,139:0.003584745721497501;139:0.003584745721497501;154:0.0015495009999090814;154:0.0015495009999090814,0.006591796875,0.003173828125,Yes,ibm_kingston,2026-09-25 16:56:35+05:00
0,336.4666395643966,468.7343078897478,0.009033203125,,0.012939453125,0.005126953125,2180,0.00036422703918566763,32,0.00036422703918566763,0,0.00036422703918566763,0.00036422703918566763,0.00036422703918566763,1:0.0007685550737635549;1:0.0007685550737635549,1:68;1:68,1:0.0009227235991412508;1:0.0009227235991412508,0.009033203125,0.005126953125,Yes,ibm_kingston,2026-09-25 16:24:07+05:00
1,280.9960053347357,321.25412437663687,0.0108642578125,,0.012451171875,0.00927734375,2180,0.00011410640506216502,32,0.00011410640506216502,0,0.00011410640506216502,0.00011410640506216502,0.00011410640506216502,2:0.0013713694058352932;2:0.0013713694058352932;0:0.0007685550737635549;0:0.0007685550737635549,2:68;2:68;0:68;0:68,2:0.0008610386114593083;2:0.0008610386114593083;0:0.0009227235991412508;0:0.0009227235991412508,0.0108642578125,0.00927734375,Yes,ibm_kingston,2026-09-25 16:24:07+05:00
2,187.92005589258065,100.07122793231295,0.010986328125,,0.015625,0.00634765625,2180,0.00019858639151095652,32,0.00019858639151095652,0,0.00019858639151095652,0.00019858639151095652,0.00019858639151095652,1:0.0013713694058352932;1:0.0013713694058352932;3:0.0016701224888926447;3:0.0016701224888926447,1:68;1:68;3:68;3:68,1:0.0008610386114593083;1:0.0008610386114593083;3:0.0017697064365315707;3:0.0017697064365315707,0.010986328125,0.00634765625,Yes,ibm_kingston,2026-09-25 16:24:07+05:00
3,173.03629054452213,110.15832573101653,0.00439453125,,0.008056640625,0.000732421875,2180,0.0003879576060245071,32,0.0003879576060245071,0,0.0003879576060245071,0.0003879576060245071,0.0003879576060245071,16:0.0011038996790617983;16:0.0011038996790617983;2:0.0016701224888926447;2:0.0016701224888926447;4:0.0019331863087419243;4:0.0019331863087419243,16:68;16:68;2:68;2:68;4:68;4:68,16:0.0013015384968247945;16:0.0013015384968247945;2:0.0017697064365315707;2:0.0017697064365315707;4:0.0024083776081075536;4:0.0024083776081075536,0.00439453125,0.000732421875,Yes,ibm_kingston,2026-09-25 16:24:07+05:00
4,266.11439479096566,76.02954183621893,0.0087890625,,0.013671875,0.00390625,2180,0.00027256219881772027,32,0.00027256219881772027,0,0.00027256219881772027,0.00027256219881772027,0.00027256219881772027,3:0.0019331863087419243;3:0.0019331863087419243;5:0.0018627761934583986;5:0.0018627761934583986,3:68;3:68;5:68;5:68,3:0.0024083776081075536;3:0.0024083776081075536;5:0.0023897624482911994;5:0.0023897624482911994,0.0087890625,0.00390625,Yes,ibm_kingston,2026-09-25 16:24:07+05:00
5,105.85956909378632,60.06673524284885,0.00732421875,,0.0078125,0.0068359375,2180,0.00036919063205924016,32,0.00036919063205924016,0,0.00036919063205924016,0.00036919063205924016,0.00036919063205924016,6:0.002765011755596708;6:0.002765011755596708;4:0.0018627761934583986;4:0.0018627761934583986,6:68;6:68;4:68;4:68,6:0.0025465187514958354;6:0.0025465187514958354;4:0.0023897624482911994;4:0.0023897624482911994,0.00732421875,0.0068359375,Yes,ibm_kingston,2026-09-25 16:24:07+05:00
6,271.514824283891,134.25077178225482,0.010498046875,,0.015625,0.00537109375,2180,0.00035298299578489026,32,0.00035298299578489026,0,0.00035298299578489026,0.00035298299578489026,0.00035298299578489026,5:0.002765011755596708;5:0.002765011755596708;7:0.0075011588334764345;7:0.0075011588334764345,5:68;5:68;7:80;7:80,5:0.0025465187514958354;5:0.0025465187514958354;7:0.007301377050822483;7:0.007301377050822483,0.010498046875,0.00537109375,Yes,ibm_kingston,2026-09-25 16:24:07+05:00
7,209.4857195084155,96.89852945723719,0.023193359375,,0.020751953125,0.025634765625,2180,0.00032437786499364744,32,0.00032437786499364744,0,0.00032437786499364744,0.00032437786499364744,0.00032437786499364744,17:0.006197844553408854;17:0.006197844553408854;6:0.0075011588334764345;6:0.0075011588334764345;8:0.007593024340945859;8:0.007593024340945859,17:68;17:68;6:80;6:80;8:68;8:68,17:0.0042906598671491325;17:0.0042906598671491325;6:0.007301377050822483;6:0.007301377050822483;8:0.006357333455077829;8:0.006357333455077829,0.023193359375,0.025634765625,Yes,ibm_kingston,2026-09-25 16:24:07+05:00
8,208.64620207141348,86.33695481199273,0.0108642578125,,0.015869140625,0.005859375,2180,0.00020785027159169695,32,0.00020785027159169695,0,0.00020785027159169695,0.00020785027159169695,0.00020785027159169695,9:0.0026150163260615644;9:0.0026150163260615644;7:0.007593024340945859;7:0.007593024340945859,9:68;9:68;7:68;7:68,9:0.0017102295146800561;9:0.0017102295146800561;7:0.006357333455077829;7:0.006357333455077829,0.0108642578125,0.005859375,Yes,ibm_kingston,2026-09-25 16:24:07+05:00
9,105.66086432414207,44.552741548619935,0.0047607421875,,0.00927734375,0.000244140625,2180,0.0004956588278037463,32,0.0004956588278037463,0,0.0004956588278037463,0.0004956588278037463,0.0004956588278037463,8:0.0026150163260615644;8:0.0026150163260615644;10:0.0032107320211162693;10:0.0032107320211162693,8:68;8:68;10:68;10:68,8:0.0017102295146800561;8:0.0017102295146800561;10:0.001878273740331865;10:0.001878273740331865,0.0047607421875,0.000244140625,Yes,ibm_kingston,2026-09-25 16:24:07+05:00
10,255.17293533879348,23.490202936856473,0.00341796875,,0.005126953125,0.001708984375,2180,0.0002567650967268688,32,0.0002567650967268688,0,0.0002567650967268688,0.0002567650967268688,0.0002567650967268688,9:0.0032107320211162693;9:0.0032107320211162693;11:0.0012787066211835119;11:0.0012787066211835119,9:68;9:68;11:68;11:68,9:0.001878273740331865;9:0.001878273740331865;11:0.0012584612983725652;11:0.0012584612983725652,0.00341796875,0.001708984375,Yes,ibm_kingston,2026-09-25 16:24:07+05:00
11,295.916366621202,112.2258811311623,0.00341796875,,0.005859375,0.0009765625,2180,0.00028911162733397523,32,0.00028911162733397523,0,0.00028911162733397523,0.00028911162733397523,0.00028911162733397523,18:0.0018603688671818275;18:0.0018603688671818275;10:0.0012787066211835119;10:0.0012787066211835119;12:0.0010334791364512708;12:0.0010334791364512708,18:68;18:68;10:68;10:68;12:68;12:68,18:0.002413510989774298;18:0.002413510989774298;10:0.0012584612983725652;10:0.0012584612983725652;12:0.001088830861913137;12:0.001088830861913137,0.00341796875,0.0009765625,Yes,ibm_kingston,2026-09-25 16:24:07+05:00
12,193.4450363159131,184.6625019956198,0.056884765625,,0.049072265625,0.064697265625,2180,0.00031025919644558496,32,0.00031025919644558496,0,0.00031025919644558496,0.00031025919644558496,0.00031025919644558496,13:0.0019125864022996042;13:0.0019125864022996042;11:0.0010334791364512708;11:0.0010334791364512708,13:68;13:68;11:68;11:68,13:0.0014686086216363636;13:0.0014686086216363636;11:0.001088830861913137;11:0.001088830861913137,0.056884765625,0.064697265625,Yes,ibm_kingston,2026-09-25 16:24:07+05:00
13,204.50588108337206,346.91001801183967,0.005859375,,0.00732421875,0.00439453125,2180,0.0004836004093861743,32,0.0004836004093861743,0,0.0004836004093861743,0.0004836004093861743,0.0004836004093861743,12:0.0019125864022996042;12:0.0019125864022996042;14:0.001428549119927458;14:0.001428549119927458,12:68;12:68;14:68;14:68,12:0.0014686086216363636;12:0.0014686086216363636;14:0.001284734171112939;14:0.001284734171112939,0.005859375,0.00439453125,Yes,ibm_kingston,2026-09-25 16:24:07+05:00
14,278.5087060520256,495.8365568530598,0.0269775390625,,0.028564453125,0.025390625,2180,0.00017671162310577411,32,0.00017671162310577411,0,0.00017671162310577411,0.00017671162310577411,0.00017671162310577411,15:0.003776848552281914;15:0.003776848552281914;13:0.001428549119927458;13:0.001428549119927458,15:68;15:68;13:68;13:68,15:0.0032423682414398636;15:0.0032423682414398636;13:0.001284734171112939;13:0.001284734171112939,0.0269775390625,0.025390625,Yes,ibm_kingston,2026-09-25 16:24:07+05:00
15,288.1078938911592,323.74776855326405,0.005615234375,,0.0078125,0.00341796875,2180,0.00012104365719404825,32,0.00012104365719404825,0,0.00012104365719404825,0.00012104365719404825,0.00012104365719404825,14:0.003776848552281914;14:0.003776848552281914;19:0.0020842019219582675;19:0.0020842019219582675,14:68;14:68;19:68;19:68,14:0.0032423682414398636;14:0.0032423682414398636;19:0.002543672398017588;19:0.002543672398017588,0.005615234375,0.00341796875,Yes,ibm_kingston,2026-09-25 16:24:07+05:00
16,140.56642979756649,241.67248771981875,0.0145263671875,,0.0185546875,0.01171875,2180,0.0001980679989231381,32,0.0001980679989231381,0,0.0001980679989231381,0.0001980679989231381,0.0001980679989231381,23:0.0015792635114248166;23:0.0015792635114248166;3:0.0011038996790617983;3:0.0011038996790617983,23:68;23:68;3:68;3:68,23:0.0014967134089556855;23:0.0014967134089556855;3:0.0013015384968247945;3:0.0013015384968247945,0.0145263671875,0.01171875,Yes,ibm_kingston,2026-09-25 16:24:07+05:00
17,302.84360081937217,154.78711827037392,0.0052490234375,,0.007568359375,0.0029296875,2180,0.000327484500037276,32,0.000327484500037276,0,0.000327484500037276,0.000327484500037276,0.000327484500037276,7:0.006197844553408854;7:0.006197844553408854;27:0.0015475941334729126;27:0.0015475941334729126,7:68;7:68;27:68;27:68,7:0.0042906598671491325;7:0.0042906598671491325;27:0.0015030274578072822;27:0.0015030274578072822,0.0052490234375,0.0029296875,Yes,ibm_kingston,2026-09-25 16:24:07+05:00
18,130.49564858488404,106.37860688767464,0.0091552734375,,0.010986328125,0.00732421875,2180,0.0005978462196236095,32,0.0005978462196236095,0,0.0005978462196236095,0.0005978462196236095,0.0005978462196236095,11:0.0018603688671818275;11:0.0018603688671818275;31:0.0022972534710548886;31:0.0022972534710548886,11:68;11:68;31:68;31:68,11:0.002413510989774298;11:0.002413510989774298;31:0.002781928049676974;31:0.002781928049676974,0.0091552734375,0.00732421875,Yes,ibm_kingston,2026-09-25 16:24:07+05:00
19,190.6013352358296,208.84558534288124,0.0494384765625,,0.095458984375,0.00341796875,2180,0.0002787973350378829,32,0.0002787973350378829,0,0.0002787973350378829,0.0002787973350378829,0.0002787973350378829,35:0.0012278206235848965;35:0.0012278206235848965;15:0.0020842019219582675;15:0.0020842019219582675,35:68;35:68;15:68;15:68,35:0.0019136529015843229;35:0.0019136529015843229;15:0.002543672398017588;15:0.002543672398017588,0.0494384765625,0.00341796875,Yes,ibm_kingston,2026-09-25 16:24:07+05:00
20,283.0906391190015,29.871099873509092,0.0111083984375,,0.011962890625,0.01025390625,2180,0.0003436797859333315,32,0.0003436797859333315,0,0.0003436797859333315,0.0003436797859333315,0.0003436797859333315,21:0.0020711265903758103;21:0.0020711265903758103,21:68;21:68,21:0.0016593569226790728;21:0.0016593569226790728,0.0111083984375,0.01025390625,Yes,ibm_kingston,2026-09-25 16:24:07+05:00
21,133.0316551576741,182.4919909639199,0.004638671875,,0.0078125,0.00146484375,2180,0.00048132531608610234,32,0.00048132531608610234,0,0.00048132531608610234,0.00048132531608610234,0.00048132531608610234,36:0.001362908699597598;36:0.001362908699597598;20:0.0020711265903758103;20:0.0020711265903758103;22:0.0016209504962347576;22:0.0016209504962347576,36:68;36:68;20:68;20:68;22:68;22:68,36:0.001044049377931372;36:0.001044049377931372;20:0.0016593569226790728;20:0.0016593569226790728;22:0.001735114474704924;22:0.001735114474704924,0.004638671875,0.00146484375,Yes,ibm_kingston,2026-09-25 16:24:07+05:00
22,82.03813912449354,107.28053387073518,0.0164794921875,,0.025146484375,0.0078125,2180,0.00023151795326851682,32,0.00023151795326851682,0,0.00023151795326851682,0.00023151795326851682,0.00023151795326851682,23:0.001725651167691994;23:0.001725651167691994;21:0.0016209504962347576;21:0.0016209504962347576,23:68;23:68;21:68;21:68,23:0.0014731093478994595;23:0.0014731093478994595;21:0.001735114474704924;21:0.001735114474704924,0.0164794921875,0.0078125,Yes,ibm_kingston,2026-09-25 16:24:07+05:00
23,254.04459938728127,70.55846108997626,0.0037841796875,,0.006103515625,0.00146484375,2180,0.0001233110726666772,32,0.0001233110726666772,0,0.0001233110726666772,0.0001233110726666772,0.0001233110726666772,22:0.001725651167691994;22:0.001725651167691994;24:0.002033957131133829;24:0.002033957131133829;16:0.0015792635114248166;16:0.0015792635114248166,22:68;22:68;24:68;24:68;16:68;16:68,22:0.0014731093478994595;22:0.0014731093478994595;24:0.0012290148754913466;24:0.0012290148754913466;16:0.0014967134089556855;16:0.0014967134089556855,0.0037841796875,0.00146484375,Yes,ibm_kingston,2026-09-25 16:24:07+05:00
24,296.3003924876887,74.19527953018164,0.0147705078125,,0.01611328125,0.013427734375,2180,0.00037188940874624223,32,0.00037188940874624223,0,0.00037188940874624223,0.00037188940874624223,0.00037188940874624223,23:0.002033957131133829;23:0.002033957131133829;25:0.0020411425926121496;25:0.0020411425926121496,23:68;23:68;25:68;25:68,23:0.0012290148754913466;23:0.0012290148754913466;25:0.001881141387973212;25:0.001881141387973212,0.0147705078125,0.013427734375,Yes,ibm_kingston,2026-09-25 16:24:07+05:00
25,255.65930388841377,29.025617648268145,0.0047607421875,,0.005615234375,0.00390625,2180,0.0001987473784102972,32,0.0001987473784102972,0,0.0001987473784102972,0.0001987473784102972,0.0001987473784102972,24:0.0020411425926121496;24:0.0020411425926121496;26:0.0014636776534062146;26:0.0014636776534062146;37:0.0019543830205464574;37:0.0019543830205464574,24:68;24:68;26:68;26:68;37:68;37:68,24:0.001881141387973212;24:0.001881141387973212;26:0.0015767908219591342;26:0.0015767908219591342;37:0.0017220788271621879;37:0.0017220788271621879,0.0047607421875,0.00390625,Yes,ibm_kingston,2026-09-25 16:24:07+05:00
26,186.84441699250806,70.11741564161136,0.009765625,,0.012939453125,0.006591796875,2180,0.0002103421894964319,32,0.0002103421894964319,0,0.0002103421894964319,0.0002103421894964319,0.0002103421894964319,25:0.0014636776534062146;25:0.0014636776534062146;27:0.0015285168982522856;27:0.0015285168982522856,25:68;25:68;27:68;27:68,25:0.0015767908219591342;25:0.0015767908219591342;27:0.005111646182038604;27:0.005111646182038604,0.009765625,0.006591796875,Yes,ibm_kingston,2026-09-25 16:24:07+05:00
27,200.14894994110867,72.65670467282402,0.0272216796875,,0.023193359375,0.03125,2180,0.00017061553954838467,32,0.00017061553954838467,0,0.00017061553954838467,0.00017061553954838467,0.00017061553954838467,26:0.0015285168982522856;26:0.0015285168982522856;28:0.001497479402056634;28:0.001497479402056634;17:0.0015475941334729126;17:0.0015475941334729126,26:68;26:68;28:68;28:68;17:68;17:68,26:0.005111646182038604;26:0.005111646182038604;28:0.001384758311293699;28:0.001384758311293699;17:0.0015030274578072822;17:0.0015030274578072822,0.0272216796875,0.03125,Yes,ibm_kingston,2026-09-25 16:24:07+05:00
28,250.10848601076665,269.8991500337437,0.010498046875,,0.01513671875,0.005859375,2180,0.00021182687462336302,32,0.00021182687462336302,0,0.00021182687462336302,0.00021182687462336302,0.00021182687462336302,27:0.001497479402056634;27:0.001497479402056634;29:0.0020716471095845457;29:0.0020716471095845457,27:68;27:68;29:68;29:68,27:0.001384758311293699;27:0.001384758311293699;29:0.0022247605072982513;29:0.0022247605072982513,0.010498046875,0.005859375,Yes,ibm_kingston,2026-09-25 16:24:07+05:00
29,174.10417985417016,70.84830826699564,0.0081787109375,,0.016357421875,0,2180,0.00020667808792647937,32,0.00020667808792647937,0,0.00020667808792647937,0.00020667808792647937,0.00020667808792647937,38:0.004941045167925928;38:0.004941045167925928;28:0.0020716471095845457;28:0.0020716471095845457;30:0.001268425348027763;30:0.001268425348027763,38:68;38:68;28:68;28:68;30:80;30:80,38:0.0027820863039931254;38:0.0027820863039931254;28:0.0022247605072982513;28:0.0022247605072982513;30:0.0014535397614219847;30:0.0014535397614219847,0.0081787109375,0,Yes,ibm_kingston,2026-09-25 16:24:07+05:00
30,256.31165851913795,90.280892890724,0.006103515625,,0.009765625,0.00244140625,2180,0.00026680163306561447,32,0.00026680163306561447,0,0.00026680163306561447,0.00026680163306561447,0.00026680163306561447,31:0.003934339986860241;31:0.003934339986860241;29:0.001268425348027763;29:0.001268425348027763,31:68;31:68;29:80;29:80,31:0.0021468448117266115;31:0.0021468448117266115;29:0.0014535397614219847;29:0.0014535397614219847,0.006103515625,0.00244140625,Yes,ibm_kingston,2026-09-25 16:24:07+05:00
31,222.09462532887468,272.2181349107763,0.0152587890625,,0.02099609375,0.009521484375,2180,0.00040942796524302035,32,0.00040942796524302035,0,0.00040942796524302035,0.00040942796524302035,0.00040942796524302035,30:0.003934339986860241;30:0.003934339986860241;32:0.0027333348922575773;32:0.0027333348922575773;18:0.0022972534710548886;18:0.0022972534710548886,30:68;30:68;32:68;32:68;18:68;18:68,30:0.0021468448117266115;30:0.0021468448117266115;32:0.0024499104887001077;32:0.0024499104887001077;18:0.002781928049676974;18:0.002781928049676974,0.0152587890625,0.009521484375,Yes,ibm_kingston,2026-09-25 16:24:07+05:00
32,365.57922022991727,459.3135632004803,0.0732421875,,0.059326171875,0.087158203125,2180,0.00021723841831234637,32,0.00021723841831234637,0,0.00021723841831234637,0.00021723841831234637,0.00021723841831234637,31:0.0027333348922575773;31:0.0027333348922575773;33:0.0025124767633232237;33:0.0025124767633232237,31:68;31:68;33:68;33:68,31:0.0024499104887001077;31:0.0024499104887001077;33:0.003300328795514451;33:0.003300328795514451,0.0732421875,0.087158203125,Yes,ibm_kingston,2026-09-25 16:24:07+05:00
33,308.182063298296,467.5979521216172,0.00927734375,,0.009765625,0.0087890625,2180,0.00018717522052303116,32,0.00018717522052303116,0,0.00018717522052303116,0.00018717522052303116,0.00018717522052303116,39:0.002107882631021185;39:0.002107882631021185;32:0.0025124767633232237;32:0.0025124767633232237;34:0.0021932314932126273;34:0.0021932314932126273,39:68;39:68;32:68;32:68;34:108;34:108,39:0.00148046200285476;39:0.00148046200285476;32:0.003300328795514451;32:0.003300328795514451;34:0.0020900232010004904;34:0.0020900232010004904,0.00927734375,0.0087890625,Yes,ibm_kingston,2026-09-25 16:24:07+05:00
34,181.39104761888103,214.28518756037963,0.02197265625,,0.024169921875,0.019775390625,2180,0.00024469576410692987,32,0.00024469576410692987,0,0.00024469576410692987,0.00024469576410692987,0.00024469576410692987,33:0.0021932314932126273;33:0.0021932314932126273;35:0.001211811715456007;35:0.001211811715456007,33:108;33:108;35:68;35:68,33:0.0020900232010004904;33:0.0020900232010004904;35:0.0019256254546701768;35:0.0019256254546701768,0.02197265625,0.019775390625,Yes,ibm_kingston,2026-09-25 16:24:07+05:00
35,286.1928846311314,337.7327842759464,0.01806640625,,0.01513671875,0.02099609375,2180,0.00021909154191913552,32,0.00021909154191913552,0,0.00021909154191913552,0.00021909154191913552,0.00021909154191913552,19:0.0012278206235848965;19:0.0012278206235848965;34:0.001211811715456007;34:0.001211811715456007,19:68;19:68;34:68;34:68,19:0.0019136529015843229;19:0.0019136529015843229;34:0.0019256254546701768;34:0.0019256254546701768,0.01806640625,0.02099609375,Yes,ibm_kingston,2026-09-25 16:24:07+05:00
36,217.99912956656425,242.90404419679717,0.005859375,,0.009765625,0.001953125,2180,0.00018723707894491423,32,0.00018723707894491423,0,0.00018723707894491423,0.00018723707894491423,0.00018723707894491423,41:0.001890160260846152;41:0.001890160260846152;21:0.001362908699597598;21:0.001362908699597598,41:68;41:68;21:68;21:68,41:0.0014993379208823043;41:0.0014993379208823043;21:0.001044049377931372;21:0.001044049377931372,0.005859375,0.001953125,Yes,ibm_kingston,2026-09-25 16:24:07+05:00
37,88.49869340172944,27.58971597916541,0.0087890625,,0.01171875,0.005859375,2180,0.0004223495831992001,32,0.0004223495831992001,0,0.0004223495831992001,0.0004223495831992001,0.0004223495831992001,45:0.0036480350263801975;45:0.0036480350263801975;25:0.0019543830205464574;25:0.0019543830205464574,45:68;45:68;25:68;25:68,45:0.001871603452579057;45:0.001871603452579057;25:0.0017220788271621879;25:0.0017220788271621879,0.0087890625,0.005859375,Yes,ibm_kingston,2026-09-25 16:24:07+05:00
38,237.00594252236428,68.06583231269099,0.0069580078125,,0.009765625,0.004150390625,2180,0.0002319913687156709,32,0.0002319913687156709,0,0.0002319913687156709,0.0002319913687156709,0.0002319913687156709,29:0.004941045167925928;29:0.004941045167925928;49:0.001594355785739937;49:0.001594355785739937,29:68;29:68;49:68;49:68,29:0.0027820863039931254;29:0.0027820863039931254;49:0.001285806477652085;49:0.001285806477652085,0.0069580078125,0.004150390625,Yes,ibm_kingston,2026-09-25 16:24:07+05:00
39,99.71168525794653,98.78266790888162,0.01123046875,,0.011962890625,0.010498046875,2180,0.00019404727104498814,32,0.00019404727104498814,0,0.00019404727104498814,0.00019404727104498814,0.00019404727104498814,53:0.001486865964231615;53:0.001486865964231615;33:0.002107882631021185;33:0.002107882631021185,53:68;53:68;33:68;33:68,53:0.005296923191012076;53:0.005296923191012076;33:0.00148046200285476;33:0.00148046200285476,0.01123046875,0.010498046875,Yes,ibm_kingston,2026-09-25 16:24:07+05:00
40,276.9902230859321,85.8330098885021,0.00341796875,,0.0048828125,0.001953125,2180,0.0003598968373241917,32,0.0003598968373241917,0,0.0003598968373241917,0.0003598968373241917,0.0003598968373241917,41:0.0020023982792476414;41:0.0020023982792476414,41:68;41:68,41:0.002560980310227695;41:0.002560980310227695,0.00341796875,0.001953125,Yes,ibm_kingston,2026-09-25 16:24:07+05:00
41,261.02482730269634,65.69631446231281,0.0064697265625,,0.008056640625,0.0048828125,2180,0.0002367478101623629,32,0.0002367478101623629,0,0.0002367478101623629,0.0002367478101623629,0.0002367478101623629,40:0.0020023982792476414;40:0.0020023982792476414;42:0.0018622867900391082;42:0.0018622867900391082;36:0.001890160260846152;36:0.001890160260846152,40:68;40:68;42:68;42:68;36:68;36:68,40:0.002560980310227695;40:0.002560980310227695;42:0.0020692975459927765;42:0.0020692975459927765;36:0.0014993379208823043;36:0.0014993379208823043,0.0064697265625,0.0048828125,Yes,ibm_kingston,2026-09-25 16:24:07+05:00
42,114.83784551232097,121.18413132578819,0.004638671875,,0.00634765625,0.0029296875,2180,0.0002825476844430431,32,0.0002825476844430431,0,0.0002825476844430431,0.0002825476844430431,0.0002825476844430431,41:0.0018622867900391082;41:0.0018622867900391082;43:0.0019305755510234945;43:0.0019305755510234945,41:68;41:68;43:68;43:68,41:0.0020692975459927765;41:0.0020692975459927765;43:0.0030048558770242317;43:0.0030048558770242317,0.004638671875,0.0029296875,Yes,ibm_kingston,2026-09-25 16:24:07+05:00
43,297.7476033253412,75.58419778544797,0.007080078125,,0.009765625,0.00439453125,2180,0.009328265185282791,32,0.009328265185282791,0,0.009328265185282791,0.009328265185282791,0.009328265185282791,42:0.0019305755510234945;42:0.0019305755510234945;56:0.005411549466781934;56:0.005411549466781934;44:0.016476751103863346;44:0.016476751103863346,42:68;42:68;56:68;56:68;44:68;44:68,42:0.0030048558770242317;42:0.0030048558770242317;56:0.004091557734358736;56:0.004091557734358736;44:0.0022773890343458503;44:0.0022773890343458503,0.007080078125,0.00439453125,Yes,ibm_kingston,2026-09-25 16:24:07+05:00
44,207.04963348821153,317.1941608355146,0.0057373046875,,0.0078125,0.003662109375,2180,0.0002050171920534136,32,0.0002050171920534136,0,0.0002050171920534136,0.0002050171920534136,0.0002050171920534136,45:0.003276374043350405;45:0.003276374043350405;43:0.016476751103863346;43:0.016476751103863346,45:68;45:68;43:68;43:68,45:0.0014123390530565716;45:0.0014123390530565716;43:0.0022773890343458503;43:0.0022773890343458503,0.0057373046875,0.003662109375,Yes,ibm_kingston,2026-09-25 16:24:07+05:00
45,224.58743417561135,169.04321892845147,0.0035400390625,,0.0048828125,0.002197265625,2180,0.001502161869317895,32,0.001502161869317895,0,0.001502161869317895,0.001502161869317895,0.001502161869317895,44:0.003276374043350405;44:0.003276374043350405;46:0.0029846786838585437;46:0.0029846786838585437;37:0.0036480350263801975;37:0.0036480350263801975,44:68;44:68;46:68;46:68;37:68;37:68,44:0.0014123390530565716;44:0.0014123390530565716;46:0.0015084831764356488;46:0.0015084831764356488;37:0.001871603452579057;37:0.001871603452579057,0.0035400390625,0.002197265625,Yes,ibm_kingston,2026-09-25 16:24:07+05:00
46,87.76599612953575,76.64089781690915,0.0059814453125,,0.009765625,0.002197265625,2180,0.0003861733578143592,32,0.0003861733578143592,0,0.0003861733578143592,0.0003861733578143592,0.0003861733578143592,45:0.0029846786838585437;45:0.0029846786838585437;47:0.0021297963939191367;47:0.0021297963939191367,45:68;45:68;47:68;47:68,45:0.0015084831764356488;45:0.0015084831764356488;47:0.0024215628105584974;47:0.0024215628105584974,0.0059814453125,0.002197265625,Yes,ibm_kingston,2026-09-25 16:24:07+05:00
47,288.88331763936935,286.64218561779717,0.0032958984375,,0.006591796875,0,2180,0.00042010476329617445,32,0.00042010476329617445,0,0.00042010476329617445,0.00042010476329617445,0.00042010476329617445,48:0.0023977038576444842;48:0.0023977038576444842;57:0.0019672486255145893;57:0.0019672486255145893;46:0.0021297963939191367;46:0.0021297963939191367,48:68;48:68;57:68;57:68;46:68;46:68,48:0.003292004328737219;48:0.003292004328737219;57:0.0016246663682187856;57:0.0016246663682187856;46:0.0024215628105584974;46:0.0024215628105584974,0.0032958984375,0,Yes,ibm_kingston,2026-09-25 16:24:07+05:00
48,128.33371350826155,20.22409251248406,0.005126953125,,0.00927734375,0.0009765625,2180,0.00027570531341656034,32,0.00027570531341656034,0,0.00027570531341656034,0.00027570531341656034,0.00027570531341656034,47:0.0023977038576444842;47:0.0023977038576444842;49:0.0018434858123342612;49:0.0018434858123342612,47:68;47:68;49:68;49:68,47:0.003292004328737219;47:0.003292004328737219;49:0.002232497260701516;49:0.002232497260701516,0.005126953125,0.0009765625,Yes,ibm_kingston,2026-09-25 16:24:07+05:00
49,262.9140931929084,97.3826159414637,0.0035400390625,,0.00537109375,0.001708984375,2180,0.00031445923236615475,32,0.00031445923236615475,0,0.00031445923236615475,0.00031445923236615475,0.00031445923236615475,48:0.0018434858123342612;48:0.0018434858123342612;50:0.0014258959418786965;50:0.0014258959418786965;38:0.001594355785739937;38:0.001594355785739937,48:68;48:68;50:68;50:68;38:68;38:68,48:0.002232497260701516;48:0.002232497260701516;50:0.0018801323732287878;50:0.0018801323732287878;38:0.001285806477652085;38:0.001285806477652085,0.0035400390625,0.001708984375,Yes,ibm_kingston,2026-09-25 16:24:07+05:00
50,303.59330252472836,320.1287820992004,0.00390625,,0.015625,0.00146484375,2180,0.0001800508967846574,32,0.0001800508967846574,0,0.0001800508967846574,0.0001800508967846574,0.0001800508967846574,49:0.0014258959418786965;49:0.0014258959418786965;51:0.0010948281917552982;51:0.0010948281917552982,49:68;49:68;51:68;51:68,49:0.0018801323732287878;49:0.0018801323732287878;51:0.0014940524462012106;51:0.0014940524462012106,0.00390625,0.00146484375,Yes,ibm_kingston,2026-09-25 16:24:07+05:00
51,120.25169211903699,145.03074105899694,0.0260009765625,,0.02197265625,0.030029296875,2180,0.00012437803445485918,32,0.00012437803445485918,0,0.00012437803445485918,0.00012437803445485918,0.00012437803445485918,50:0.0010948281917552982;50:0.0010948281917552982;52:0.0018316493243691612;52:0.0018316493243691612;58:0.0018867739653539717;58:0.0018867739653539717,50:68;50:68;52:68;52:68;58:68;58:68,50:0.0014940524462012106;50:0.0014940524462012106;52:0.002195437201928302;52:0.002195437201928302;58:0.001789249829894285;58:0.001789249829894285,0.0260009765625,0.030029296875,Yes,ibm_kingston,2026-09-25 16:24:07+05:00
52,127.00366570290686,49.41451757843999,0.0194091796875,,0.027099609375,0.01171875,2180,0.00024793952206064875,32,0.00024793952206064875,0,0.00024793952206064875,0.00024793952206064875,0.00024793952206064875,51:0.0018316493243691612;51:0.0018316493243691612;53:0.001556838043804687;53:0.001556838043804687,51:68;51:68;53:68;53:68,51:0.002195437201928302;51:0.002195437201928302;53:0.0018655776793622403;53:0.0018655776793622403,0.0194091796875,0.01171875,Yes,ibm_kingston,2026-09-25 16:24:07+05:00
53,227.35092782652728,74.6583644848294,0.010009765625,,0.01611328125,0.00390625,2180,9.86951144053276e-05,32,9.86951144053276e-05,0,9.86951144053276e-05,9.86951144053276e-05,9.86951144053276e-05,39:0.001486865964231615;39:0.001486865964231615;52:0.001556838043804687;52:0.001556838043804687;54:0.0010891948599268675;54:0.0010891948599268675,39:68;39:68;52:68;52:68;54:68;54:68,39:0.005296923191012076;39:0.005296923191012076;52:0.0018655776793622403;52:0.0018655776793622403;54:0.0013377342272494486;54:0.0013377342272494486,0.010009765625,0.00390625,Yes,ibm_kingston,2026-09-25 16:24:07+05:00
54,359.01050759408565,117.03332217537486,0.028076171875,,0.034423828125,0.021728515625,2180,0.0002312070352409925,32,0.0002312070352409925,0,0.0002312070352409925,0.0002312070352409925,0.0002312070352409925,53:0.0010891948599268675;53:0.0010891948599268675;55:0.0018634609166871818;55:0.0018634609166871818,53:68;53:68;55:68;55:68,53:0.0013377342272494486;53:0.0013377342272494486;55:0.0018907600328378904;55:0.0018907600328378904,0.028076171875,0.021728515625,Yes,ibm_kingston,2026-09-25 16:24:07+05:00
55,386.5758860700546,91.50079789990316,0.0096435546875,,0.0107421875,0.008544921875,2180,0.0001156230993831973,32,0.0001156230993831973,0,0.0001156230993831973,0.0001156230993831973,0.0001156230993831973,59:0.0011685758416744019;59:0.0011685758416744019;54:0.0018634609166871818;54:0.0018634609166871818,59:68;59:68;54:68;54:68,59:0.0011431812603560354;59:0.0011431812603560354;54:0.0018907600328378904;54:0.0018907600328378904,0.0096435546875,0.008544921875,Yes,ibm_kingston,2026-09-25 16:24:07+05:00
56,191.8077657197162,43.62530021974132,0.0081787109375,,0.010498046875,0.005859375,2180,0.00025978078893710443,32,0.00025978078893710443,0,0.00025978078893710443,0.00025978078893710443,0.00025978078893710443,63:0.001366892034852324;63:0.001366892034852324;43:0.005411549466781934;43:0.005411549466781934,63:68;63:68;43:68;43:68,63:0.0015900773532668;63:0.0015900773532668;43:0.004091557734358736;43:0.004091557734358736,0.0081787109375,0.005859375,Yes,ibm_kingston,2026-09-25 16:24:07+05:00
57,216.4411123394374,266.75166408187926,0.0081787109375,,0.013916015625,0.00244140625,2180,0.000226970595166798,32,0.000226970595166798,0,0.000226970595166798,0.000226970595166798,0.000226970595166798,47:0.0019672486255145893;47:0.0019672486255145893;67:0.002756853657602726;67:0.002756853657602726,47:68;47:68;67:68;67:68,47:0.0016246663682187856;47:0.0016246663682187856;67:0.0019211633589631683;67:0.0019211633589631683,0.0081787109375,0.00244140625,Yes,ibm_kingston,2026-09-25 16:24:07+05:00
58,234.442881598687,171.2166080316604,0.012451171875,,0.005615234375,0.019287109375,2180,0.00011984536775464832,32,0.00011984536775464832,0,0.00011984536775464832,0.00011984536775464832,0.00011984536775464832,71:0.0011743165610143824;71:0.0011743165610143824;51:0.0018867739653539717;51:0.0018867739653539717,71:68;71:68;51:68;51:68,71:0.001959052169815595;71:0.001959052169815595;51:0.001789249829894285;51:0.001789249829894285,0.012451171875,0.019287109375,Yes,ibm_kingston,2026-09-25 16:24:07+05:00
59,143.31843371911538,265.233875786357,0.0048828125,,0.00634765625,0.00341796875,2180,0.0001808344315246599,32,0.0001808344315246599,0,0.0001808344315246599,0.0001808344315246599,0.0001808344315246599,55:0.0011685758416744019;55:0.0011685758416744019;75:0.0025489511027933787;75:0.0025489511027933787,55:68;55:68;75:68;75:68,55:0.0011431812603560354;55:0.0011431812603560354;75:0.0012323499791256909;75:0.0012323499791256909,0.0048828125,0.00341796875,Yes,ibm_kingston,2026-09-25 16:24:07+05:00
60,178.20651375640418,43.632616785858616,0.004150390625,,0.00732421875,0.0009765625,2180,0.0004063576966417647,32,0.0004063576966417647,0,0.0004063576966417647,0.0004063576966417647,0.0004063576966417647,61:0.002122324619763749;61:0.002122324619763749,61:68;61:68,61:0.0019366691516295165;61:0.0019366691516295165,0.004150390625,0.0009765625,Yes,ibm_kingston,2026-09-25 16:24:07+05:00
61,178.5840112730131,47.807464603933965,0.0054931640625,,0.0078125,0.003173828125,2180,0.00022757471197217875,32,0.00022757471197217875,0,0.00022757471197217875,0.00022757471197217875,0.00022757471197217875,76:0.003561877849935058;76:0.003561877849935058;60:0.002122324619763749;60:0.002122324619763749;62:0.0016415047537496896;62:0.0016415047537496896,76:68;76:68;60:68;60:68;62:68;62:68,76:0.006166099764108285;76:0.006166099764108285;60:0.0019366691516295165;60:0.0019366691516295165;62:0.0013881622329725563;62:0.0013881622329725563,0.0054931640625,0.003173828125,Yes,ibm_kingston,2026-09-25 16:24:07+05:00
62,278.9266746975397,156.18420488705473,0.0108642578125,,0.0107421875,0.010986328125,2180,0.0002004619931476338,32,0.0002004619931476338,0,0.0002004619931476338,0.0002004619931476338,0.0002004619931476338,61:0.0016415047537496896;61:0.0016415047537496896;63:0.0015580567282135749;63:0.0015580567282135749,61:68;61:68;63:68;63:68,61:0.0013881622329725563;61:0.0013881622329725563;63:0.0014692740802161874;63:0.0014692740802161874,0.0108642578125,0.010986328125,Yes,ibm_kingston,2026-09-25 16:24:07+05:00
63,194.9626741817227,69.75008890417088,0.0137939453125,,0.016845703125,0.0107421875,2180,0.00021496088433117994,32,0.00021496088433117994,0,0.00021496088433117994,0.00021496088433117994,0.00021496088433117994,56:0.001366892034852324;56:0.001366892034852324;62:0.0015580567282135749;62:0.0015580567282135749;64:0.0017751895387488337;64:0.0017751895387488337,56:68;56:68;62:68;62:68;64:68;64:68,56:0.0015900773532668;56:0.0015900773532668;62:0.0014692740802161874;62:0.0014692740802161874;64:0.0020120488660017866;64:0.0020120488660017866,0.0137939453125,0.0107421875,Yes,ibm_kingston,2026-09-25 16:24:07+05:00
64,186.7936447526165,140.8146997110278,0.004150390625,,0.007080078125,0.001220703125,2180,0.0004088004182662409,32,0.0004088004182662409,0,0.0004088004182662409,0.0004088004182662409,0.0004088004182662409,65:0.0025399303528202966;65:0.0025399303528202966;63:0.0017751895387488337;63:0.0017751895387488337,65:68;65:68;63:68;63:68,65:0.001929174995176447;65:0.001929174995176447;63:0.0020120488660017866;63:0.0020120488660017866,0.004150390625,0.001220703125,Yes,ibm_kingston,2026-09-25 16:24:07+05:00
65,305.17471059857536,228.3786075963606,0.00830078125,,0.01513671875,0.00146484375,2180,0.0003963970643393344,32,0.0003963970643393344,0,0.0003963970643393344,0.0003963970643393344,0.0003963970643393344,64:0.0025399303528202966;64:0.0025399303528202966;66:0.0024516466018398575;66:0.0024516466018398575;77:0.005090081552248077;77:0.005090081552248077,64:68;64:68;66:68;66:68;77:68;77:68,64:0.001929174995176447;64:0.001929174995176447;66:0.0021126773808631816;66:0.0021126773808631816;77:0.003838855684335035;77:0.003838855684335035,0.00830078125,0.00146484375,Yes,ibm_kingston,2026-09-25 16:24:07+05:00
66,129.99533894955175,167.20774700116297,0.0087890625,,0.01416015625,0.00341796875,2180,0.0004813904296786162,32,0.0004813904296786162,0,0.0004813904296786162,0.0004813904296786162,0.0004813904296786162,65:0.0024516466018398575;65:0.0024516466018398575;67:0.002167767333244419;67:0.002167767333244419,65:68;65:68;67:68;67:68,65:0.0021126773808631816;65:0.0021126773808631816;67:0.0019874743992745747;67:0.0019874743992745747,0.0087890625,0.00341796875,Yes,ibm_kingston,2026-09-25 16:24:07+05:00
67,160.41524523009616,186.4822955663022,0.0067138671875,,0.015625,0.00341796875,2180,0.0003041672838974309,32,0.0003041672838974309,0,0.0003041672838974309,0.0003041672838974309,0.0003041672838974309,68:0.001973318481584857;68:0.001973318481584857;57:0.002756853657602726;57:0.002756853657602726;66:0.002167767333244419;66:0.002167767333244419,68:68;68:68;57:68;57:68;66:68;66:68,68:0.0013158675990742053;68:0.0013158675990742053;57:0.0019211633589631683;57:0.0019211633589631683;66:0.0019874743992745747;66:0.0019874743992745747,0.0067138671875,0.00341796875,Yes,ibm_kingston,2026-09-25 16:24:07+05:00
68,197.3269511200507,137.02430467422678,0.0146484375,,0.018798828125,0.010498046875,2180,0.00020246875583259733,32,0.00020246875583259733,0,0.00020246875583259733,0.00020246875583259733,0.00020246875583259733,67:0.001973318481584857;67:0.001973318481584857;69:0.0016855743799298328;69:0.0016855743799298328,67:68;67:68;69:68;69:68,67:0.0013158675990742053;67:0.0013158675990742053;69:0.0015156923982125314;69:0.0015156923982125314,0.0146484375,0.010498046875,Yes,ibm_kingston,2026-09-25 16:24:07+05:00
69,210.6627532121213,249.09187620602674,0.02392578125,,0.02001953125,0.02783203125,2180,0.0001881018718621297,32,0.0001881018718621297,0,0.0001881018718621297,0.0001881018718621297,0.0001881018718621297,78:0.0036542257205708917;78:0.0036542257205708917;68:0.0016855743799298328;68:0.0016855743799298328;70:0.002632518856057059;70:0.002632518856057059,78:68;78:68;68:68;68:68;70:68;70:68,78:0.00180811979746745;78:0.00180811979746745;68:0.0015156923982125314;68:0.0015156923982125314;70:0.003960256779436677;70:0.003960256779436677,0.02392578125,0.02783203125,Yes,ibm_kingston,2026-09-25 16:24:07+05:00
70,198.7385972947176,167.41936667703246,0.01611328125,,0.020263671875,0.011962890625,2180,0.00012340692929004927,32,0.00012340692929004927,0,0.00012340692929004927,0.00012340692929004927,0.00012340692929004927,69:0.002632518856057059;69:0.002632518856057059;71:0.0014039601809285318;71:0.0014039601809285318,69:68;69:68;71:68;71:68,69:0.003960256779436677;69:0.003960256779436677;71:0.0023652907191743233;71:0.0023652907191743233,0.01611328125,0.011962890625,Yes,ibm_kingston,2026-09-25 16:24:07+05:00
71,219.6522214160701,97.83178722841643,0.0032958984375,,0.00537109375,0.001220703125,2180,0.00017293607608354994,32,0.00017293607608354994,0,0.00017293607608354994,0.00017293607608354994,0.00017293607608354994,72:0.0012385863823196341;72:0.0012385863823196341;58:0.0011743165610143824;58:0.0011743165610143824;70:0.0014039601809285318;70:0.0014039601809285318,72:68;72:68;58:68;58:68;70:68;70:68,72:0.0012177359504415841;72:0.0012177359504415841;58:0.001959052169815595;58:0.001959052169815595;70:0.0023652907191743233;70:0.0023652907191743233,0.0032958984375,0.001220703125,Yes,ibm_kingston,2026-09-25 16:24:07+05:00
72,229.1097442734329,131.75924501016624,0.0506591796875,,0.052978515625,0.04833984375,2180,0.00012677908486563748,32,0.00012677908486563748,0,0.00012677908486563748,0.00012677908486563748,0.00012677908486563748,73:0.018654994924451496;73:0.018654994924451496;71:0.0012385863823196341;71:0.0012385863823196341,73:68;73:68;71:68;71:68,73:0.03490198256979207;73:0.03490198256979207;71:0.0012177359504415841;71:0.0012177359504415841,0.0506591796875,0.04833984375,Yes,ibm_kingston,2026-09-25 16:24:07+05:00
73,208.81869824563472,170.25943993153334,0.017333984375,,0.022705078125,0.011962890625,2180,0.0003765457624076032,32,0.0003765457624076032,0,0.0003765457624076032,0.0003765457624076032,0.0003765457624076032,72:0.018654994924451496;72:0.018654994924451496;74:0.0014094006862601927;74:0.0014094006862601927;79:0.001484275733244167;79:0.001484275733244167,72:68;72:68;74:68;74:68;79:68;79:68,72:0.03490198256979207;72:0.03490198256979207;74:0.002100496766998805;74:0.002100496766998805;79:0.0023580831832165083;79:0.0023580831832165083,0.017333984375,0.011962890625,Yes,ibm_kingston,2026-09-25 16:24:07+05:00
74,201.99235691609314,162.79995878856667,0.0068359375,,0.009765625,0.00390625,2180,0.00033382194751074704,32,0.00033382194751074704,0,0.00033382194751074704,0.00033382194751074704,0.00033382194751074704,73:0.0014094006862601927;73:0.0014094006862601927;75:0.0016026983104396597;75:0.0016026983104396597,73:68;73:68;75:68;75:68,73:0.002100496766998805;73:0.002100496766998805;75:0.0011943306041991286;75:0.0011943306041991286,0.0068359375,0.00390625,Yes,ibm_kingston,2026-09-25 16:24:07+05:00
75,305.9365436184851,159.44866072219472,0.0111083984375,,0.01806640625,0.004150390625,2180,0.00014711387509966307,32,0.00014711387509966307,0,0.00014711387509966307,0.00014711387509966307,0.00014711387509966307,59:0.0025489511027933787;59:0.0025489511027933787;74:0.0016026983104396597;74:0.0016026983104396597,59:68;59:68;74:68;74:68,59:0.0012323499791256909;59:0.0012323499791256909;74:0.0011943306041991286;74:0.0011943306041991286,0.0111083984375,0.004150390625,Yes,ibm_kingston,2026-09-25 16:24:07+05:00
76,74.43686187407756,52.80953723671043,0.019775390625,,0.01806640625,0.021484375,2180,0.0027243603798916254,32,0.0027243603798916254,0,0.0027243603798916254,0.0027243603798916254,0.0027243603798916254,81:0.010023549569191853;81:0.010023549569191853;61:0.003561877849935058;61:0.003561877849935058,81:68;81:68;61:68;61:68,81:0.047703963374707586;81:0.047703963374707586;61:0.006166099764108285;61:0.006166099764108285,0.019775390625,0.021484375,Yes,ibm_kingston,2026-09-25 16:24:07+05:00
77,108.8467290889504,110.39991838426045,0.0047607421875,,0.00927734375,0.000244140625,2180,0.00012538051182056203,32,0.00012538051182056203,0,0.00012538051182056203,0.00012538051182056203,0.00012538051182056203,85:0.004778705312178555;85:0.004778705312178555;65:0.005090081552248077;65:0.005090081552248077,85:68;85:68;65:68;65:68,85:0.004745221049793413;85:0.004745221049793413;65:0.003838855684335035;65:0.003838855684335035,0.0047607421875,0.000244140625,Yes,ibm_kingston,2026-09-25 16:24:07+05:00
78,163.54418248550434,33.53075178149044,0.028076171875,,0.03173828125,0.0244140625,2180,0.00038691945208275697,32,0.00038691945208275697,0,0.00038691945208275697,0.00038691945208275697,0.00038691945208275697,69:0.0036542257205708917;69:0.0036542257205708917;89:0.002227825282868412;89:0.002227825282868412,69:68;69:68;89:68;89:68,69:0.00180811979746745;69:0.00180811979746745;89:0.0014896421670769766;89:0.0014896421670769766,0.028076171875,0.0244140625,Yes,ibm_kingston,2026-09-25 16:24:07+05:00
79,205.26116995969386,85.50354923691224,0.005126953125,,0.006591796875,0.003662109375,2180,0.00028079352527140845,32,0.00028079352527140845,0,0.00028079352527140845,0.00028079352527140845,0.00028079352527140845,93:0.0013504352049106272;93:0.0013504352049106272;73:0.001484275733244167;73:0.001484275733244167,93:68;93:68;73:68;73:68,93:0.0010415253521574852;93:0.0010415253521574852;73:0.0023580831832165083;73:0.0023580831832165083,0.005126953125,0.003662109375,Yes,ibm_kingston,2026-09-25 16:24:07+05:00
80,162.36923515633734,252.10351943583908,0.0244140625,,0.03076171875,0.01806640625,2180,0.0002805528271248982,32,0.0002805528271248982,0,0.0002805528271248982,0.0002805528271248982,0.0002805528271248982,81:0.0011319347609101416;81:0.0011319347609101416,81:68;81:68,81:0.001239777389601765;81:0.001239777389601765,0.0244140625,0.01806640625,Yes,ibm_kingston,2026-09-25 16:24:07+05:00
81,285.1589631748745,259.86139906081485,0.0081787109375,,0.010009765625,0.00634765625,2180,0.00031646549505034256,32,0.00031646549505034256,0,0.00031646549505034256,0.00031646549505034256,0.00031646549505034256,80:0.0011319347609101416;80:0.0011319347609101416;82:0.0010798088554060947;82:0.0010798088554060947;76:0.010023549569191853;76:0.010023549569191853,80:68;80:68;82:68;82:68;76:68;76:68,80:0.001239777389601765;80:0.001239777389601765;82:0.001144103344776437;82:0.001144103344776437;76:0.047703963374707586;76:0.047703963374707586,0.0081787109375,0.00634765625,Yes,ibm_kingston,2026-09-25 16:24:07+05:00
82,123.50833665984858,186.43618027122733,0.007568359375,,0.0107421875,0.00439453125,2180,0.0001262042981317091,32,0.0001262042981317091,0,0.0001262042981317091,0.0001262042981317091,0.0001262042981317091,81:0.0010798088554060947;81:0.0010798088554060947;83:0.0011038897861997687;83:0.0011038897861997687,81:68;81:68;83:68;83:68,81:0.001144103344776437;81:0.001144103344776437;83:0.000993869023991678;83:0.000993869023991678,0.007568359375,0.00439453125,Yes,ibm_kingston,2026-09-25 16:24:07+05:00
83,217.31392105875776,211.76528442768327,0.0162353515625,,0.019775390625,0.0126953125,2180,0.0002548026607789683,32,0.0002548026607789683,0,0.0002548026607789683,0.0002548026607789683,0.0002548026607789683,96:0.0013769410708087682;96:0.0013769410708087682;82:0.0011038897861997687;82:0.0011038897861997687;84:0.0021295095049113366;84:0.0021295095049113366,96:68;96:68;82:68;82:68;84:68;84:68,96:0.0014890026714487747;96:0.0014890026714487747;82:0.000993869023991678;82:0.000993869023991678;84:0.0027228587092688883;84:0.0027228587092688883,0.0162353515625,0.0126953125,Yes,ibm_kingston,2026-09-25 16:24:07+05:00
84,92.81094430204276,33.83918461735486,0.0047607421875,,0.009765625,0.001220703125,2180,0.0005538039696103125,32,0.0005538039696103125,0,0.0005538039696103125,0.0005538039696103125,0.0005538039696103125,83:0.0021295095049113366;83:0.0021295095049113366;85:0.03138313379037344;85:0.03138313379037344,83:68;83:68;85:68;85:68,83:0.0027228587092688883;83:0.0027228587092688883;85:0.030887592742886383;85:0.030887592742886383,0.0047607421875,0.001220703125,Yes,ibm_kingston,2026-09-25 16:24:07+05:00
85,224.13602251621927,125.0446300506438,0.0130615234375,,0.012939453125,0.01318359375,2180,0.0005362245143602822,32,0.0005362245143602822,0,0.0005362245143602822,0.0005362245143602822,0.0005362245143602822,77:0.004778705312178555;77:0.004778705312178555;86:0.041060884916877816;86:0.041060884916877816;84:0.03138313379037344;84:0.03138313379037344,77:68;77:68;86:68;86:68;84:68;84:68,77:0.004745221049793413;77:0.004745221049793413;86:0.02085060644184694;86:0.02085060644184694;84:0.030887592742886383;84:0.030887592742886383,0.0130615234375,0.01318359375,Yes,ibm_kingston,2026-09-25 16:24:07+05:00
86,127.47895107822615,20.592290584307104,0.0316162109375,,0.0234375,0.039794921875,2180,0.00035765703730836754,32,0.00035765703730836754,0,0.00035765703730836754,0.00035765703730836754,0.00035765703730836754,85:0.041060884916877816;85:0.041060884916877816;87:0.05568665509203019;87:0.05568665509203019,85:68;85:68;87:68;87:68,85:0.02085060644184694;85:0.02085060644184694;87:0.022752618645690448;87:0.022752618645690448,0.0316162109375,0.039794921875,Yes,ibm_kingston,2026-09-25 16:24:07+05:00
87,91.22447646657348,50.25908511255039,0.0062255859375,,0.01220703125,0.000244140625,2180,0.0003253100035195505,32,0.0003253100035195505,0,0.0003253100035195505,0.0003253100035195505,0.0003253100035195505,86:0.05568665509203019;86:0.05568665509203019;88:0.002667799962261269;88:0.002667799962261269;97:0.001954441206836993;97:0.001954441206836993,86:68;86:68;88:68;88:68;97:68;97:68,86:0.022752618645690448;86:0.022752618645690448;88:0.0031732287672013026;88:0.0031732287672013026;97:0.0020753961938042853;97:0.0020753961938042853,0.0062255859375,0.000244140625,Yes,ibm_kingston,2026-09-25 16:24:07+05:00
88,174.94780172576975,19.07132728760448,0.0037841796875,,0.00732421875,0.000244140625,2180,0.000482082221198598,32,0.000482082221198598,0,0.000482082221198598,0.000482082221198598,0.000482082221198598,87:0.002667799962261269;87:0.002667799962261269;89:0.0021085579488677453;89:0.0021085579488677453,87:68;87:68;89:68;89:68,87:0.0031732287672013026;87:0.0031732287672013026;89:0.001511353274126076;89:0.001511353274126076,0.0037841796875,0.000244140625,Yes,ibm_kingston,2026-09-25 16:24:07+05:00
89,322.31193069304413,199.0192581157731,0.020263671875,,0.0400390625,0.00048828125,2180,0.00031145343995533025,32,0.00031145343995533025,0,0.00031145343995533025,0.00031145343995533025,0.00031145343995533025,90:0.001145510464511168;90:0.001145510464511168;88:0.0021085579488677453;88:0.0021085579488677453;78:0.002227825282868412;78:0.002227825282868412,90:68;90:68;88:68;88:68;78:68;78:68,90:0.001399473353498687;90:0.001399473353498687;88:0.001511353274126076;88:0.001511353274126076;78:0.0014896421670769766;78:0.0014896421670769766,0.020263671875,0.00048828125,Yes,ibm_kingston,2026-09-25 16:24:07+05:00
90,222.31072701870616,189.18246677694538,0.0067138671875,,0.010986328125,0.00244140625,2180,0.0001841720769576868,32,0.0001841720769576868,0,0.0001841720769576868,0.0001841720769576868,0.0001841720769576868,89:0.001145510464511168;89:0.001145510464511168;91:0.0018367345553223224;91:0.0018367345553223224,89:68;89:68;91:68;91:68,89:0.001399473353498687;89:0.001399473353498687;91:0.002338309748820655;91:0.002338309748820655,0.0067138671875,0.00244140625,Yes,ibm_kingston,2026-09-25 16:24:07+05:00
91,276.33359190171365,108.55443040383304,0.0035400390625,,0.00537109375,0.001708984375,2180,0.00038929994979811317,32,0.00038929994979811317,0,0.00038929994979811317,0.00038929994979811317,0.00038929994979811317,98:0.0026724565753147578;98:0.0026724565753147578;90:0.0018367345553223224;90:0.0018367345553223224;92:0.0017819075591737066;92:0.0017819075591737066,98:68;98:68;90:68;90:68;92:68;92:68,98:0.0013043642966449331;98:0.0013043642966449331;90:0.002338309748820655;90:0.002338309748820655;92:0.002261191814937974;92:0.002261191814937974,0.0035400390625,0.001708984375,Yes,ibm_kingston,2026-09-25 16:24:07+05:00
92,359.26008558618344,367.0527173327602,0.0201416015625,,0.021240234375,0.01904296875,2180,0.00018944052713459883,32,0.00018944052713459883,0,0.00018944052713459883,0.00018944052713459883,0.00018944052713459883,91:0.0017819075591737066;91:0.0017819075591737066;93:0.0015714834079538498;93:0.0015714834079538498,91:68;91:68;93:68;93:68,91:0.002261191814937974;91:0.002261191814937974;93:0.002843309998543292;93:0.002843309998543292,0.0201416015625,0.01904296875,Yes,ibm_kingston,2026-09-25 16:24:07+05:00
93,240.19038457845178,112.72364760828626,0.00341796875,,0.005859375,0.0009765625,2180,0.0002846335829568264,32,0.0002846335829568264,0,0.0002846335829568264,0.0002846335829568264,0.0002846335829568264,94:0.0015464193395513526;94:0.0015464193395513526;79:0.0013504352049106272;79:0.0013504352049106272;92:0.0015714834079538498;92:0.0015714834079538498,94:68;94:68;79:68;79:68;92:68;92:68,94:0.001094086810601247;94:0.001094086810601247;79:0.0010415253521574852;79:0.0010415253521574852;92:0.002843309998543292;92:0.002843309998543292,0.00341796875,0.0009765625,Yes,ibm_kingston,2026-09-25 16:24:07+05:00
94,286.66388909571253,222.42056439978273,0.018310546875,,0.0283203125,0.00830078125,2180,0.0002508177501503682,32,0.0002508177501503682,0,0.0002508177501503682,0.0002508177501503682,0.0002508177501503682,93:0.0015464193395513526;93:0.0015464193395513526;95:0.002186535388443711;95:0.002186535388443711,93:68;93:68;95:68;95:68,93:0.001094086810601247;93:0.001094086810601247;95:0.0010894049025401698;95:0.0010894049025401698,0.018310546875,0.00830078125,Yes,ibm_kingston,2026-09-25 16:24:07+05:00
95,262.6401260628274,260.9362480743509,0.0560302734375,,0.064453125,0.047607421875,2180,0.0003768560871726467,32,0.0003768560871726467,0,0.0003768560871726467,0.0003768560871726467,0.0003768560871726467,99:0.002930121253883977;99:0.002930121253883977;94:0.002186535388443711;94:0.002186535388443711,99:68;99:68;94:68;94:68,99:0.0021483895668779895;99:0.0021483895668779895;94:0.0010894049025401698;94:0.0010894049025401698,0.0560302734375,0.047607421875,Yes,ibm_kingston,2026-09-25 16:24:07+05:00
96,124.72702404867972,112.68427538403758,0.0198974609375,,0.019775390625,0.02001953125,2180,0.00014739011820357766,32,0.00014739011820357766,0,0.00014739011820357766,0.00014739011820357766,0.00014739011820357766,83:0.0013769410708087682;83:0.0013769410708087682;103:0.0011290836674205107;103:0.0011290836674205107,83:68;83:68;103:68;103:68,83:0.0014890026714487747;83:0.0014890026714487747;103:0.0013517281679830684;103:0.0013517281679830684,0.0198974609375,0.02001953125,Yes,ibm_kingston,2026-09-25 16:24:07+05:00
97,196.11883361265112,84.06765186771003,0.00927734375,,0.01025390625,0.00830078125,2180,0.00034107630045379053,32,0.00034107630045379053,0,0.00034107630045379053,0.00034107630045379053,0.00034107630045379053,87:0.001954441206836993;87:0.001954441206836993;107:0.0017198954032062175;107:0.0017198954032062175,87:68;87:68;107:68;107:68,87:0.0020753961938042853;87:0.0020753961938042853;107:0.0025230253803948943;107:0.0025230253803948943,0.00927734375,0.00830078125,Yes,ibm_kingston,2026-09-25 16:24:07+05:00
98,173.8708106088566,62.891663299948014,0.005859375,,0.00732421875,0.00439453125,2180,0.00031494141793471316,32,0.00031494141793471316,0,0.00031494141793471316,0.00031494141793471316,0.00031494141793471316,91:0.0026724565753147578;91:0.0026724565753147578;111:0.0025870845926995734;111:0.0025870845926995734,91:68;91:68;111:68;111:68,91:0.0013043642966449331;91:0.0013043642966449331;111:0.001417526289825527;111:0.001417526289825527,0.005859375,0.00439453125,Yes,ibm_kingston,2026-09-25 16:24:07+05:00
99,42.11282488211845,49.372179248954616,0.0272216796875,,0.048828125,0.005615234375,2180,0.00023786197554008073,32,0.00023786197554008073,0,0.00023786197554008073,0.00023786197554008073,0.00023786197554008073,115:0.004742828456404502;115:0.004742828456404502;95:0.002930121253883977;95:0.002930121253883977,115:68;115:68;95:68;95:68,115:0.0036232128799998653;115:0.0036232128799998653;95:0.0021483895668779895;95:0.0021483895668779895,0.0272216796875,0.005615234375,Yes,ibm_kingston,2026-09-25 16:24:07+05:00
100,146.52492500808683,181.73797045684788,0.013427734375,,0.014404296875,0.012451171875,2180,0.0004556047034294442,32,0.0004556047034294442,0,0.0004556047034294442,0.0004556047034294442,0.0004556047034294442,101:0.001454339878303318;101:0.001454339878303318,101:68;101:68,101:0.0019767754230909096;101:0.0019767754230909096,0.013427734375,0.012451171875,Yes,ibm_kingston,2026-09-25 16:24:07+05:00
101,350.59737431042805,235.7720906745706,0.0133056640625,,0.02099609375,0.01123046875,2180,0.00011579069636321559,32,0.00011579069636321559,0,0.00011579069636321559,0.00011579069636321559,0.00011579069636321559,100:0.001454339878303318;100:0.001454339878303318;116:0.0011451473804542645;116:0.0011451473804542645;102:0.0010453904531627367;102:0.0010453904531627367,100:68;100:68;116:68;116:68;102:68;102:68,100:0.0019767754230909096;100:0.0019767754230909096;116:0.001599289188206815;116:0.001599289188206815;102:0.0023451947946791785;102:0.0023451947946791785,0.0133056640625,0.01123046875,Yes,ibm_kingston,2026-09-25 16:24:07+05:00
102,237.74706550133797,187.58377402626766,0.0181884765625,,0.02880859375,0.007568359375,2180,0.0002137879671138734,32,0.0002137879671138734,0,0.0002137879671138734,0.0002137879671138734,0.0002137879671138734,101:0.0010453904531627367;101:0.0010453904531627367;103:0.010250887049983004;103:0.010250887049983004,101:68;101:68;103:68;103:68,101:0.0023451947946791785;101:0.0023451947946791785;103:0.005385004364186485;103:0.005385004364186485,0.0181884765625,0.007568359375,Yes,ibm_kingston,2026-09-25 16:24:07+05:00
103,179.96030202963854,105.51665978045298,0.01806640625,,0.02978515625,0.00634765625,2180,0.00016293269522709198,32,0.00016293269522709198,0,0.00016293269522709198,0.00016293269522709198,0.00016293269522709198,104:0.0027256109664971773;104:0.0027256109664971773;96:0.0011290836674205107;96:0.0011290836674205107;102:0.010250887049983004;102:0.010250887049983004,104:68;104:68;96:68;96:68;102:68;102:68,104:0.0010839634391292263;104:0.0010839634391292263;96:0.0013517281679830684;96:0.0013517281679830684;102:0.005385004364186485;102:0.005385004364186485,0.01806640625,0.00634765625,Yes,ibm_kingston,2026-09-25 16:24:07+05:00
104,137.65472192147942,202.96381976433662,0.0157470703125,,0.023193359375,0.00830078125,2180,0.0006778559955762235,32,0.0006778559955762235,0,0.0006778559955762235,0.0006778559955762235,0.0006778559955762235,103:0.0027256109664971773;103:0.0027256109664971773;105:0.0019568758789739737;105:0.0019568758789739737,103:68;103:68;105:68;105:68,103:0.0010839634391292263;103:0.0010839634391292263;105:0.0013115215227338939;105:0.0013115215227338939,0.0157470703125,0.00830078125,Yes,ibm_kingston,2026-09-25 16:24:07+05:00
105,198.59843585968744,204.17649313655033,0.004638671875,,0.0087890625,0.00048828125,2180,0.0003447584958902482,32,0.0003447584958902482,0,0.0003447584958902482,0.0003447584958902482,0.0003447584958902482,104:0.0019568758789739737;104:0.0019568758789739737;106:0.001519856660722435;106:0.001519856660722435;117:0.001125281525696381;117:0.001125281525696381,104:68;104:68;106:68;106:68;117:68;117:68,104:0.0013115215227338939;104:0.0013115215227338939;106:0.001285835161497717;106:0.001285835161497717;117:0.001005152018103861;117:0.001005152018103861,0.004638671875,0.00048828125,Yes,ibm_kingston,2026-09-25 16:24:07+05:00
106,94.19216852811965,108.57364352690205,0.0272216796875,,0.050048828125,0.00439453125,2180,0.00031095848863274745,32,0.00031095848863274745,0,0.00031095848863274745,0.00031095848863274745,0.00031095848863274745,107:0.0013373865886938396;107:0.0013373865886938396;105:0.001519856660722435;105:0.001519856660722435,107:68;107:68;105:68;105:68,107:0.0027461973607229018;107:0.0027461973607229018;105:0.001285835161497717;105:0.001285835161497717,0.0272216796875,0.00439453125,Yes,ibm_kingston,2026-09-25 16:24:07+05:00
107,253.73815091349041,267.30641481696046,0.15673828125,,0.3115234375,0.001953125,2180,0.00021739064773295357,32,0.00021739064773295357,0,0.00021739064773295357,0.00021739064773295357,0.00021739064773295357,106:0.0013373865886938396;106:0.0013373865886938396;108:0.0018219988746604743;108:0.0018219988746604743;97:0.0017198954032062175;97:0.0017198954032062175,106:68;106:68;108:68;108:68;97:68;97:68,106:0.0027461973607229018;106:0.0027461973607229018;108:0.002408345876026341;108:0.002408345876026341;97:0.0025230253803948943;97:0.0025230253803948943,0.15673828125,0.001953125,Yes,ibm_kingston,2026-09-25 16:24:07+05:00
108,177.60759777388432,154.36509912951442,0.0057373046875,,0.0087890625,0.002685546875,2180,0.0005480539626902844,32,0.0005480539626902844,0,0.0005480539626902844,0.0005480539626902844,0.0005480539626902844,107:0.0018219988746604743;107:0.0018219988746604743;109:0.001670827667539787;109:0.001670827667539787,107:68;107:68;109:68;109:68,107:0.002408345876026341;107:0.002408345876026341;109:0.0013168313924991903;109:0.0013168313924991903,0.0057373046875,0.002685546875,Yes,ibm_kingston,2026-09-25 16:24:07+05:00
109,169.93289507836346,171.36006254425394,0.0037841796875,,0.00634765625,0.001220703125,2180,0.00023356953504440536,32,0.00023356953504440536,0,0.00023356953504440536,0.00023356953504440536,0.00023356953504440536,108:0.001670827667539787;108:0.001670827667539787;110:0.0019175374862072103;110:0.0019175374862072103;118:0.0026853179713861586;118:0.0026853179713861586,108:68;108:68;110:68;110:68;118:68;118:68,108:0.0013168313924991903;108:0.0013168313924991903;110:0.0012516699733566283;110:0.0012516699733566283;118:0.0023741689384216003;118:0.0023741689384216003,0.0037841796875,0.001220703125,Yes,ibm_kingston,2026-09-25 16:24:07+05:00
110,164.48661823177295,108.29661482010289,0.0037841796875,,0.006103515625,0.00146484375,2180,0.0003480078323197801,32,0.0003480078323197801,0,0.0003480078323197801,0.0003480078323197801,0.0003480078323197801,109:0.0019175374862072103;109:0.0019175374862072103;111:0.0052377515614288606;111:0.0052377515614288606,109:68;109:68;111:68;111:68,109:0.0012516699733566283;109:0.0012516699733566283;111:0.0014027474225498104;111:0.0014027474225498104,0.0037841796875,0.00146484375,Yes,ibm_kingston,2026-09-25 16:24:07+05:00
111,224.81815677515598,175.01082208111,0.010498046875,,0.0166015625,0.00439453125,2180,0.00017775557561836052,32,0.00017775557561836052,0,0.00017775557561836052,0.00017775557561836052,0.00017775557561836052,112:0.1759938398063207;112:0.1759938398063207;110:0.0052377515614288606;110:0.0052377515614288606;98:0.0025870845926995734;98:0.0025870845926995734,112:68;112:68;110:68;110:68;98:68;98:68,112:1;112:1;110:0.0014027474225498104;110:0.0014027474225498104;98:0.001417526289825527;98:0.001417526289825527,0.010498046875,0.00439453125,Yes,ibm_kingston,2026-09-25 16:24:07+05:00
112,167.65333426427654,177.1059680295982,0.042724609375,,0.066650390625,0.018798828125,2180,0.013926879349709419,32,0.013926879349709419,0,0.013926879349709419,0.013926879349709419,0.013926879349709419,111:0.1759938398063207;111:0.1759938398063207;113:1;113:1,111:68;111:68;113:68;113:68,111:1;111:1;113:1;113:1,0.042724609375,0.018798828125,Yes,ibm_kingston,2026-09-25 16:24:07+05:00
113,157.06923716076514,82.83628737592521,0.1541748046875,,0.216552734375,0.091796875,2180,1,32,1,0,1,1,1,119:0.0037078559166310587;119:0.0037078559166310587;112:1;112:1;114:0.0023661233360660894;114:0.0023661233360660894,119:68;119:68;112:68;112:68;114:68;114:68,119:0.00346026424370377;119:0.00346026424370377;112:1;112:1;114:0.007449515909658949;114:0.007449515909658949,0.1541748046875,0.091796875,Yes,ibm_kingston,2026-09-25 16:24:07+05:00
114,150.53631338945746,47.91127750630737,0.016845703125,,0.01708984375,0.0166015625,2180,0.0001800153854341049,32,0.0001800153854341049,0,0.0001800153854341049,0.0001800153854341049,0.0001800153854341049,115:0.004907572119703801;115:0.004907572119703801;113:0.0023661233360660894;113:0.0023661233360660894,115:68;115:68;113:68;113:68,115:0.004049030439960716;115:0.004049030439960716;113:0.007449515909658949;113:0.007449515909658949,0.016845703125,0.0166015625,Yes,ibm_kingston,2026-09-25 16:24:07+05:00
115,301.64976057429624,17.040727018872598,0.009765625,,0.01171875,0.0078125,2180,0.00020059463930103744,32,0.00020059463930103744,0,0.00020059463930103744,0.00020059463930103744,0.00020059463930103744,99:0.004742828456404502;99:0.004742828456404502;114:0.004907572119703801;114:0.004907572119703801,99:68;99:68;114:68;114:68,99:0.0036232128799998653;99:0.0036232128799998653;114:0.004049030439960716;114:0.004049030439960716,0.009765625,0.0078125,Yes,ibm_kingston,2026-09-25 16:24:07+05:00
116,151.0679183002918,172.31955467819827,0.026611328125,,0.02685546875,0.0263671875,2180,0.0002522556632163705,32,0.0002522556632163705,0,0.0002522556632163705,0.0002522556632163705,0.0002522556632163705,101:0.0011451473804542645;101:0.0011451473804542645;121:0.07102312477713951;121:0.07102312477713951,101:68;101:68;121:68;121:68,101:0.001599289188206815;101:0.001599289188206815;121:0.07235876605078154;121:0.07235876605078154,0.026611328125,0.0263671875,Yes,ibm_kingston,2026-09-25 16:24:07+05:00
117,236.4115388292859,175.11889143450801,0.0047607421875,,0.007568359375,0.001953125,2180,0.0001485430342120595,32,0.0001485430342120595,0,0.0001485430342120595,0.0001485430342120595,0.0001485430342120595,105:0.001125281525696381;105:0.001125281525696381;125:0.0012222814119276226;125:0.0012222814119276226,105:68;105:68;125:68;125:68,105:0.001005152018103861;105:0.001005152018103861;125:0.001993947336884322;125:0.001993947336884322,0.0047607421875,0.001953125,Yes,ibm_kingston,2026-09-25 16:24:07+05:00
118,48.71205571577712,41.79037640280808,0.005859375,,0.00244140625,0.0029296875,2180,0.0003314901351227242,32,0.0003314901351227242,0,0.0003314901351227242,0.0003314901351227242,0.0003314901351227242,109:0.0026853179713861586;109:0.0026853179713861586;129:0.0020917466450097455;129:0.0020917466450097455,109:68;109:68;129:68;129:68,109:0.0023741689384216003;109:0.0023741689384216003;129:0.0019124848887936696;129:0.0019124848887936696,0.005859375,0.0029296875,Yes,ibm_kingston,2026-09-25 16:24:07+05:00
119,193.05974789726844,180.82599139798876,0.010009765625,,0.01416015625,0.005859375,2180,0.0007704646845393326,32,0.0007704646845393326,0,0.0007704646845393326,0.0007704646845393326,0.0007704646845393326,113:0.0037078559166310587;113:0.0037078559166310587;133:0.03203403960755197;133:0.03203403960755197,113:68;113:68;133:68;133:68,113:0.00346026424370377;113:0.00346026424370377;133:0.040982856761317354;133:0.040982856761317354,0.010009765625,0.005859375,Yes,ibm_kingston,2026-09-25 16:24:07+05:00
120,137.50715021593007,123.49870130386037,0.0235595703125,,0.044921875,0.002197265625,2180,0.0016546559960992878,32,0.0016546559960992878,0,0.0016546559960992878,0.0016546559960992878,0.0016546559960992878,121:0.18021993824425456;121:0.18021993824425456,121:68;121:68,121:0.13431193472717073;121:0.13431193472717073,0.0235595703125,0.002197265625,Yes,ibm_kingston,2026-09-25 16:24:07+05:00
121,8.897378048863132,25.636631187774977,0.2613525390625,,0.284912109375,0.23779296875,2180,1,32,1,0,1,1,1,120:0.18021993824425456;120:0.18021993824425456;122:0.04914454984337499;122:0.04914454984337499;116:0.07102312477713951;116:0.07102312477713951,120:68;120:68;122:68;122:68;116:68;116:68,120:0.13431193472717073;120:0.13431193472717073;122:0.06791796034125167;122:0.06791796034125167;116:0.07235876605078154;116:0.07235876605078154,0.2613525390625,0.23779296875,Yes,ibm_kingston,2026-09-25 16:24:07+05:00
122,133.86477529464534,104.43056645549756,0.0047607421875,,0.008544921875,0.0009765625,2180,0.00017273200608045443,32,0.00017273200608045443,0,0.00017273200608045443,0.00017273200608045443,0.00017273200608045443,121:0.04914454984337499;121:0.04914454984337499;123:0.0011034943301009015;123:0.0011034943301009015,121:68;121:68;123:68;123:68,121:0.06791796034125167;121:0.06791796034125167;123:0.0014847460400738977;123:0.0014847460400738977,0.0047607421875,0.0009765625,Yes,ibm_kingston,2026-09-25 16:24:07+05:00
123,240.03920308244858,24.725298131505195,0.013671875,,0.015380859375,0.011962890625,2180,0.000262904515565768,32,0.000262904515565768,0,0.000262904515565768,0.000262904515565768,0.000262904515565768,136:0.0015788943431038205;136:0.0015788943431038205;124:0.001451363886071838;124:0.001451363886071838;122:0.0011034943301009015;122:0.0011034943301009015,136:68;136:68;124:68;124:68;122:68;122:68,136:0.0011824506210641461;136:0.0011824506210641461;124:0.001734277536448059;124:0.001734277536448059;122:0.0014847460400738977;122:0.0014847460400738977,0.013671875,0.011962890625,Yes,ibm_kingston,2026-09-25 16:24:07+05:00
124,242.66378060453133,148.96983111457263,0.0147705078125,,0.025634765625,0.00390625,2180,0.000323244243755721,32,0.000323244243755721,0,0.000323244243755721,0.000323244243755721,0.000323244243755721,123:0.001451363886071838;123:0.001451363886071838;125:0.0015711376357226692;125:0.0015711376357226692,123:68;123:68;125:68;125:68,123:0.001734277536448059;123:0.001734277536448059;125:0.0025086749298383615;125:0.0025086749298383615,0.0147705078125,0.00390625,Yes,ibm_kingston,2026-09-25 16:24:07+05:00
125,331.12606651354395,405.9770680729806,0.026123046875,,0.047119140625,0.005126953125,2180,0.00044287520247445475,32,0.00044287520247445475,0,0.00044287520247445475,0.00044287520247445475,0.00044287520247445475,117:0.0012222814119276226;117:0.0012222814119276226;124:0.0015711376357226692;124:0.0015711376357226692;126:0.001267409249280621;126:0.001267409249280621,117:68;117:68;124:68;124:68;126:68;126:68,117:0.001993947336884322;117:0.001993947336884322;124:0.0025086749298383615;124:0.0025086749298383615;126:0.001276917979264769;126:0.001276917979264769,0.026123046875,0.005126953125,Yes,ibm_kingston,2026-09-25 16:24:07+05:00
126,150.1683637814652,189.91629269863435,0.0084228515625,,0.010986328125,0.005859375,2180,0.0005026975957550349,32,0.0005026975957550349,0,0.0005026975957550349,0.0005026975957550349,0.0005026975957550349,127:0.0013004394257037644;127:0.0013004394257037644;125:0.001267409249280621;125:0.001267409249280621,127:68;127:68;125:68;125:68,127:0.0013393642621644941;127:0.0013393642621644941;125:0.001276917979264769;125:0.001276917979264769,0.0084228515625,0.005859375,Yes,ibm_kingston,2026-09-25 16:24:07+05:00
127,273.4243113145462,289.087197813833,0.0455322265625,,0.04296875,0.048095703125,2180,0.00038690360421909345,32,0.00038690360421909345,0,0.00038690360421909345,0.00038690360421909345,0.00038690360421909345,126:0.0013004394257037644;126:0.0013004394257037644;128:0.0027820157902820053;128:0.0027820157902820053;137:0.0015641629491050801;137:0.0015641629491050801,126:68;126:68;128:68;128:68;137:68;137:68,126:0.0013393642621644941;126:0.0013393642621644941;128:0.0020369032366206463;128:0.0020369032366206463;137:0.0011526727992478836;137:0.0011526727992478836,0.0455322265625,0.048095703125,Yes,ibm_kingston,2026-09-25 16:24:07+05:00
128,179.24617753298594,57.91829605277834,0.011962890625,,0.02197265625,0.001953125,2180,0.00020100166187554127,32,0.00020100166187554127,0,0.00020100166187554127,0.00020100166187554127,0.00020100166187554127,127:0.0027820157902820053;127:0.0027820157902820053;129:0.0017253093328495617;129:0.0017253093328495617,127:68;127:68;129:68;129:68,127:0.0020369032366206463;127:0.0020369032366206463;129:0.0026569149750959864;129:0.0026569149750959864,0.011962890625,0.001953125,Yes,ibm_kingston,2026-09-25 16:24:07+05:00
129,183.7077415583282,123.4834929881909,0.007568359375,,0.007568359375,0.007568359375,2180,0.00023763631441266322,32,0.00023763631441266322,0,0.00023763631441266322,0.00023763631441266322,0.00023763631441266322,130:0.005375845068716578;130:0.005375845068716578;128:0.0017253093328495617;128:0.0017253093328495617;118:0.0020917466450097455;118:0.0020917466450097455,130:68;130:68;128:68;128:68;118:68;118:68,130:0.004768773032553381;130:0.004768773032553381;128:0.0026569149750959864;128:0.0026569149750959864;118:0.0019124848887936696;118:0.0019124848887936696,0.007568359375,0.007568359375,Yes,ibm_kingston,2026-09-25 16:24:07+05:00
130,166.67995697584792,144.03448664694568,0.02294921875,,0.0390625,0.0068359375,2180,0.00030578401481053965,32,0.00030578401481053965,0,0.00030578401481053965,0.00030578401481053965,0.00030578401481053965,129:0.005375845068716578;129:0.005375845068716578;131:1;131:1,129:68;129:68;131:68;131:68,129:0.004768773032553381;129:0.004768773032553381;131:1;131:1,0.02294921875,0.0068359375,Yes,ibm_kingston,2026-09-25 16:24:07+05:00
131,60.33608703062646,46.19615968610437,0.0897216796875,,0.077880859375,0.1015625,2180,0.008988141136989114,32,0.008988141136989114,0,0.008988141136989114,0.008988141136989114,0.008988141136989114,138:0.02172891203696864;138:0.02172891203696864;130:1;130:1;132:0.025389081320787266;132:0.025389081320787266,138:68;138:68;130:68;130:68;132:68;132:68,138:0.027863253907534496;138:0.027863253907534496;130:1;130:1;132:0.015237204818961875;132:0.015237204818961875,0.0897216796875,0.1015625,Yes,ibm_kingston,2026-09-25 16:24:07+05:00
132,247.9039708867533,266.2267098591316,0.0076904296875,,0.01025390625,0.005126953125,2180,0.00019711285625142325,32,0.00019711285625142325,0,0.00019711285625142325,0.00019711285625142325,0.00019711285625142325,133:0.0030080783136741673;133:0.0030080783136741673;131:0.025389081320787266;131:0.025389081320787266,133:68;133:68;131:68;131:68,133:0.0018301960207883494;133:0.0018301960207883494;131:0.015237204818961875;131:0.015237204818961875,0.0076904296875,0.005126953125,Yes,ibm_kingston,2026-09-25 16:24:07+05:00
133,209.0970299708067,135.69835732297878,0.004638671875,,0.008544921875,0.000732421875,2180,0.0003401515453252049,32,0.0003401515453252049,0,0.0003401515453252049,0.0003401515453252049,0.0003401515453252049,132:0.0030080783136741673;132:0.0030080783136741673;134:0.002215491427750682;134:0.002215491427750682;119:0.03203403960755197;119:0.03203403960755197,132:68;132:68;134:68;134:68;119:68;119:68,132:0.0018301960207883494;132:0.0018301960207883494;134:0.0015262243105813311;134:0.0015262243105813311;119:0.040982856761317354;119:0.040982856761317354,0.004638671875,0.000732421875,Yes,ibm_kingston,2026-09-25 16:24:07+05:00
134,247.46088566654484,138.45306277219441,0.00439453125,,0.00732421875,0.00146484375,2180,0.00019841107207135188,32,0.00019841107207135188,0,0.00019841107207135188,0.00019841107207135188,0.00019841107207135188,133:0.002215491427750682;133:0.002215491427750682;135:0.002217284174779177;135:0.002217284174779177,133:68;133:68;135:68;135:68,133:0.0015262243105813311;133:0.0015262243105813311;135:0.002217698726964923;135:0.002217698726964923,0.00439453125,0.00146484375,Yes,ibm_kingston,2026-09-25 16:24:07+05:00
135,76.64356028129589,81.54538653836565,0.0177001953125,,0.02685546875,0.01171875,2180,0.0005716096297866763,32,0.0005716096297866763,0,0.0005716096297866763,0.0005716096297866763,0.0005716096297866763,134:0.002217284174779177;134:0.002217284174779177;139:0.0020736106133690257;139:0.0020736106133690257,134:68;134:68;139:68;139:68,134:0.002217698726964923;134:0.002217698726964923;139:0.0021209565048930235;139:0.0021209565048930235,0.0177001953125,0.01171875,Yes,ibm_kingston,2026-09-25 16:24:07+05:00
136,206.04405918708923,308.38882649332646,0.0068359375,,0.009765625,0.00390625,2180,0.0003233153014879442,32,0.0003233153014879442,0,0.0003233153014879442,0.0003233153014879442,0.0003233153014879442,123:0.0015788943431038205;123:0.0015788943431038205;143:0.0018597520153425529;143:0.0018597520153425529,123:68;123:68;143:68;143:68,123:0.0011824506210641461;123:0.0011824506210641461;143:0.0024611832652341736;143:0.0024611832652341736,0.0068359375,0.00390625,Yes,ibm_kingston,2026-09-25 16:24:07+05:00
137,73.18885555042101,20.798574531948734,0.00634765625,,0.011474609375,0.001220703125,2180,0.0003061166369320052,32,0.0003061166369320052,0,0.0003061166369320052,0.0003061166369320052,0.0003061166369320052,147:0.0030028142644735467;147:0.0030028142644735467;127:0.0015641629491050801;127:0.0015641629491050801,147:68;147:68;127:68;127:68,147:0.0023798369286150423;147:0.0023798369286150423;127:0.0011526727992478836;127:0.0011526727992478836,0.00634765625,0.001220703125,Yes,ibm_kingston,2026-09-25 16:24:07+05:00
138,288.95762654209426,92.30091145784539,0.010498046875,,0.01416015625,0.0068359375,2180,0.00015252325816564983,32,0.00015252325816564983,0,0.00015252325816564983,0.00015252325816564983,0.00015252325816564983,151:0.0014398495363554809;151:0.0014398495363554809;131:0.02172891203696864;131:0.02172891203696864,151:80;151:80;131:68;131:68,151:0.0014264217862403339;151:0.0014264217862403339;131:0.027863253907534496;131:0.027863253907534496,0.010498046875,0.0068359375,Yes,ibm_kingston,2026-09-25 16:24:07+05:00
139,238.7546103186292,13.777581873319301,0.0181884765625,,0.017578125,0.018798828125,2180,0.0002541229220175606,32,0.0002541229220175606,0,0.0002541229220175606,0.0002541229220175606,0.0002541229220175606,155:0.006699488873470827;155:0.006699488873470827;135:0.0020736106133690257;135:0.0020736106133690257,155:68;155:68;135:68;135:68,155:0.003584745721497501;155:0.003584745721497501;135:0.0021209565048930235;135:0.0021209565048930235,0.0181884765625,0.018798828125,Yes,ibm_kingston,2026-09-25 16:24:07+05:00
140,269.1560050601448,420.7300882740071,0.0079345703125,,0.01025390625,0.005615234375,2180,0.0002046179318736445,32,0.0002046179318736445,0,0.0002046179318736445,0.0002046179318736445,0.0002046179318736445,141:0.0013474466447316313;141:0.0013474466447316313,141:68;141:68,141:0.0013021307819036099;141:0.0013021307819036099,0.0079345703125,0.005615234375,Yes,ibm_kingston,2026-09-25 16:24:07+05:00
141,154.25690451012207,139.33884535027818,0.0069580078125,,0.009521484375,0.00439453125,2180,0.0002302801025770044,32,0.0002302801025770044,0,0.0002302801025770044,0.0002302801025770044,0.0002302801025770044,140:0.0013474466447316313;140:0.0013474466447316313;142:0.001167723445781449;142:0.001167723445781449,140:68;140:68;142:68;142:68,140:0.0013021307819036099;140:0.0013021307819036099;142:0.0015088814236680903;142:0.0015088814236680903,0.0069580078125,0.00439453125,Yes,ibm_kingston,2026-09-25 16:24:07+05:00
142,265.7880443843555,205.2512074974244,0.01123046875,,0.01513671875,0.00732421875,2180,0.0001704745286386743,32,0.0001704745286386743,0,0.0001704745286386743,0.0001704745286386743,0.0001704745286386743,143:0.0015773786144140933;143:0.0015773786144140933;141:0.001167723445781449;141:0.001167723445781449,143:68;143:68;141:68;141:68,143:0.0012850665653731386;143:0.0012850665653731386;141:0.0015088814236680903;141:0.0015088814236680903,0.01123046875,0.00732421875,Yes,ibm_kingston,2026-09-25 16:24:07+05:00
143,314.133701280402,45.77223603546686,0.0048828125,,0.00830078125,0.00146484375,2180,0.00016895884383222193,32,0.00016895884383222193,0,0.00016895884383222193,0.00016895884383222193,0.00016895884383222193,142:0.0015773786144140933;142:0.0015773786144140933;144:0.0016291308558717688;144:0.0016291308558717688;136:0.0018597520153425529;136:0.0018597520153425529,142:68;142:68;144:68;144:68;136:68;136:68,142:0.0012850665653731386;142:0.0012850665653731386;144:0.0012699386286106895;144:0.0012699386286106895;136:0.0024611832652341736;136:0.0024611832652341736,0.0048828125,0.00146484375,Yes,ibm_kingston,2026-09-25 16:24:07+05:00
144,173.7919511931964,287.6171317915086,0.0054931640625,,0.006591796875,0.00439453125,2180,0.00014724693645779943,32,0.00014724693645779943,0,0.00014724693645779943,0.00014724693645779943,0.00014724693645779943,145:0.04499454545759046;145:0.04499454545759046;143:0.0016291308558717688;143:0.0016291308558717688,145:68;145:68;143:68;143:68,145:0.03908297552055176;145:0.03908297552055176;143:0.0012699386286106895;143:0.0012699386286106895,0.0054931640625,0.00439453125,Yes,ibm_kingston,2026-09-25 16:24:07+05:00
145,208.57376870291574,138.31895739361835,0.0123291015625,,0.01611328125,0.008544921875,2180,0.0010405541539796337,32,0.0010405541539796337,0,0.0010405541539796337,0.0010405541539796337,0.0010405541539796337,144:0.04499454545759046;144:0.04499454545759046;146:1;146:1,144:68;144:68;146:68;146:68,144:0.03908297552055176;144:0.03908297552055176;146:1;146:1,0.0123291015625,0.008544921875,Yes,ibm_kingston,2026-09-25 16:24:07+05:00
146,,,0.5052490234375,,0.512451171875,0.498046875,2180,1,32,1,0,1,1,1,145:1;145:1;147:1;147:1,145:68;145:68;147:68;147:68,145:1;145:1;147:1;147:1,0.5052490234375,0.498046875,Yes,ibm_kingston,2026-09-25 16:24:07+05:00
147,292.60292552354315,98.22832125229037,0.0037841796875,,0.006591796875,0.0009765625,2180,0.0013576243027514847,32,0.0013576243027514847,0,0.0013576243027514847,0.0013576243027514847,0.0013576243027514847,148:0.003314735055166579;148:0.003314735055166579;137:0.0030028142644735467;137:0.0030028142644735467;146:1;146:1,148:68;148:68;137:68;137:68;146:68;146:68,148:0.002862150697797272;148:0.002862150697797272;137:0.0023798369286150423;137:0.0023798369286150423;146:1;146:1,0.0037841796875,0.0009765625,Yes,ibm_kingston,2026-09-25 16:24:07+05:00
148,216.0286862136373,209.61150578757236,0.008544921875,,0.008544921875,0.008544921875,2180,0.00011104586848905202,32,0.00011104586848905202,0,0.00011104586848905202,0.00011104586848905202,0.00011104586848905202,147:0.003314735055166579;147:0.003314735055166579;149:0.0022415531221564033;149:0.0022415531221564033,147:68;147:68;149:68;149:68,147:0.002862150697797272;147:0.002862150697797272;149:0.001927226197003945;149:0.001927226197003945,0.008544921875,0.008544921875,Yes,ibm_kingston,2026-09-25 16:24:07+05:00
149,107.63609630215298,149.36541856052906,0.0037841796875,,0.005859375,0.001708984375,2180,0.0003990331699806987,32,0.0003990331699806987,0,0.0003990331699806987,0.0003990331699806987,0.0003990331699806987,150:0.0028451963548044024;150:0.0028451963548044024;148:0.0022415531221564033;148:0.0022415531221564033,150:68;150:68;148:68;148:68,150:0.0031940355546021537;150:0.0031940355546021537;148:0.001927226197003945;148:0.001927226197003945,0.0037841796875,0.001708984375,Yes,ibm_kingston,2026-09-25 16:24:07+05:00
150,274.0634739063546,262.54866125927754,0.00537109375,,0.00830078125,0.00244140625,2180,0.00024514791145499495,32,0.00024514791145499495,0,0.00024514791145499495,0.00024514791145499495,0.00024514791145499495,149:0.0028451963548044024;149:0.0028451963548044024;151:0.00233119044018662;151:0.00233119044018662,149:68;149:68;151:68;151:68,149:0.0031940355546021537;149:0.0031940355546021537;151:0.0015095439779097275;151:0.0015095439779097275,0.00537109375,0.00244140625,Yes,ibm_kingston,2026-09-25 16:24:07+05:00
151,251.07150451405874,180.34763851223434,0.005615234375,,0.0078125,0.00341796875,2180,0.00019278099029928703,32,0.00019278099029928703,0,0.00019278099029928703,0.00019278099029928703,0.00019278099029928703,138:0.0014398495363554809;138:0.0014398495363554809;152:0.0011560440058515087;152:0.0011560440058515087;150:0.00233119044018662;150:0.00233119044018662,138:80;138:80;152:68;152:68;150:68;150:68,138:0.0014264217862403339;138:0.0014264217862403339;152:0.0012121217316538868;152:0.0012121217316538868;150:0.0015095439779097275;150:0.0015095439779097275,0.005615234375,0.00341796875,Yes,ibm_kingston,2026-09-25 16:24:07+05:00
152,259.821992894846,115.2804886665535,0.0059814453125,,0.0107421875,0.002685546875,2180,0.0002051668937648599,32,0.0002051668937648599,0,0.0002051668937648599,0.0002051668937648599,0.0002051668937648599,151:0.0011560440058515087;151:0.0011560440058515087;153:0.0011293331706148657;153:0.0011293331706148657,151:68;151:68;153:68;153:68,151:0.0012121217316538868;151:0.0012121217316538868;153:0.0010217980139337612;153:0.0010217980139337612,0.0059814453125,0.002685546875,Yes,ibm_kingston,2026-09-25 16:24:07+05:00
153,325.7531077540473,246.5988855381789,0.0230712890625,,0.02978515625,0.016357421875,2180,0.0004164594453705232,32,0.0004164594453705232,0,0.0004164594453705232,0.0004164594453705232,0.0004164594453705232,152:0.0011293331706148657;152:0.0011293331706148657;154:0.00265019147585005;154:0.00265019147585005,152:68;152:68;154:68;154:68,152:0.0010217980139337612;152:0.0010217980139337612;154:0.0024246618332036673;154:0.0024246618332036673,0.0230712890625,0.016357421875,Yes,ibm_kingston,2026-09-25 16:24:07+05:00
154,166.06540370919376,112.90537980908726,0.0045166015625,,0.006103515625,0.0029296875,2180,0.00029971987612584564,32,0.00029971987612584564,0,0.00029971987612584564,0.00029971987612584564,0.00029971987612584564,153:0.00265019147585005;153:0.00265019147585005;155:0.0013426272679293305;155:0.0013426272679293305,153:68;153:68;155:68;155:68,153:0.0024246618332036673;153:0.0024246618332036673;155:0.0015495009999090814;155:0.0015495009999090814,0.0045166015625,0.0029296875,Yes,ibm_kingston,2026-09-25 16:24:07+05:00
155,258.90385814845786,277.6959395422673,0.006591796875,,0.010009765625,0.003173828125,2180,0.0002537508538378315,32,0.0002537508538378315,0,0.0002537508538378315,0.0002537508538378315,0.0002537508538378315,139:0.006699488873470827;139:0.006699488873470827;154:0.0013426272679293305;154:0.0013426272679293305,139:68;139:68;154:68;154:68,139:0.003584745721497501;139:0.003584745721497501;154:0.0015495009999090814;154:0.0015495009999090814,0.006591796875,0.003173828125,Yes,ibm_kingston,2026-09-25 16:24:07+05:00
0,336.4666395643966,468.7343078897478,0.018798828125,,0.01611328125,0.021484375,2180,0.00036422703918566763,32,0.00036422703918566763,0,0.00036422703918566763,0.00036422703918566763,0.00036422703918566763,1:0.0007685550737635549;1:0.0007685550737635549,1:68;1:68,1:0.0009227235991412508;1:0.0009227235991412508,0.018798828125,0.021484375,Yes,ibm_kingston,2026-09-25 15:27:38+05:00
1,280.9960053347357,321.25412437663687,0.012451171875,,0.0146484375,0.01025390625,2180,0.00011410640506216502,32,0.00011410640506216502,0,0.00011410640506216502,0.00011410640506216502,0.00011410640506216502,2:0.0013713694058352932;2:0.0013713694058352932;0:0.0007685550737635549;0:0.0007685550737635549,2:68;2:68;0:68;0:68,2:0.0008610386114593083;2:0.0008610386114593083;0:0.0009227235991412508;0:0.0009227235991412508,0.012451171875,0.01025390625,Yes,ibm_kingston,2026-09-25 15:27:38+05:00
2,187.92005589258065,100.07122793231295,0.0068359375,,0.00927734375,0.00439453125,2180,0.00019858639151095652,32,0.00019858639151095652,0,0.00019858639151095652,0.00019858639151095652,0.00019858639151095652,1:0.0013713694058352932;1:0.0013713694058352932;3:0.0016701224888926447;3:0.0016701224888926447,1:68;1:68;3:68;3:68,1:0.0008610386114593083;1:0.0008610386114593083;3:0.0017697064365315707;3:0.0017697064365315707,0.0068359375,0.00439453125,Yes,ibm_kingston,2026-09-25 15:27:38+05:00
3,173.03629054452213,110.15832573101653,0.006103515625,,0.01171875,0.00048828125,2180,0.0003879576060245071,32,0.0003879576060245071,0,0.0003879576060245071,0.0003879576060245071,0.0003879576060245071,16:0.0011038996790617983;16:0.0011038996790617983;2:0.0016701224888926447;2:0.0016701224888926447;4:0.0019331863087419243;4:0.0019331863087419243,16:68;16:68;2:68;2:68;4:68;4:68,16:0.0013015384968247945;16:0.0013015384968247945;2:0.0017697064365315707;2:0.0017697064365315707;4:0.0024083776081075536;4:0.0024083776081075536,0.006103515625,0.00048828125,Yes,ibm_kingston,2026-09-25 15:27:38+05:00
4,266.11439479096566,76.02954183621893,0.00927734375,,0.017578125,0.0009765625,2180,0.00027256219881772027,32,0.00027256219881772027,0,0.00027256219881772027,0.00027256219881772027,0.00027256219881772027,3:0.0019331863087419243;3:0.0019331863087419243;5:0.0018627761934583986;5:0.0018627761934583986,3:68;3:68;5:68;5:68,3:0.0024083776081075536;3:0.0024083776081075536;5:0.0023897624482911994;5:0.0023897624482911994,0.00927734375,0.0009765625,Yes,ibm_kingston,2026-09-25 15:27:38+05:00
5,105.85956909378632,60.06673524284885,0.0078125,,0.01171875,0.00390625,2180,0.00036919063205924016,32,0.00036919063205924016,0,0.00036919063205924016,0.00036919063205924016,0.00036919063205924016,6:0.002765011755596708;6:0.002765011755596708;4:0.0018627761934583986;4:0.0018627761934583986,6:68;6:68;4:68;4:68,6:0.0025465187514958354;6:0.0025465187514958354;4:0.0023897624482911994;4:0.0023897624482911994,0.0078125,0.00390625,Yes,ibm_kingston,2026-09-25 15:27:38+05:00
6,271.514824283891,134.25077178225482,0.005615234375,,0.00634765625,0.0048828125,2180,0.00035298299578489026,32,0.00035298299578489026,0,0.00035298299578489026,0.00035298299578489026,0.00035298299578489026,5:0.002765011755596708;5:0.002765011755596708;7:0.0075011588334764345;7:0.0075011588334764345,5:68;5:68;7:80;7:80,5:0.0025465187514958354;5:0.0025465187514958354;7:0.007301377050822483;7:0.007301377050822483,0.005615234375,0.0048828125,Yes,ibm_kingston,2026-09-25 15:27:38+05:00
7,209.4857195084155,96.89852945723719,0.013916015625,,0.02001953125,0.0078125,2180,0.00032437786499364744,32,0.00032437786499364744,0,0.00032437786499364744,0.00032437786499364744,0.00032437786499364744,17:0.006197844553408854;17:0.006197844553408854;6:0.0075011588334764345;6:0.0075011588334764345;8:0.007593024340945859;8:0.007593024340945859,17:68;17:68;6:80;6:80;8:68;8:68,17:0.0042906598671491325;17:0.0042906598671491325;6:0.007301377050822483;6:0.007301377050822483;8:0.006357333455077829;8:0.006357333455077829,0.013916015625,0.0078125,Yes,ibm_kingston,2026-09-25 15:27:38+05:00
8,208.64620207141348,86.33695481199273,0.014892578125,,0.01611328125,0.013671875,2180,0.00020785027159169695,32,0.00020785027159169695,0,0.00020785027159169695,0.00020785027159169695,0.00020785027159169695,9:0.0026150163260615644;9:0.0026150163260615644;7:0.007593024340945859;7:0.007593024340945859,9:68;9:68;7:68;7:68,9:0.0017102295146800561;9:0.0017102295146800561;7:0.006357333455077829;7:0.006357333455077829,0.014892578125,0.013671875,Yes,ibm_kingston,2026-09-25 15:27:38+05:00
9,105.66086432414207,44.552741548619935,0.006591796875,,0.01171875,0.00146484375,2180,0.0004956588278037463,32,0.0004956588278037463,0,0.0004956588278037463,0.0004956588278037463,0.0004956588278037463,8:0.0026150163260615644;8:0.0026150163260615644;10:0.0032107320211162693;10:0.0032107320211162693,8:68;8:68;10:68;10:68,8:0.0017102295146800561;8:0.0017102295146800561;10:0.001878273740331865;10:0.001878273740331865,0.006591796875,0.00146484375,Yes,ibm_kingston,2026-09-25 15:27:38+05:00
10,255.17293533879348,23.490202936856473,0.00537109375,,0.005859375,0.0048828125,2180,0.0002567650967268688,32,0.0002567650967268688,0,0.0002567650967268688,0.0002567650967268688,0.0002567650967268688,9:0.0032107320211162693;9:0.0032107320211162693;11:0.0012787066211835119;11:0.0012787066211835119,9:68;9:68;11:68;11:68,9:0.001878273740331865;9:0.001878273740331865;11:0.0012584612983725652;11:0.0012584612983725652,0.00537109375,0.0048828125,Yes,ibm_kingston,2026-09-25 15:27:38+05:00
11,295.916366621202,112.2258811311623,0.00732421875,,0.00830078125,0.00634765625,2180,0.00028911162733397523,32,0.00028911162733397523,0,0.00028911162733397523,0.00028911162733397523,0.00028911162733397523,18:0.0018603688671818275;18:0.0018603688671818275;10:0.0012787066211835119;10:0.0012787066211835119;12:0.0010334791364512708;12:0.0010334791364512708,18:68;18:68;10:68;10:68;12:68;12:68,18:0.002413510989774298;18:0.002413510989774298;10:0.0012584612983725652;10:0.0012584612983725652;12:0.001088830861913137;12:0.001088830861913137,0.00732421875,0.00634765625,Yes,ibm_kingston,2026-09-25 15:27:38+05:00
12,193.4450363159131,184.6625019956198,0.044921875,,0.0302734375,0.0595703125,2180,0.00031025919644558496,32,0.00031025919644558496,0,0.00031025919644558496,0.00031025919644558496,0.00031025919644558496,13:0.0019125864022996042;13:0.0019125864022996042;11:0.0010334791364512708;11:0.0010334791364512708,13:68;13:68;11:68;11:68,13:0.0014686086216363636;13:0.0014686086216363636;11:0.001088830861913137;11:0.001088830861913137,0.044921875,0.0595703125,Yes,ibm_kingston,2026-09-25 15:27:38+05:00
13,204.50588108337206,346.91001801183967,0.011962890625,,0.01904296875,0.0048828125,2180,0.0004836004093861743,32,0.0004836004093861743,0,0.0004836004093861743,0.0004836004093861743,0.0004836004093861743,12:0.0019125864022996042;12:0.0019125864022996042;14:0.001428549119927458;14:0.001428549119927458,12:68;12:68;14:68;14:68,12:0.0014686086216363636;12:0.0014686086216363636;14:0.001284734171112939;14:0.001284734171112939,0.011962890625,0.0048828125,Yes,ibm_kingston,2026-09-25 15:27:38+05:00
14,278.5087060520256,495.8365568530598,0.025146484375,,0.02783203125,0.0224609375,2180,0.00017671162310577411,32,0.00017671162310577411,0,0.00017671162310577411,0.00017671162310577411,0.00017671162310577411,15:0.003776848552281914;15:0.003776848552281914;13:0.001428549119927458;13:0.001428549119927458,15:68;15:68;13:68;13:68,15:0.0032423682414398636;15:0.0032423682414398636;13:0.001284734171112939;13:0.001284734171112939,0.025146484375,0.0224609375,Yes,ibm_kingston,2026-09-25 15:27:38+05:00
15,288.1078938911592,323.74776855326405,0.00732421875,,0.01220703125,0.00244140625,2180,0.00012104365719404825,32,0.00012104365719404825,0,0.00012104365719404825,0.00012104365719404825,0.00012104365719404825,14:0.003776848552281914;14:0.003776848552281914;19:0.0020842019219582675;19:0.0020842019219582675,14:68;14:68;19:68;19:68,14:0.0032423682414398636;14:0.0032423682414398636;19:0.002543672398017588;19:0.002543672398017588,0.00732421875,0.00244140625,Yes,ibm_kingston,2026-09-25 15:27:38+05:00
16,140.56642979756649,241.67248771981875,0.013671875,,0.0185546875,0.0087890625,2180,0.0001980679989231381,32,0.0001980679989231381,0,0.0001980679989231381,0.0001980679989231381,0.0001980679989231381,23:0.0015792635114248166;23:0.0015792635114248166;3:0.0011038996790617983;3:0.0011038996790617983,23:68;23:68;3:68;3:68,23:0.0014967134089556855;23:0.0014967134089556855;3:0.0013015384968247945;3:0.0013015384968247945,0.013671875,0.0087890625,Yes,ibm_kingston,2026-09-25 15:27:38+05:00
17,302.84360081937217,154.78711827037392,0.0048828125,,0.00830078125,0.00146484375,2180,0.000327484500037276,32,0.000327484500037276,0,0.000327484500037276,0.000327484500037276,0.000327484500037276,7:0.006197844553408854;7:0.006197844553408854;27:0.0015475941334729126;27:0.0015475941334729126,7:68;7:68;27:68;27:68,7:0.0042906598671491325;7:0.0042906598671491325;27:0.0015030274578072822;27:0.0015030274578072822,0.0048828125,0.00146484375,Yes,ibm_kingston,2026-09-25 15:27:38+05:00
18,130.49564858488404,106.37860688767464,0.014404296875,,0.01806640625,0.0107421875,2180,0.0005978462196236095,32,0.0005978462196236095,0,0.0005978462196236095,0.0005978462196236095,0.0005978462196236095,11:0.0018603688671818275;11:0.0018603688671818275;31:0.0022972534710548886;31:0.0022972534710548886,11:68;11:68;31:68;31:68,11:0.002413510989774298;11:0.002413510989774298;31:0.002781928049676974;31:0.002781928049676974,0.014404296875,0.0107421875,Yes,ibm_kingston,2026-09-25 15:27:38+05:00
19,190.6013352358296,208.84558534288124,0.008056640625,,0.0107421875,0.00537109375,2180,0.0002787973350378829,32,0.0002787973350378829,0,0.0002787973350378829,0.0002787973350378829,0.0002787973350378829,35:0.0012278206235848965;35:0.0012278206235848965;15:0.0020842019219582675;15:0.0020842019219582675,35:68;35:68;15:68;15:68,35:0.0019136529015843229;35:0.0019136529015843229;15:0.002543672398017588;15:0.002543672398017588,0.008056640625,0.00537109375,Yes,ibm_kingston,2026-09-25 15:27:38+05:00
20,283.0906391190015,29.871099873509092,0.00634765625,,0.00634765625,0.00634765625,2180,0.0003436797859333315,32,0.0003436797859333315,0,0.0003436797859333315,0.0003436797859333315,0.0003436797859333315,21:0.0020711265903758103;21:0.0020711265903758103,21:68;21:68,21:0.0016593569226790728;21:0.0016593569226790728,0.00634765625,0.00634765625,Yes,ibm_kingston,2026-09-25 15:27:38+05:00
21,133.0316551576741,182.4919909639199,0.0126953125,,0.02392578125,0.00146484375,2180,0.00048132531608610234,32,0.00048132531608610234,0,0.00048132531608610234,0.00048132531608610234,0.00048132531608610234,36:0.001362908699597598;36:0.001362908699597598;20:0.0020711265903758103;20:0.0020711265903758103;22:0.0016209504962347576;22:0.0016209504962347576,36:68;36:68;20:68;20:68;22:68;22:68,36:0.001044049377931372;36:0.001044049377931372;20:0.0016593569226790728;20:0.0016593569226790728;22:0.001735114474704924;22:0.001735114474704924,0.0126953125,0.00146484375,Yes,ibm_kingston,2026-09-25 15:27:38+05:00
22,82.03813912449354,107.28053387073518,0.013427734375,,0.01611328125,0.0107421875,2180,0.00023151795326851682,32,0.00023151795326851682,0,0.00023151795326851682,0.00023151795326851682,0.00023151795326851682,23:0.001725651167691994;23:0.001725651167691994;21:0.0016209504962347576;21:0.0016209504962347576,23:68;23:68;21:68;21:68,23:0.0014731093478994595;23:0.0014731093478994595;21:0.001735114474704924;21:0.001735114474704924,0.013427734375,0.0107421875,Yes,ibm_kingston,2026-09-25 15:27:38+05:00
23,254.04459938728127,70.55846108997626,0.005126953125,,0.0078125,0.00244140625,2180,0.0001233110726666772,32,0.0001233110726666772,0,0.0001233110726666772,0.0001233110726666772,0.0001233110726666772,22:0.001725651167691994;22:0.001725651167691994;24:0.002033957131133829;24:0.002033957131133829;16:0.0015792635114248166;16:0.0015792635114248166,22:68;22:68;24:68;24:68;16:68;16:68,22:0.0014731093478994595;22:0.0014731093478994595;24:0.0012290148754913466;24:0.0012290148754913466;16:0.0014967134089556855;16:0.0014967134089556855,0.005126953125,0.00244140625,Yes,ibm_kingston,2026-09-25 15:27:38+05:00
24,296.3003924876887,74.19527953018164,0.015869140625,,0.0185546875,0.01318359375,2180,0.00037188940874624223,32,0.00037188940874624223,0,0.00037188940874624223,0.00037188940874624223,0.00037188940874624223,23:0.002033957131133829;23:0.002033957131133829;25:0.0020411425926121496;25:0.0020411425926121496,23:68;23:68;25:68;25:68,23:0.0012290148754913466;23:0.0012290148754913466;25:0.001881141387973212;25:0.001881141387973212,0.015869140625,0.01318359375,Yes,ibm_kingston,2026-09-25 15:27:38+05:00
25,255.65930388841377,29.025617648268145,0.00537109375,,0.00830078125,0.00244140625,2180,0.0001987473784102972,32,0.0001987473784102972,0,0.0001987473784102972,0.0001987473784102972,0.0001987473784102972,24:0.0020411425926121496;24:0.0020411425926121496;26:0.0014636776534062146;26:0.0014636776534062146;37:0.0019543830205464574;37:0.0019543830205464574,24:68;24:68;26:68;26:68;37:68;37:68,24:0.001881141387973212;24:0.001881141387973212;26:0.0015767908219591342;26:0.0015767908219591342;37:0.0017220788271621879;37:0.0017220788271621879,0.00537109375,0.00244140625,Yes,ibm_kingston,2026-09-25 15:27:38+05:00
26,186.84441699250806,70.11741564161136,0.011474609375,,0.017578125,0.00537109375,2180,0.0002103421894964319,32,0.0002103421894964319,0,0.0002103421894964319,0.0002103421894964319,0.0002103421894964319,25:0.0014636776534062146;25:0.0014636776534062146;27:0.0015285168982522856;27:0.0015285168982522856,25:68;25:68;27:68;27:68,25:0.0015767908219591342;25:0.0015767908219591342;27:0.005111646182038604;27:0.005111646182038604,0.011474609375,0.00537109375,Yes,ibm_kingston,2026-09-25 15:27:38+05:00
27,200.14894994110867,72.65670467282402,0.01806640625,,0.0185546875,0.017578125,2180,0.00017061553954838467,32,0.00017061553954838467,0,0.00017061553954838467,0.00017061553954838467,0.00017061553954838467,26:0.0015285168982522856;26:0.0015285168982522856;28:0.001497479402056634;28:0.001497479402056634;17:0.0015475941334729126;17:0.0015475941334729126,26:68;26:68;28:68;28:68;17:68;17:68,26:0.005111646182038604;26:0.005111646182038604;28:0.001384758311293699;28:0.001384758311293699;17:0.0015030274578072822;17:0.0015030274578072822,0.01806640625,0.017578125,Yes,ibm_kingston,2026-09-25 15:27:38+05:00
28,250.10848601076665,269.8991500337437,0.016845703125,,0.0234375,0.01025390625,2180,0.00021182687462336302,32,0.00021182687462336302,0,0.00021182687462336302,0.00021182687462336302,0.00021182687462336302,27:0.001497479402056634;27:0.001497479402056634;29:0.0020716471095845457;29:0.0020716471095845457,27:68;27:68;29:68;29:68,27:0.001384758311293699;27:0.001384758311293699;29:0.0022247605072982513;29:0.0022247605072982513,0.016845703125,0.01025390625,Yes,ibm_kingston,2026-09-25 15:27:38+05:00
29,174.10417985417016,70.84830826699564,0.01220703125,,0.013671875,0.0107421875,2180,0.00020667808792647937,32,0.00020667808792647937,0,0.00020667808792647937,0.00020667808792647937,0.00020667808792647937,38:0.004941045167925928;38:0.004941045167925928;28:0.0020716471095845457;28:0.0020716471095845457;30:0.001268425348027763;30:0.001268425348027763,38:68;38:68;28:68;28:68;30:80;30:80,38:0.0027820863039931254;38:0.0027820863039931254;28:0.0022247605072982513;28:0.0022247605072982513;30:0.0014535397614219847;30:0.0014535397614219847,0.01220703125,0.0107421875,Yes,ibm_kingston,2026-09-25 15:27:38+05:00
30,256.31165851913795,90.280892890724,0.006591796875,,0.00830078125,0.0048828125,2180,0.00026680163306561447,32,0.00026680163306561447,0,0.00026680163306561447,0.00026680163306561447,0.00026680163306561447,31:0.003934339986860241;31:0.003934339986860241;29:0.001268425348027763;29:0.001268425348027763,31:68;31:68;29:80;29:80,31:0.0021468448117266115;31:0.0021468448117266115;29:0.0014535397614219847;29:0.0014535397614219847,0.006591796875,0.0048828125,Yes,ibm_kingston,2026-09-25 15:27:38+05:00
31,222.09462532887468,272.2181349107763,0.04638671875,,0.0380859375,0.0546875,2180,0.00040942796524302035,32,0.00040942796524302035,0,0.00040942796524302035,0.00040942796524302035,0.00040942796524302035,30:0.003934339986860241;30:0.003934339986860241;32:0.0027333348922575773;32:0.0027333348922575773;18:0.0022972534710548886;18:0.0022972534710548886,30:68;30:68;32:68;32:68;18:68;18:68,30:0.0021468448117266115;30:0.0021468448117266115;32:0.0024499104887001077;32:0.0024499104887001077;18:0.002781928049676974;18:0.002781928049676974,0.04638671875,0.0546875,Yes,ibm_kingston,2026-09-25 15:27:38+05:00
32,365.57922022991727,459.3135632004803,0.070068359375,,0.0576171875,0.08251953125,2180,0.00021723841831234637,32,0.00021723841831234637,0,0.00021723841831234637,0.00021723841831234637,0.00021723841831234637,31:0.0027333348922575773;31:0.0027333348922575773;33:0.0025124767633232237;33:0.0025124767633232237,31:68;31:68;33:68;33:68,31:0.0024499104887001077;31:0.0024499104887001077;33:0.003300328795514451;33:0.003300328795514451,0.070068359375,0.08251953125,Yes,ibm_kingston,2026-09-25 15:27:38+05:00
33,308.182063298296,467.5979521216172,0.009521484375,,0.009765625,0.00927734375,2180,0.00018717522052303116,32,0.00018717522052303116,0,0.00018717522052303116,0.00018717522052303116,0.00018717522052303116,39:0.002107882631021185;39:0.002107882631021185;32:0.0025124767633232237;32:0.0025124767633232237;34:0.0021932314932126273;34:0.0021932314932126273,39:68;39:68;32:68;32:68;34:108;34:108,39:0.00148046200285476;39:0.00148046200285476;32:0.003300328795514451;32:0.003300328795514451;34:0.0020900232010004904;34:0.0020900232010004904,0.009521484375,0.00927734375,Yes,ibm_kingston,2026-09-25 15:27:38+05:00
34,181.39104761888103,214.28518756037963,0.01611328125,,0.01806640625,0.01416015625,2180,0.00024469576410692987,32,0.00024469576410692987,0,0.00024469576410692987,0.00024469576410692987,0.00024469576410692987,33:0.0021932314932126273;33:0.0021932314932126273;35:0.001211811715456007;35:0.001211811715456007,33:108;33:108;35:68;35:68,33:0.0020900232010004904;33:0.0020900232010004904;35:0.0019256254546701768;35:0.0019256254546701768,0.01611328125,0.01416015625,Yes,ibm_kingston,2026-09-25 15:27:38+05:00
35,286.1928846311314,337.7327842759464,0.02001953125,,0.02001953125,0.02001953125,2180,0.00021909154191913552,32,0.00021909154191913552,0,0.00021909154191913552,0.00021909154191913552,0.00021909154191913552,19:0.0012278206235848965;19:0.0012278206235848965;34:0.001211811715456007;34:0.001211811715456007,19:68;19:68;34:68;34:68,19:0.0019136529015843229;19:0.0019136529015843229;34:0.0019256254546701768;34:0.0019256254546701768,0.02001953125,0.02001953125,Yes,ibm_kingston,2026-09-25 15:27:38+05:00
36,217.99912956656425,242.90404419679717,0.006591796875,,0.01220703125,0.0009765625,2180,0.00018723707894491423,32,0.00018723707894491423,0,0.00018723707894491423,0.00018723707894491423,0.00018723707894491423,41:0.001890160260846152;41:0.001890160260846152;21:0.001362908699597598;21:0.001362908699597598,41:68;41:68;21:68;21:68,41:0.0014993379208823043;41:0.0014993379208823043;21:0.001044049377931372;21:0.001044049377931372,0.006591796875,0.0009765625,Yes,ibm_kingston,2026-09-25 15:27:38+05:00
37,88.49869340172944,27.58971597916541,0.00537109375,,0.0087890625,0.001953125,2180,0.0004223495831992001,32,0.0004223495831992001,0,0.0004223495831992001,0.0004223495831992001,0.0004223495831992001,45:0.0036480350263801975;45:0.0036480350263801975;25:0.0019543830205464574;25:0.0019543830205464574,45:68;45:68;25:68;25:68,45:0.001871603452579057;45:0.001871603452579057;25:0.0017220788271621879;25:0.0017220788271621879,0.00537109375,0.001953125,Yes,ibm_kingston,2026-09-25 15:27:38+05:00
38,237.00594252236428,68.06583231269099,0.004150390625,,0.00439453125,0.00390625,2180,0.0002319913687156709,32,0.0002319913687156709,0,0.0002319913687156709,0.0002319913687156709,0.0002319913687156709,29:0.004941045167925928;29:0.004941045167925928;49:0.001594355785739937;49:0.001594355785739937,29:68;29:68;49:68;49:68,29:0.0027820863039931254;29:0.0027820863039931254;49:0.001285806477652085;49:0.001285806477652085,0.004150390625,0.00390625,Yes,ibm_kingston,2026-09-25 15:27:38+05:00
39,99.71168525794653,98.78266790888162,0.014404296875,,0.0205078125,0.00830078125,2180,0.00019404727104498814,32,0.00019404727104498814,0,0.00019404727104498814,0.00019404727104498814,0.00019404727104498814,53:0.001486865964231615;53:0.001486865964231615;33:0.002107882631021185;33:0.002107882631021185,53:68;53:68;33:68;33:68,53:0.005296923191012076;53:0.005296923191012076;33:0.00148046200285476;33:0.00148046200285476,0.014404296875,0.00830078125,Yes,ibm_kingston,2026-09-25 15:27:38+05:00
40,276.9902230859321,85.8330098885021,0.0029296875,,0.00537109375,0.00048828125,2180,0.0003598968373241917,32,0.0003598968373241917,0,0.0003598968373241917,0.0003598968373241917,0.0003598968373241917,41:0.0020023982792476414;41:0.0020023982792476414,41:68;41:68,41:0.002560980310227695;41:0.002560980310227695,0.0029296875,0.00048828125,Yes,ibm_kingston,2026-09-25 15:27:38+05:00
41,261.02482730269634,65.69631446231281,0.00732421875,,0.0107421875,0.00390625,2180,0.0002367478101623629,32,0.0002367478101623629,0,0.0002367478101623629,0.0002367478101623629,0.0002367478101623629,40:0.0020023982792476414;40:0.0020023982792476414;42:0.0018622867900391082;42:0.0018622867900391082;36:0.001890160260846152;36:0.001890160260846152,40:68;40:68;42:68;42:68;36:68;36:68,40:0.002560980310227695;40:0.002560980310227695;42:0.0020692975459927765;42:0.0020692975459927765;36:0.0014993379208823043;36:0.0014993379208823043,0.00732421875,0.00390625,Yes,ibm_kingston,2026-09-25 15:27:38+05:00
42,114.83784551232097,121.18413132578819,0.0048828125,,0.0078125,0.001953125,2180,0.0002825476844430431,32,0.0002825476844430431,0,0.0002825476844430431,0.0002825476844430431,0.0002825476844430431,41:0.0018622867900391082;41:0.0018622867900391082;43:0.0019305755510234945;43:0.0019305755510234945,41:68;41:68;43:68;43:68,41:0.0020692975459927765;41:0.0020692975459927765;43:0.0030048558770242317;43:0.0030048558770242317,0.0048828125,0.001953125,Yes,ibm_kingston,2026-09-25 15:27:38+05:00
43,297.7476033253412,75.58419778544797,0.006103515625,,0.009765625,0.00244140625,2180,0.009328265185282791,32,0.009328265185282791,0,0.009328265185282791,0.009328265185282791,0.009328265185282791,42:0.0019305755510234945;42:0.0019305755510234945;56:0.005411549466781934;56:0.005411549466781934;44:0.016476751103863346;44:0.016476751103863346,42:68;42:68;56:68;56:68;44:68;44:68,42:0.0030048558770242317;42:0.0030048558770242317;56:0.004091557734358736;56:0.004091557734358736;44:0.0022773890343458503;44:0.0022773890343458503,0.006103515625,0.00244140625,Yes,ibm_kingston,2026-09-25 15:27:38+05:00
44,207.04963348821153,317.1941608355146,0.012451171875,,0.01513671875,0.009765625,2180,0.0002050171920534136,32,0.0002050171920534136,0,0.0002050171920534136,0.0002050171920534136,0.0002050171920534136,45:0.003276374043350405;45:0.003276374043350405;43:0.016476751103863346;43:0.016476751103863346,45:68;45:68;43:68;43:68,45:0.0014123390530565716;45:0.0014123390530565716;43:0.0022773890343458503;43:0.0022773890343458503,0.012451171875,0.009765625,Yes,ibm_kingston,2026-09-25 15:27:38+05:00
45,224.58743417561135,169.04321892845147,0.028076171875,,0.02587890625,0.0302734375,2180,0.001502161869317895,32,0.001502161869317895,0,0.001502161869317895,0.001502161869317895,0.001502161869317895,44:0.003276374043350405;44:0.003276374043350405;46:0.0029846786838585437;46:0.0029846786838585437;37:0.0036480350263801975;37:0.0036480350263801975,44:68;44:68;46:68;46:68;37:68;37:68,44:0.0014123390530565716;44:0.0014123390530565716;46:0.0015084831764356488;46:0.0015084831764356488;37:0.001871603452579057;37:0.001871603452579057,0.028076171875,0.0302734375,Yes,ibm_kingston,2026-09-25 15:27:38+05:00
46,87.76599612953575,76.64089781690915,0.010009765625,,0.01708984375,0.0029296875,2180,0.0003861733578143592,32,0.0003861733578143592,0,0.0003861733578143592,0.0003861733578143592,0.0003861733578143592,45:0.0029846786838585437;45:0.0029846786838585437;47:0.0021297963939191367;47:0.0021297963939191367,45:68;45:68;47:68;47:68,45:0.0015084831764356488;45:0.0015084831764356488;47:0.0024215628105584974;47:0.0024215628105584974,0.010009765625,0.0029296875,Yes,ibm_kingston,2026-09-25 15:27:38+05:00
47,288.88331763936935,286.64218561779717,0.006591796875,,0.00830078125,0.0048828125,2180,0.00042010476329617445,32,0.00042010476329617445,0,0.00042010476329617445,0.00042010476329617445,0.00042010476329617445,48:0.0023977038576444842;48:0.0023977038576444842;57:0.0019672486255145893;57:0.0019672486255145893;46:0.0021297963939191367;46:0.0021297963939191367,48:68;48:68;57:68;57:68;46:68;46:68,48:0.003292004328737219;48:0.003292004328737219;57:0.0016246663682187856;57:0.0016246663682187856;46:0.0024215628105584974;46:0.0024215628105584974,0.006591796875,0.0048828125,Yes,ibm_kingston,2026-09-25 15:27:38+05:00
48,128.33371350826155,20.22409251248406,0.021484375,,0.03955078125,0.00341796875,2180,0.00027570531341656034,32,0.00027570531341656034,0,0.00027570531341656034,0.00027570531341656034,0.00027570531341656034,47:0.0023977038576444842;47:0.0023977038576444842;49:0.0018434858123342612;49:0.0018434858123342612,47:68;47:68;49:68;49:68,47:0.003292004328737219;47:0.003292004328737219;49:0.002232497260701516;49:0.002232497260701516,0.021484375,0.00341796875,Yes,ibm_kingston,2026-09-25 15:27:38+05:00
49,262.9140931929084,97.3826159414637,0.009765625,,0.01025390625,0.00927734375,2180,0.00031445923236615475,32,0.00031445923236615475,0,0.00031445923236615475,0.00031445923236615475,0.00031445923236615475,48:0.0018434858123342612;48:0.0018434858123342612;50:0.0014258959418786965;50:0.0014258959418786965;38:0.001594355785739937;38:0.001594355785739937,48:68;48:68;50:68;50:68;38:68;38:68,48:0.002232497260701516;48:0.002232497260701516;50:0.0018801323732287878;50:0.0018801323732287878;38:0.001285806477652085;38:0.001285806477652085,0.009765625,0.00927734375,Yes,ibm_kingston,2026-09-25 15:27:38+05:00
50,303.59330252472836,320.1287820992004,0.008544921875,,0.015625,0.00146484375,2180,0.0001800508967846574,32,0.0001800508967846574,0,0.0001800508967846574,0.0001800508967846574,0.0001800508967846574,49:0.0014258959418786965;49:0.0014258959418786965;51:0.0010948281917552982;51:0.0010948281917552982,49:68;49:68;51:68;51:68,49:0.0018801323732287878;49:0.0018801323732287878;51:0.0014940524462012106;51:0.0014940524462012106,0.008544921875,0.00146484375,Yes,ibm_kingston,2026-09-25 15:27:38+05:00
51,120.25169211903699,145.03074105899694,0.022216796875,,0.0390625,0.00537109375,2180,0.00012437803445485918,32,0.00012437803445485918,0,0.00012437803445485918,0.00012437803445485918,0.00012437803445485918,50:0.0010948281917552982;50:0.0010948281917552982;52:0.0018316493243691612;52:0.0018316493243691612;58:0.0018867739653539717;58:0.0018867739653539717,50:68;50:68;52:68;52:68;58:68;58:68,50:0.0014940524462012106;50:0.0014940524462012106;52:0.002195437201928302;52:0.002195437201928302;58:0.001789249829894285;58:0.001789249829894285,0.022216796875,0.00537109375,Yes,ibm_kingston,2026-09-25 15:27:38+05:00
52,127.00366570290686,49.41451757843999,0.021240234375,,0.02734375,0.01513671875,2180,0.00024793952206064875,32,0.00024793952206064875,0,0.00024793952206064875,0.00024793952206064875,0.00024793952206064875,51:0.0018316493243691612;51:0.0018316493243691612;53:0.001556838043804687;53:0.001556838043804687,51:68;51:68;53:68;53:68,51:0.002195437201928302;51:0.002195437201928302;53:0.0018655776793622403;53:0.0018655776793622403,0.021240234375,0.01513671875,Yes,ibm_kingston,2026-09-25 15:27:38+05:00
53,227.35092782652728,74.6583644848294,0.002685546875,,0.00341796875,0.001953125,2180,9.86951144053276e-05,32,9.86951144053276e-05,0,9.86951144053276e-05,9.86951144053276e-05,9.86951144053276e-05,39:0.001486865964231615;39:0.001486865964231615;52:0.001556838043804687;52:0.001556838043804687;54:0.0010891948599268675;54:0.0010891948599268675,39:68;39:68;52:68;52:68;54:68;54:68,39:0.005296923191012076;39:0.005296923191012076;52:0.0018655776793622403;52:0.0018655776793622403;54:0.0013377342272494486;54:0.0013377342272494486,0.002685546875,0.001953125,Yes,ibm_kingston,2026-09-25 15:27:38+05:00
54,359.01050759408565,117.03332217537486,0.029296875,,0.04345703125,0.01513671875,2180,0.0002312070352409925,32,0.0002312070352409925,0,0.0002312070352409925,0.0002312070352409925,0.0002312070352409925,53:0.0010891948599268675;53:0.0010891948599268675;55:0.0018634609166871818;55:0.0018634609166871818,53:68;53:68;55:68;55:68,53:0.0013377342272494486;53:0.0013377342272494486;55:0.0018907600328378904;55:0.0018907600328378904,0.029296875,0.01513671875,Yes,ibm_kingston,2026-09-25 15:27:38+05:00
55,386.5758860700546,91.50079789990316,0.008544921875,,0.0146484375,0.00244140625,2180,0.0001156230993831973,32,0.0001156230993831973,0,0.0001156230993831973,0.0001156230993831973,0.0001156230993831973,59:0.0011685758416744019;59:0.0011685758416744019;54:0.0018634609166871818;54:0.0018634609166871818,59:68;59:68;54:68;54:68,59:0.0011431812603560354;59:0.0011431812603560354;54:0.0018907600328378904;54:0.0018907600328378904,0.008544921875,0.00244140625,Yes,ibm_kingston,2026-09-25 15:27:38+05:00
56,191.8077657197162,43.62530021974132,0.008056640625,,0.00927734375,0.0068359375,2180,0.00025978078893710443,32,0.00025978078893710443,0,0.00025978078893710443,0.00025978078893710443,0.00025978078893710443,63:0.001366892034852324;63:0.001366892034852324;43:0.005411549466781934;43:0.005411549466781934,63:68;63:68;43:68;43:68,63:0.0015900773532668;63:0.0015900773532668;43:0.004091557734358736;43:0.004091557734358736,0.008056640625,0.0068359375,Yes,ibm_kingston,2026-09-25 15:27:38+05:00
57,216.4411123394374,266.75166408187926,0.00439453125,,0.00537109375,0.00341796875,2180,0.000226970595166798,32,0.000226970595166798,0,0.000226970595166798,0.000226970595166798,0.000226970595166798,47:0.0019672486255145893;47:0.0019672486255145893;67:0.002756853657602726;67:0.002756853657602726,47:68;47:68;67:68;67:68,47:0.0016246663682187856;47:0.0016246663682187856;67:0.0019211633589631683;67:0.0019211633589631683,0.00439453125,0.00341796875,Yes,ibm_kingston,2026-09-25 15:27:38+05:00
58,234.442881598687,171.2166080316604,0.009521484375,,0.00244140625,0.0166015625,2180,0.00011984536775464832,32,0.00011984536775464832,0,0.00011984536775464832,0.00011984536775464832,0.00011984536775464832,71:0.0011743165610143824;71:0.0011743165610143824;51:0.0018867739653539717;51:0.0018867739653539717,71:68;71:68;51:68;51:68,71:0.001959052169815595;71:0.001959052169815595;51:0.001789249829894285;51:0.001789249829894285,0.009521484375,0.0166015625,Yes,ibm_kingston,2026-09-25 15:27:38+05:00
59,143.31843371911538,265.233875786357,0.006103515625,,0.00732421875,0.0048828125,2180,0.0001808344315246599,32,0.0001808344315246599,0,0.0001808344315246599,0.0001808344315246599,0.0001808344315246599,55:0.0011685758416744019;55:0.0011685758416744019;75:0.0025489511027933787;75:0.0025489511027933787,55:68;55:68;75:68;75:68,55:0.0011431812603560354;55:0.0011431812603560354;75:0.0012323499791256909;75:0.0012323499791256909,0.006103515625,0.0048828125,Yes,ibm_kingston,2026-09-25 15:27:38+05:00
60,178.20651375640418,43.632616785858616,0.002685546875,,0.00390625,0.00146484375,2180,0.0004063576966417647,32,0.0004063576966417647,0,0.0004063576966417647,0.0004063576966417647,0.0004063576966417647,61:0.002122324619763749;61:0.002122324619763749,61:68;61:68,61:0.0019366691516295165;61:0.0019366691516295165,0.002685546875,0.00146484375,Yes,ibm_kingston,2026-09-25 15:27:38+05:00
61,178.5840112730131,47.807464603933965,0.0087890625,,0.01416015625,0.00341796875,2180,0.00022757471197217875,32,0.00022757471197217875,0,0.00022757471197217875,0.00022757471197217875,0.00022757471197217875,76:0.003561877849935058;76:0.003561877849935058;60:0.002122324619763749;60:0.002122324619763749;62:0.0016415047537496896;62:0.0016415047537496896,76:68;76:68;60:68;60:68;62:68;62:68,76:0.006166099764108285;76:0.006166099764108285;60:0.0019366691516295165;60:0.0019366691516295165;62:0.0013881622329725563;62:0.0013881622329725563,0.0087890625,0.00341796875,Yes,ibm_kingston,2026-09-25 15:27:38+05:00
62,278.9266746975397,156.18420488705473,0.010009765625,,0.00830078125,0.01171875,2180,0.0002004619931476338,32,0.0002004619931476338,0,0.0002004619931476338,0.0002004619931476338,0.0002004619931476338,61:0.0016415047537496896;61:0.0016415047537496896;63:0.0015580567282135749;63:0.0015580567282135749,61:68;61:68;63:68;63:68,61:0.0013881622329725563;61:0.0013881622329725563;63:0.0014692740802161874;63:0.0014692740802161874,0.010009765625,0.01171875,Yes,ibm_kingston,2026-09-25 15:27:38+05:00
63,194.9626741817227,69.75008890417088,0.013916015625,,0.02490234375,0.0029296875,2180,0.00021496088433117994,32,0.00021496088433117994,0,0.00021496088433117994,0.00021496088433117994,0.00021496088433117994,56:0.001366892034852324;56:0.001366892034852324;62:0.0015580567282135749;62:0.0015580567282135749;64:0.0017751895387488337;64:0.0017751895387488337,56:68;56:68;62:68;62:68;64:68;64:68,56:0.0015900773532668;56:0.0015900773532668;62:0.0014692740802161874;62:0.0014692740802161874;64:0.0020120488660017866;64:0.0020120488660017866,0.013916015625,0.0029296875,Yes,ibm_kingston,2026-09-25 15:27:38+05:00
64,186.7936447526165,140.8146997110278,0.007568359375,,0.0126953125,0.00244140625,2180,0.0004088004182662409,32,0.0004088004182662409,0,0.0004088004182662409,0.0004088004182662409,0.0004088004182662409,65:0.0025399303528202966;65:0.0025399303528202966;63:0.0017751895387488337;63:0.0017751895387488337,65:68;65:68;63:68;63:68,65:0.001929174995176447;65:0.001929174995176447;63:0.0020120488660017866;63:0.0020120488660017866,0.007568359375,0.00244140625,Yes,ibm_kingston,2026-09-25 15:27:38+05:00
65,305.17471059857536,228.3786075963606,0.013671875,,0.0146484375,0.0126953125,2180,0.0003963970643393344,32,0.0003963970643393344,0,0.0003963970643393344,0.0003963970643393344,0.0003963970643393344,64:0.0025399303528202966;64:0.0025399303528202966;66:0.0024516466018398575;66:0.0024516466018398575;77:0.005090081552248077;77:0.005090081552248077,64:68;64:68;66:68;66:68;77:68;77:68,64:0.001929174995176447;64:0.001929174995176447;66:0.0021126773808631816;66:0.0021126773808631816;77:0.003838855684335035;77:0.003838855684335035,0.013671875,0.0126953125,Yes,ibm_kingston,2026-09-25 15:27:38+05:00
66,129.99533894955175,167.20774700116297,0.00830078125,,0.01220703125,0.00439453125,2180,0.0004813904296786162,32,0.0004813904296786162,0,0.0004813904296786162,0.0004813904296786162,0.0004813904296786162,65:0.0024516466018398575;65:0.0024516466018398575;67:0.002167767333244419;67:0.002167767333244419,65:68;65:68;67:68;67:68,65:0.0021126773808631816;65:0.0021126773808631816;67:0.0019874743992745747;67:0.0019874743992745747,0.00830078125,0.00439453125,Yes,ibm_kingston,2026-09-25 15:27:38+05:00
67,160.41524523009616,186.4822955663022,0.017822265625,,0.015625,0.02001953125,2180,0.0003041672838974309,32,0.0003041672838974309,0,0.0003041672838974309,0.0003041672838974309,0.0003041672838974309,68:0.001973318481584857;68:0.001973318481584857;57:0.002756853657602726;57:0.002756853657602726;66:0.002167767333244419;66:0.002167767333244419,68:68;68:68;57:68;57:68;66:68;66:68,68:0.0013158675990742053;68:0.0013158675990742053;57:0.0019211633589631683;57:0.0019211633589631683;66:0.0019874743992745747;66:0.0019874743992745747,0.017822265625,0.02001953125,Yes,ibm_kingston,2026-09-25 15:27:38+05:00
68,197.3269511200507,137.02430467422678,0.01025390625,,0.01123046875,0.00927734375,2180,0.00020246875583259733,32,0.00020246875583259733,0,0.00020246875583259733,0.00020246875583259733,0.00020246875583259733,67:0.001973318481584857;67:0.001973318481584857;69:0.0016855743799298328;69:0.0016855743799298328,67:68;67:68;69:68;69:68,67:0.0013158675990742053;67:0.0013158675990742053;69:0.0015156923982125314;69:0.0015156923982125314,0.01025390625,0.00927734375,Yes,ibm_kingston,2026-09-25 15:27:38+05:00
69,210.6627532121213,249.09187620602674,0.016357421875,,0.0185546875,0.01416015625,2180,0.0001881018718621297,32,0.0001881018718621297,0,0.0001881018718621297,0.0001881018718621297,0.0001881018718621297,78:0.0036542257205708917;78:0.0036542257205708917;68:0.0016855743799298328;68:0.0016855743799298328;70:0.002632518856057059;70:0.002632518856057059,78:68;78:68;68:68;68:68;70:68;70:68,78:0.00180811979746745;78:0.00180811979746745;68:0.0015156923982125314;68:0.0015156923982125314;70:0.003960256779436677;70:0.003960256779436677,0.016357421875,0.01416015625,Yes,ibm_kingston,2026-09-25 15:27:38+05:00
70,198.7385972947176,167.41936667703246,0.018798828125,,0.02197265625,0.015625,2180,0.00012340692929004927,32,0.00012340692929004927,0,0.00012340692929004927,0.00012340692929004927,0.00012340692929004927,69:0.002632518856057059;69:0.002632518856057059;71:0.0014039601809285318;71:0.0014039601809285318,69:68;69:68;71:68;71:68,69:0.003960256779436677;69:0.003960256779436677;71:0.0023652907191743233;71:0.0023652907191743233,0.018798828125,0.015625,Yes,ibm_kingston,2026-09-25 15:27:38+05:00
71,219.6522214160701,97.83178722841643,0.005859375,,0.00732421875,0.00439453125,2180,0.00017293607608354994,32,0.00017293607608354994,0,0.00017293607608354994,0.00017293607608354994,0.00017293607608354994,72:0.0012385863823196341;72:0.0012385863823196341;58:0.0011743165610143824;58:0.0011743165610143824;70:0.0014039601809285318;70:0.0014039601809285318,72:68;72:68;58:68;58:68;70:68;70:68,72:0.0012177359504415841;72:0.0012177359504415841;58:0.001959052169815595;58:0.001959052169815595;70:0.0023652907191743233;70:0.0023652907191743233,0.005859375,0.00439453125,Yes,ibm_kingston,2026-09-25 15:27:38+05:00
72,229.1097442734329,131.75924501016624,0.047607421875,,0.052734375,0.04248046875,2180,0.00012677908486563748,32,0.00012677908486563748,0,0.00012677908486563748,0.00012677908486563748,0.00012677908486563748,73:0.018654994924451496;73:0.018654994924451496;71:0.0012385863823196341;71:0.0012385863823196341,73:68;73:68;71:68;71:68,73:0.03490198256979207;73:0.03490198256979207;71:0.0012177359504415841;71:0.0012177359504415841,0.047607421875,0.04248046875,Yes,ibm_kingston,2026-09-25 15:27:38+05:00
73,208.81869824563472,170.25943993153334,0.012939453125,,0.0166015625,0.00927734375,2180,0.0003765457624076032,32,0.0003765457624076032,0,0.0003765457624076032,0.0003765457624076032,0.0003765457624076032,72:0.018654994924451496;72:0.018654994924451496;74:0.0014094006862601927;74:0.0014094006862601927;79:0.001484275733244167;79:0.001484275733244167,72:68;72:68;74:68;74:68;79:68;79:68,72:0.03490198256979207;72:0.03490198256979207;74:0.002100496766998805;74:0.002100496766998805;79:0.0023580831832165083;79:0.0023580831832165083,0.012939453125,0.00927734375,Yes,ibm_kingston,2026-09-25 15:27:38+05:00
74,201.99235691609314,162.79995878856667,0.007568359375,,0.01025390625,0.0048828125,2180,0.00033382194751074704,32,0.00033382194751074704,0,0.00033382194751074704,0.00033382194751074704,0.00033382194751074704,73:0.0014094006862601927;73:0.0014094006862601927;75:0.0016026983104396597;75:0.0016026983104396597,73:68;73:68;75:68;75:68,73:0.002100496766998805;73:0.002100496766998805;75:0.0011943306041991286;75:0.0011943306041991286,0.007568359375,0.0048828125,Yes,ibm_kingston,2026-09-25 15:27:38+05:00
75,305.9365436184851,159.44866072219472,0.013427734375,,0.01708984375,0.009765625,2180,0.00014711387509966307,32,0.00014711387509966307,0,0.00014711387509966307,0.00014711387509966307,0.00014711387509966307,59:0.0025489511027933787;59:0.0025489511027933787;74:0.0016026983104396597;74:0.0016026983104396597,59:68;59:68;74:68;74:68,59:0.0012323499791256909;59:0.0012323499791256909;74:0.0011943306041991286;74:0.0011943306041991286,0.013427734375,0.009765625,Yes,ibm_kingston,2026-09-25 15:27:38+05:00
76,74.43686187407756,52.80953723671043,0.06103515625,,0.1015625,0.0205078125,2180,0.0027243603798916254,32,0.0027243603798916254,0,0.0027243603798916254,0.0027243603798916254,0.0027243603798916254,81:0.010023549569191853;81:0.010023549569191853;61:0.003561877849935058;61:0.003561877849935058,81:68;81:68;61:68;61:68,81:0.047703963374707586;81:0.047703963374707586;61:0.006166099764108285;61:0.006166099764108285,0.06103515625,0.0205078125,Yes,ibm_kingston,2026-09-25 15:27:38+05:00
77,108.8467290889504,110.39991838426045,0.002685546875,,0.00537109375,0,2180,0.00012538051182056203,32,0.00012538051182056203,0,0.00012538051182056203,0.00012538051182056203,0.00012538051182056203,85:0.004778705312178555;85:0.004778705312178555;65:0.005090081552248077;65:0.005090081552248077,85:68;85:68;65:68;65:68,85:0.004745221049793413;85:0.004745221049793413;65:0.003838855684335035;65:0.003838855684335035,0.002685546875,0,Yes,ibm_kingston,2026-09-25 15:27:38+05:00
78,163.54418248550434,33.53075178149044,0.027099609375,,0.03271484375,0.021484375,2180,0.00038691945208275697,32,0.00038691945208275697,0,0.00038691945208275697,0.00038691945208275697,0.00038691945208275697,69:0.0036542257205708917;69:0.0036542257205708917;89:0.002227825282868412;89:0.002227825282868412,69:68;69:68;89:68;89:68,69:0.00180811979746745;69:0.00180811979746745;89:0.0014896421670769766;89:0.0014896421670769766,0.027099609375,0.021484375,Yes,ibm_kingston,2026-09-25 15:27:38+05:00
79,205.26116995969386,85.50354923691224,0.008056640625,,0.009765625,0.00634765625,2180,0.00028079352527140845,32,0.00028079352527140845,0,0.00028079352527140845,0.00028079352527140845,0.00028079352527140845,93:0.0013504352049106272;93:0.0013504352049106272;73:0.001484275733244167;73:0.001484275733244167,93:68;93:68;73:68;73:68,93:0.0010415253521574852;93:0.0010415253521574852;73:0.0023580831832165083;73:0.0023580831832165083,0.008056640625,0.00634765625,Yes,ibm_kingston,2026-09-25 15:27:38+05:00
80,162.36923515633734,252.10351943583908,0.032958984375,,0.0361328125,0.02978515625,2180,0.0002805528271248982,32,0.0002805528271248982,0,0.0002805528271248982,0.0002805528271248982,0.0002805528271248982,81:0.0011319347609101416;81:0.0011319347609101416,81:68;81:68,81:0.001239777389601765;81:0.001239777389601765,0.032958984375,0.02978515625,Yes,ibm_kingston,2026-09-25 15:27:38+05:00
81,285.1589631748745,259.86139906081485,0.023193359375,,0.02099609375,0.025390625,2180,0.00031646549505034256,32,0.00031646549505034256,0,0.00031646549505034256,0.00031646549505034256,0.00031646549505034256,80:0.0011319347609101416;80:0.0011319347609101416;82:0.0010798088554060947;82:0.0010798088554060947;76:0.010023549569191853;76:0.010023549569191853,80:68;80:68;82:68;82:68;76:68;76:68,80:0.001239777389601765;80:0.001239777389601765;82:0.001144103344776437;82:0.001144103344776437;76:0.047703963374707586;76:0.047703963374707586,0.023193359375,0.025390625,Yes,ibm_kingston,2026-09-25 15:27:38+05:00
82,123.50833665984858,186.43618027122733,0.0068359375,,0.00830078125,0.00537109375,2180,0.0001262042981317091,32,0.0001262042981317091,0,0.0001262042981317091,0.0001262042981317091,0.0001262042981317091,81:0.0010798088554060947;81:0.0010798088554060947;83:0.0011038897861997687;83:0.0011038897861997687,81:68;81:68;83:68;83:68,81:0.001144103344776437;81:0.001144103344776437;83:0.000993869023991678;83:0.000993869023991678,0.0068359375,0.00537109375,Yes,ibm_kingston,2026-09-25 15:27:38+05:00
83,217.31392105875776,211.76528442768327,0.018798828125,,0.02099609375,0.0166015625,2180,0.0002548026607789683,32,0.0002548026607789683,0,0.0002548026607789683,0.0002548026607789683,0.0002548026607789683,96:0.0013769410708087682;96:0.0013769410708087682;82:0.0011038897861997687;82:0.0011038897861997687;84:0.0021295095049113366;84:0.0021295095049113366,96:68;96:68;82:68;82:68;84:68;84:68,96:0.0014890026714487747;96:0.0014890026714487747;82:0.000993869023991678;82:0.000993869023991678;84:0.0027228587092688883;84:0.0027228587092688883,0.018798828125,0.0166015625,Yes,ibm_kingston,2026-09-25 15:27:38+05:00
84,92.81094430204276,33.83918461735486,0.005126953125,,0.009765625,0.00048828125,2180,0.0005538039696103125,32,0.0005538039696103125,0,0.0005538039696103125,0.0005538039696103125,0.0005538039696103125,83:0.0021295095049113366;83:0.0021295095049113366;85:0.03138313379037344;85:0.03138313379037344,83:68;83:68;85:68;85:68,83:0.0027228587092688883;83:0.0027228587092688883;85:0.030887592742886383;85:0.030887592742886383,0.005126953125,0.00048828125,Yes,ibm_kingston,2026-09-25 15:27:38+05:00
85,224.13602251621927,125.0446300506438,0.009521484375,,0.01123046875,0.0078125,2180,0.0005362245143602822,32,0.0005362245143602822,0,0.0005362245143602822,0.0005362245143602822,0.0005362245143602822,77:0.004778705312178555;77:0.004778705312178555;86:0.041060884916877816;86:0.041060884916877816;84:0.03138313379037344;84:0.03138313379037344,77:68;77:68;86:68;86:68;84:68;84:68,77:0.004745221049793413;77:0.004745221049793413;86:0.02085060644184694;86:0.02085060644184694;84:0.030887592742886383;84:0.030887592742886383,0.009521484375,0.0078125,Yes,ibm_kingston,2026-09-25 15:27:38+05:00
86,127.47895107822615,20.592290584307104,0.021728515625,,0.01806640625,0.025390625,2180,0.00035765703730836754,32,0.00035765703730836754,0,0.00035765703730836754,0.00035765703730836754,0.00035765703730836754,85:0.041060884916877816;85:0.041060884916877816;87:0.05568665509203019;87:0.05568665509203019,85:68;85:68;87:68;87:68,85:0.02085060644184694;85:0.02085060644184694;87:0.022752618645690448;87:0.022752618645690448,0.021728515625,0.025390625,Yes,ibm_kingston,2026-09-25 15:27:38+05:00
87,91.22447646657348,50.25908511255039,0.0078125,,0.01513671875,0.00048828125,2180,0.0003253100035195505,32,0.0003253100035195505,0,0.0003253100035195505,0.0003253100035195505,0.0003253100035195505,86:0.05568665509203019;86:0.05568665509203019;88:0.002667799962261269;88:0.002667799962261269;97:0.001954441206836993;97:0.001954441206836993,86:68;86:68;88:68;88:68;97:68;97:68,86:0.022752618645690448;86:0.022752618645690448;88:0.0031732287672013026;88:0.0031732287672013026;97:0.0020753961938042853;97:0.0020753961938042853,0.0078125,0.00048828125,Yes,ibm_kingston,2026-09-25 15:27:38+05:00
88,174.94780172576975,19.07132728760448,0.004638671875,,0.00830078125,0.0009765625,2180,0.000482082221198598,32,0.000482082221198598,0,0.000482082221198598,0.000482082221198598,0.000482082221198598,87:0.002667799962261269;87:0.002667799962261269;89:0.0021085579488677453;89:0.0021085579488677453,87:68;87:68;89:68;89:68,87:0.0031732287672013026;87:0.0031732287672013026;89:0.001511353274126076;89:0.001511353274126076,0.004638671875,0.0009765625,Yes,ibm_kingston,2026-09-25 15:27:38+05:00
89,322.31193069304413,199.0192581157731,0.01123046875,,0.02197265625,0.00048828125,2180,0.00031145343995533025,32,0.00031145343995533025,0,0.00031145343995533025,0.00031145343995533025,0.00031145343995533025,90:0.001145510464511168;90:0.001145510464511168;88:0.0021085579488677453;88:0.0021085579488677453;78:0.002227825282868412;78:0.002227825282868412,90:68;90:68;88:68;88:68;78:68;78:68,90:0.001399473353498687;90:0.001399473353498687;88:0.001511353274126076;88:0.001511353274126076;78:0.0014896421670769766;78:0.0014896421670769766,0.01123046875,0.00048828125,Yes,ibm_kingston,2026-09-25 15:27:38+05:00
90,222.31072701870616,189.18246677694538,0.005859375,,0.01025390625,0.00146484375,2180,0.0001841720769576868,32,0.0001841720769576868,0,0.0001841720769576868,0.0001841720769576868,0.0001841720769576868,89:0.001145510464511168;89:0.001145510464511168;91:0.0018367345553223224;91:0.0018367345553223224,89:68;89:68;91:68;91:68,89:0.001399473353498687;89:0.001399473353498687;91:0.002338309748820655;91:0.002338309748820655,0.005859375,0.00146484375,Yes,ibm_kingston,2026-09-25 15:27:38+05:00
91,276.33359190171365,108.55443040383304,0.00439453125,,0.0087890625,0,2180,0.00038929994979811317,32,0.00038929994979811317,0,0.00038929994979811317,0.00038929994979811317,0.00038929994979811317,98:0.0026724565753147578;98:0.0026724565753147578;90:0.0018367345553223224;90:0.0018367345553223224;92:0.0017819075591737066;92:0.0017819075591737066,98:68;98:68;90:68;90:68;92:68;92:68,98:0.0013043642966449331;98:0.0013043642966449331;90:0.002338309748820655;90:0.002338309748820655;92:0.002261191814937974;92:0.002261191814937974,0.00439453125,0,Yes,ibm_kingston,2026-09-25 15:27:38+05:00
92,359.26008558618344,367.0527173327602,0.03515625,,0.0263671875,0.0439453125,2180,0.00018944052713459883,32,0.00018944052713459883,0,0.00018944052713459883,0.00018944052713459883,0.00018944052713459883,91:0.0017819075591737066;91:0.0017819075591737066;93:0.0015714834079538498;93:0.0015714834079538498,91:68;91:68;93:68;93:68,91:0.002261191814937974;91:0.002261191814937974;93:0.002843309998543292;93:0.002843309998543292,0.03515625,0.0439453125,Yes,ibm_kingston,2026-09-25 15:27:38+05:00
93,240.19038457845178,112.72364760828626,0.005126953125,,0.00537109375,0.0048828125,2180,0.0002846335829568264,32,0.0002846335829568264,0,0.0002846335829568264,0.0002846335829568264,0.0002846335829568264,94:0.0015464193395513526;94:0.0015464193395513526;79:0.0013504352049106272;79:0.0013504352049106272;92:0.0015714834079538498;92:0.0015714834079538498,94:68;94:68;79:68;79:68;92:68;92:68,94:0.001094086810601247;94:0.001094086810601247;79:0.0010415253521574852;79:0.0010415253521574852;92:0.002843309998543292;92:0.002843309998543292,0.005126953125,0.0048828125,Yes,ibm_kingston,2026-09-25 15:27:38+05:00
94,286.66388909571253,222.42056439978273,0.009521484375,,0.01171875,0.00732421875,2180,0.0002508177501503682,32,0.0002508177501503682,0,0.0002508177501503682,0.0002508177501503682,0.0002508177501503682,93:0.0015464193395513526;93:0.0015464193395513526;95:0.002186535388443711;95:0.002186535388443711,93:68;93:68;95:68;95:68,93:0.001094086810601247;93:0.001094086810601247;95:0.0010894049025401698;95:0.0010894049025401698,0.009521484375,0.00732421875,Yes,ibm_kingston,2026-09-25 15:27:38+05:00
95,262.6401260628274,260.9362480743509,0.113037109375,,0.07177734375,0.154296875,2180,0.0003768560871726467,32,0.0003768560871726467,0,0.0003768560871726467,0.0003768560871726467,0.0003768560871726467,99:0.002930121253883977;99:0.002930121253883977;94:0.002186535388443711;94:0.002186535388443711,99:68;99:68;94:68;94:68,99:0.0021483895668779895;99:0.0021483895668779895;94:0.0010894049025401698;94:0.0010894049025401698,0.113037109375,0.154296875,Yes,ibm_kingston,2026-09-25 15:27:38+05:00
96,124.72702404867972,112.68427538403758,0.012939453125,,0.01123046875,0.0146484375,2180,0.00014739011820357766,32,0.00014739011820357766,0,0.00014739011820357766,0.00014739011820357766,0.00014739011820357766,83:0.0013769410708087682;83:0.0013769410708087682;103:0.0011290836674205107;103:0.0011290836674205107,83:68;83:68;103:68;103:68,83:0.0014890026714487747;83:0.0014890026714487747;103:0.0013517281679830684;103:0.0013517281679830684,0.012939453125,0.0146484375,Yes,ibm_kingston,2026-09-25 15:27:38+05:00
97,196.11883361265112,84.06765186771003,0.007568359375,,0.01123046875,0.00390625,2180,0.00034107630045379053,32,0.00034107630045379053,0,0.00034107630045379053,0.00034107630045379053,0.00034107630045379053,87:0.001954441206836993;87:0.001954441206836993;107:0.0017198954032062175;107:0.0017198954032062175,87:68;87:68;107:68;107:68,87:0.0020753961938042853;87:0.0020753961938042853;107:0.0025230253803948943;107:0.0025230253803948943,0.007568359375,0.00390625,Yes,ibm_kingston,2026-09-25 15:27:38+05:00
98,173.8708106088566,62.891663299948014,0.008544921875,,0.013671875,0.00341796875,2180,0.00031494141793471316,32,0.00031494141793471316,0,0.00031494141793471316,0.00031494141793471316,0.00031494141793471316,91:0.0026724565753147578;91:0.0026724565753147578;111:0.0025870845926995734;111:0.0025870845926995734,91:68;91:68;111:68;111:68,91:0.0013043642966449331;91:0.0013043642966449331;111:0.001417526289825527;111:0.001417526289825527,0.008544921875,0.00341796875,Yes,ibm_kingston,2026-09-25 15:27:38+05:00
99,42.11282488211845,49.372179248954616,0.021240234375,,0.03173828125,0.0107421875,2180,0.00023786197554008073,32,0.00023786197554008073,0,0.00023786197554008073,0.00023786197554008073,0.00023786197554008073,115:0.004742828456404502;115:0.004742828456404502;95:0.002930121253883977;95:0.002930121253883977,115:68;115:68;95:68;95:68,115:0.0036232128799998653;115:0.0036232128799998653;95:0.0021483895668779895;95:0.0021483895668779895,0.021240234375,0.0107421875,Yes,ibm_kingston,2026-09-25 15:27:38+05:00
100,146.52492500808683,181.73797045684788,0.013916015625,,0.01416015625,0.013671875,2180,0.0004556047034294442,32,0.0004556047034294442,0,0.0004556047034294442,0.0004556047034294442,0.0004556047034294442,101:0.001454339878303318;101:0.001454339878303318,101:68;101:68,101:0.0019767754230909096;101:0.0019767754230909096,0.013916015625,0.013671875,Yes,ibm_kingston,2026-09-25 15:27:38+05:00
101,350.59737431042805,235.7720906745706,0.02001953125,,0.02099609375,0.01904296875,2180,0.00011579069636321559,32,0.00011579069636321559,0,0.00011579069636321559,0.00011579069636321559,0.00011579069636321559,100:0.001454339878303318;100:0.001454339878303318;116:0.0011451473804542645;116:0.0011451473804542645;102:0.0010453904531627367;102:0.0010453904531627367,100:68;100:68;116:68;116:68;102:68;102:68,100:0.0019767754230909096;100:0.0019767754230909096;116:0.001599289188206815;116:0.001599289188206815;102:0.0023451947946791785;102:0.0023451947946791785,0.02001953125,0.01904296875,Yes,ibm_kingston,2026-09-25 15:27:38+05:00
102,237.74706550133797,187.58377402626766,0.011962890625,,0.01611328125,0.0078125,2180,0.0002137879671138734,32,0.0002137879671138734,0,0.0002137879671138734,0.0002137879671138734,0.0002137879671138734,101:0.0010453904531627367;101:0.0010453904531627367;103:0.010250887049983004;103:0.010250887049983004,101:68;101:68;103:68;103:68,101:0.0023451947946791785;101:0.0023451947946791785;103:0.005385004364186485;103:0.005385004364186485,0.011962890625,0.0078125,Yes,ibm_kingston,2026-09-25 15:27:38+05:00
103,179.96030202963854,105.51665978045298,0.00830078125,,0.01123046875,0.00537109375,2180,0.00016293269522709198,32,0.00016293269522709198,0,0.00016293269522709198,0.00016293269522709198,0.00016293269522709198,104:0.0027256109664971773;104:0.0027256109664971773;96:0.0011290836674205107;96:0.0011290836674205107;102:0.010250887049983004;102:0.010250887049983004,104:68;104:68;96:68;96:68;102:68;102:68,104:0.0010839634391292263;104:0.0010839634391292263;96:0.0013517281679830684;96:0.0013517281679830684;102:0.005385004364186485;102:0.005385004364186485,0.00830078125,0.00537109375,Yes,ibm_kingston,2026-09-25 15:27:38+05:00
104,137.65472192147942,202.96381976433662,0.019287109375,,0.03076171875,0.0078125,2180,0.0006778559955762235,32,0.0006778559955762235,0,0.0006778559955762235,0.0006778559955762235,0.0006778559955762235,103:0.0027256109664971773;103:0.0027256109664971773;105:0.0019568758789739737;105:0.0019568758789739737,103:68;103:68;105:68;105:68,103:0.0010839634391292263;103:0.0010839634391292263;105:0.0013115215227338939;105:0.0013115215227338939,0.019287109375,0.0078125,Yes,ibm_kingston,2026-09-25 15:27:38+05:00
105,198.59843585968744,204.17649313655033,0.00390625,,0.00732421875,0.00048828125,2180,0.0003447584958902482,32,0.0003447584958902482,0,0.0003447584958902482,0.0003447584958902482,0.0003447584958902482,104:0.0019568758789739737;104:0.0019568758789739737;106:0.001519856660722435;106:0.001519856660722435;117:0.001125281525696381;117:0.001125281525696381,104:68;104:68;106:68;106:68;117:68;117:68,104:0.0013115215227338939;104:0.0013115215227338939;106:0.001285835161497717;106:0.001285835161497717;117:0.001005152018103861;117:0.001005152018103861,0.00390625,0.00048828125,Yes,ibm_kingston,2026-09-25 15:27:38+05:00
106,94.19216852811965,108.57364352690205,0.007568359375,,0.00830078125,0.0068359375,2180,0.00031095848863274745,32,0.00031095848863274745,0,0.00031095848863274745,0.00031095848863274745,0.00031095848863274745,107:0.0013373865886938396;107:0.0013373865886938396;105:0.001519856660722435;105:0.001519856660722435,107:68;107:68;105:68;105:68,107:0.0027461973607229018;107:0.0027461973607229018;105:0.001285835161497717;105:0.001285835161497717,0.007568359375,0.0068359375,Yes,ibm_kingston,2026-09-25 15:27:38+05:00
107,253.73815091349041,267.30641481696046,0.012451171875,,0.0224609375,0.00244140625,2180,0.00021739064773295357,32,0.00021739064773295357,0,0.00021739064773295357,0.00021739064773295357,0.00021739064773295357,106:0.0013373865886938396;106:0.0013373865886938396;108:0.0018219988746604743;108:0.0018219988746604743;97:0.0017198954032062175;97:0.0017198954032062175,106:68;106:68;108:68;108:68;97:68;97:68,106:0.0027461973607229018;106:0.0027461973607229018;108:0.002408345876026341;108:0.002408345876026341;97:0.0025230253803948943;97:0.0025230253803948943,0.012451171875,0.00244140625,Yes,ibm_kingston,2026-09-25 15:27:38+05:00
108,177.60759777388432,154.36509912951442,0.006591796875,,0.01220703125,0.0009765625,2180,0.0005480539626902844,32,0.0005480539626902844,0,0.0005480539626902844,0.0005480539626902844,0.0005480539626902844,107:0.0018219988746604743;107:0.0018219988746604743;109:0.001670827667539787;109:0.001670827667539787,107:68;107:68;109:68;109:68,107:0.002408345876026341;107:0.002408345876026341;109:0.0013168313924991903;109:0.0013168313924991903,0.006591796875,0.0009765625,Yes,ibm_kingston,2026-09-25 15:27:38+05:00
109,169.93289507836346,171.36006254425394,0.01318359375,,0.0244140625,0.001953125,2180,0.00023356953504440536,32,0.00023356953504440536,0,0.00023356953504440536,0.00023356953504440536,0.00023356953504440536,108:0.001670827667539787;108:0.001670827667539787;110:0.0019175374862072103;110:0.0019175374862072103;118:0.0026853179713861586;118:0.0026853179713861586,108:68;108:68;110:68;110:68;118:68;118:68,108:0.0013168313924991903;108:0.0013168313924991903;110:0.0012516699733566283;110:0.0012516699733566283;118:0.0023741689384216003;118:0.0023741689384216003,0.01318359375,0.001953125,Yes,ibm_kingston,2026-09-25 15:27:38+05:00
110,164.48661823177295,108.29661482010289,0.00341796875,,0.005859375,0.0009765625,2180,0.0003480078323197801,32,0.0003480078323197801,0,0.0003480078323197801,0.0003480078323197801,0.0003480078323197801,109:0.0019175374862072103;109:0.0019175374862072103;111:0.0052377515614288606;111:0.0052377515614288606,109:68;109:68;111:68;111:68,109:0.0012516699733566283;109:0.0012516699733566283;111:0.0014027474225498104;111:0.0014027474225498104,0.00341796875,0.0009765625,Yes,ibm_kingston,2026-09-25 15:27:38+05:00
111,224.81815677515598,175.01082208111,0.010498046875,,0.01220703125,0.0087890625,2180,0.00017775557561836052,32,0.00017775557561836052,0,0.00017775557561836052,0.00017775557561836052,0.00017775557561836052,112:0.1759938398063207;112:0.1759938398063207;110:0.0052377515614288606;110:0.0052377515614288606;98:0.0025870845926995734;98:0.0025870845926995734,112:68;112:68;110:68;110:68;98:68;98:68,112:1;112:1;110:0.0014027474225498104;110:0.0014027474225498104;98:0.001417526289825527;98:0.001417526289825527,0.010498046875,0.0087890625,Yes,ibm_kingston,2026-09-25 15:27:38+05:00
112,167.65333426427654,177.1059680295982,0.0400390625,,0.05859375,0.021484375,2180,0.013926879349709419,32,0.013926879349709419,0,0.013926879349709419,0.013926879349709419,0.013926879349709419,111:0.1759938398063207;111:0.1759938398063207;113:1;113:1,111:68;111:68;113:68;113:68,111:1;111:1;113:1;113:1,0.0400390625,0.021484375,Yes,ibm_kingston,2026-09-25 15:27:38+05:00
113,157.06923716076514,82.83628737592521,0.15869140625,,0.21630859375,0.10107421875,2180,1,32,1,0,1,1,1,119:0.0037078559166310587;119:0.0037078559166310587;112:1;112:1;114:0.0023661233360660894;114:0.0023661233360660894,119:68;119:68;112:68;112:68;114:68;114:68,119:0.00346026424370377;119:0.00346026424370377;112:1;112:1;114:0.007449515909658949;114:0.007449515909658949,0.15869140625,0.10107421875,Yes,ibm_kingston,2026-09-25 15:27:38+05:00
114,150.53631338945746,47.91127750630737,0.016357421875,,0.01513671875,0.017578125,2180,0.0001800153854341049,32,0.0001800153854341049,0,0.0001800153854341049,0.0001800153854341049,0.0001800153854341049,115:0.004907572119703801;115:0.004907572119703801;113:0.0023661233360660894;113:0.0023661233360660894,115:68;115:68;113:68;113:68,115:0.004049030439960716;115:0.004049030439960716;113:0.007449515909658949;113:0.007449515909658949,0.016357421875,0.017578125,Yes,ibm_kingston,2026-09-25 15:27:38+05:00
115,301.64976057429624,17.040727018872598,0.02197265625,,0.0185546875,0.025390625,2180,0.00020059463930103744,32,0.00020059463930103744,0,0.00020059463930103744,0.00020059463930103744,0.00020059463930103744,99:0.004742828456404502;99:0.004742828456404502;114:0.004907572119703801;114:0.004907572119703801,99:68;99:68;114:68;114:68,99:0.0036232128799998653;99:0.0036232128799998653;114:0.004049030439960716;114:0.004049030439960716,0.02197265625,0.025390625,Yes,ibm_kingston,2026-09-25 15:27:38+05:00
116,151.0679183002918,172.31955467819827,0.034912109375,,0.0341796875,0.03564453125,2180,0.0002522556632163705,32,0.0002522556632163705,0,0.0002522556632163705,0.0002522556632163705,0.0002522556632163705,101:0.0011451473804542645;101:0.0011451473804542645;121:0.07102312477713951;121:0.07102312477713951,101:68;101:68;121:68;121:68,101:0.001599289188206815;101:0.001599289188206815;121:0.07235876605078154;121:0.07235876605078154,0.034912109375,0.03564453125,Yes,ibm_kingston,2026-09-25 15:27:38+05:00
117,236.4115388292859,175.11889143450801,0.00439453125,,0.0078125,0.0009765625,2180,0.0001485430342120595,32,0.0001485430342120595,0,0.0001485430342120595,0.0001485430342120595,0.0001485430342120595,105:0.001125281525696381;105:0.001125281525696381;125:0.0012222814119276226;125:0.0012222814119276226,105:68;105:68;125:68;125:68,105:0.001005152018103861;105:0.001005152018103861;125:0.001993947336884322;125:0.001993947336884322,0.00439453125,0.0009765625,Yes,ibm_kingston,2026-09-25 15:27:38+05:00
118,48.71205571577712,41.79037640280808,0.002197265625,,0.00244140625,0.001953125,2180,0.0003314901351227242,32,0.0003314901351227242,0,0.0003314901351227242,0.0003314901351227242,0.0003314901351227242,109:0.0026853179713861586;109:0.0026853179713861586;129:0.0020917466450097455;129:0.0020917466450097455,109:68;109:68;129:68;129:68,109:0.0023741689384216003;109:0.0023741689384216003;129:0.0019124848887936696;129:0.0019124848887936696,0.002197265625,0.001953125,Yes,ibm_kingston,2026-09-25 15:27:38+05:00
119,193.05974789726844,180.82599139798876,0.0166015625,,0.02197265625,0.01123046875,2180,0.0007704646845393326,32,0.0007704646845393326,0,0.0007704646845393326,0.0007704646845393326,0.0007704646845393326,113:0.0037078559166310587;113:0.0037078559166310587;133:0.03203403960755197;133:0.03203403960755197,113:68;113:68;133:68;133:68,113:0.00346026424370377;113:0.00346026424370377;133:0.040982856761317354;133:0.040982856761317354,0.0166015625,0.01123046875,Yes,ibm_kingston,2026-09-25 15:27:38+05:00
120,137.50715021593007,123.49870130386037,0.0234375,,0.03955078125,0.00732421875,2180,0.0016546559960992878,32,0.0016546559960992878,0,0.0016546559960992878,0.0016546559960992878,0.0016546559960992878,121:0.18021993824425456;121:0.18021993824425456,121:68;121:68,121:0.13431193472717073;121:0.13431193472717073,0.0234375,0.00732421875,Yes,ibm_kingston,2026-09-25 15:27:38+05:00
121,8.897378048863132,25.636631187774977,0.34033203125,,0.2978515625,0.3828125,2180,1,32,1,0,1,1,1,120:0.18021993824425456;120:0.18021993824425456;122:0.04914454984337499;122:0.04914454984337499;116:0.07102312477713951;116:0.07102312477713951,120:68;120:68;122:68;122:68;116:68;116:68,120:0.13431193472717073;120:0.13431193472717073;122:0.06791796034125167;122:0.06791796034125167;116:0.07235876605078154;116:0.07235876605078154,0.34033203125,0.3828125,Yes,ibm_kingston,2026-09-25 15:27:38+05:00
122,133.86477529464534,104.43056645549756,0.011474609375,,0.01123046875,0.01171875,2180,0.00017273200608045443,32,0.00017273200608045443,0,0.00017273200608045443,0.00017273200608045443,0.00017273200608045443,121:0.04914454984337499;121:0.04914454984337499;123:0.0011034943301009015;123:0.0011034943301009015,121:68;121:68;123:68;123:68,121:0.06791796034125167;121:0.06791796034125167;123:0.0014847460400738977;123:0.0014847460400738977,0.011474609375,0.01171875,Yes,ibm_kingston,2026-09-25 15:27:38+05:00
123,240.03920308244858,24.725298131505195,0.007568359375,,0.009765625,0.00537109375,2180,0.000262904515565768,32,0.000262904515565768,0,0.000262904515565768,0.000262904515565768,0.000262904515565768,136:0.0015788943431038205;136:0.0015788943431038205;124:0.001451363886071838;124:0.001451363886071838;122:0.0011034943301009015;122:0.0011034943301009015,136:68;136:68;124:68;124:68;122:68;122:68,136:0.0011824506210641461;136:0.0011824506210641461;124:0.001734277536448059;124:0.001734277536448059;122:0.0014847460400738977;122:0.0014847460400738977,0.007568359375,0.00537109375,Yes,ibm_kingston,2026-09-25 15:27:38+05:00
124,242.66378060453133,148.96983111457263,0.0146484375,,0.02490234375,0.00439453125,2180,0.000323244243755721,32,0.000323244243755721,0,0.000323244243755721,0.000323244243755721,0.000323244243755721,123:0.001451363886071838;123:0.001451363886071838;125:0.0015711376357226692;125:0.0015711376357226692,123:68;123:68;125:68;125:68,123:0.001734277536448059;123:0.001734277536448059;125:0.0025086749298383615;125:0.0025086749298383615,0.0146484375,0.00439453125,Yes,ibm_kingston,2026-09-25 15:27:38+05:00
125,331.12606651354395,405.9770680729806,0.07177734375,,0.1396484375,0.00390625,2180,0.00044287520247445475,32,0.00044287520247445475,0,0.00044287520247445475,0.00044287520247445475,0.00044287520247445475,117:0.0012222814119276226;117:0.0012222814119276226;124:0.0015711376357226692;124:0.0015711376357226692;126:0.001267409249280621;126:0.001267409249280621,117:68;117:68;124:68;124:68;126:68;126:68,117:0.001993947336884322;117:0.001993947336884322;124:0.0025086749298383615;124:0.0025086749298383615;126:0.001276917979264769;126:0.001276917979264769,0.07177734375,0.00390625,Yes,ibm_kingston,2026-09-25 15:27:38+05:00
126,150.1683637814652,189.91629269863435,0.0087890625,,0.009765625,0.0078125,2180,0.0005026975957550349,32,0.0005026975957550349,0,0.0005026975957550349,0.0005026975957550349,0.0005026975957550349,127:0.0013004394257037644;127:0.0013004394257037644;125:0.001267409249280621;125:0.001267409249280621,127:68;127:68;125:68;125:68,127:0.0013393642621644941;127:0.0013393642621644941;125:0.001276917979264769;125:0.001276917979264769,0.0087890625,0.0078125,Yes,ibm_kingston,2026-09-25 15:27:38+05:00
127,273.4243113145462,289.087197813833,0.05419921875,,0.044921875,0.0634765625,2180,0.00038690360421909345,32,0.00038690360421909345,0,0.00038690360421909345,0.00038690360421909345,0.00038690360421909345,126:0.0013004394257037644;126:0.0013004394257037644;128:0.0027820157902820053;128:0.0027820157902820053;137:0.0015641629491050801;137:0.0015641629491050801,126:68;126:68;128:68;128:68;137:68;137:68,126:0.0013393642621644941;126:0.0013393642621644941;128:0.0020369032366206463;128:0.0020369032366206463;137:0.0011526727992478836;137:0.0011526727992478836,0.05419921875,0.0634765625,Yes,ibm_kingston,2026-09-25 15:27:38+05:00
128,179.24617753298594,57.91829605277834,0.00732421875,,0.01123046875,0.00341796875,2180,0.00020100166187554127,32,0.00020100166187554127,0,0.00020100166187554127,0.00020100166187554127,0.00020100166187554127,127:0.0027820157902820053;127:0.0027820157902820053;129:0.0017253093328495617;129:0.0017253093328495617,127:68;127:68;129:68;129:68,127:0.0020369032366206463;127:0.0020369032366206463;129:0.0026569149750959864;129:0.0026569149750959864,0.00732421875,0.00341796875,Yes,ibm_kingston,2026-09-25 15:27:38+05:00
129,183.7077415583282,123.4834929881909,0.03369140625,,0.02197265625,0.04541015625,2180,0.00023763631441266322,32,0.00023763631441266322,0,0.00023763631441266322,0.00023763631441266322,0.00023763631441266322,130:0.005375845068716578;130:0.005375845068716578;128:0.0017253093328495617;128:0.0017253093328495617;118:0.0020917466450097455;118:0.0020917466450097455,130:68;130:68;128:68;128:68;118:68;118:68,130:0.004768773032553381;130:0.004768773032553381;128:0.0026569149750959864;128:0.0026569149750959864;118:0.0019124848887936696;118:0.0019124848887936696,0.03369140625,0.04541015625,Yes,ibm_kingston,2026-09-25 15:27:38+05:00
130,166.67995697584792,144.03448664694568,0.02294921875,,0.03759765625,0.00830078125,2180,0.00030578401481053965,32,0.00030578401481053965,0,0.00030578401481053965,0.00030578401481053965,0.00030578401481053965,129:0.005375845068716578;129:0.005375845068716578;131:1;131:1,129:68;129:68;131:68;131:68,129:0.004768773032553381;129:0.004768773032553381;131:1;131:1,0.02294921875,0.00830078125,Yes,ibm_kingston,2026-09-25 15:27:38+05:00
131,60.33608703062646,46.19615968610437,0.111083984375,,0.2216796875,0.00048828125,2180,0.008988141136989114,32,0.008988141136989114,0,0.008988141136989114,0.008988141136989114,0.008988141136989114,138:0.02172891203696864;138:0.02172891203696864;130:1;130:1;132:0.025389081320787266;132:0.025389081320787266,138:68;138:68;130:68;130:68;132:68;132:68,138:0.027863253907534496;138:0.027863253907534496;130:1;130:1;132:0.015237204818961875;132:0.015237204818961875,0.111083984375,0.00048828125,Yes,ibm_kingston,2026-09-25 15:27:38+05:00
132,247.9039708867533,266.2267098591316,0.010498046875,,0.017578125,0.00341796875,2180,0.00019711285625142325,32,0.00019711285625142325,0,0.00019711285625142325,0.00019711285625142325,0.00019711285625142325,133:0.0030080783136741673;133:0.0030080783136741673;131:0.025389081320787266;131:0.025389081320787266,133:68;133:68;131:68;131:68,133:0.0018301960207883494;133:0.0018301960207883494;131:0.015237204818961875;131:0.015237204818961875,0.010498046875,0.00341796875,Yes,ibm_kingston,2026-09-25 15:27:38+05:00
133,209.0970299708067,135.69835732297878,0.00390625,,0.00537109375,0.00244140625,2180,0.0003401515453252049,32,0.0003401515453252049,0,0.0003401515453252049,0.0003401515453252049,0.0003401515453252049,132:0.0030080783136741673;132:0.0030080783136741673;134:0.002215491427750682;134:0.002215491427750682;119:0.03203403960755197;119:0.03203403960755197,132:68;132:68;134:68;134:68;119:68;119:68,132:0.0018301960207883494;132:0.0018301960207883494;134:0.0015262243105813311;134:0.0015262243105813311;119:0.040982856761317354;119:0.040982856761317354,0.00390625,0.00244140625,Yes,ibm_kingston,2026-09-25 15:27:38+05:00
134,247.46088566654484,138.45306277219441,0.003662109375,,0.00537109375,0.001953125,2180,0.00019841107207135188,32,0.00019841107207135188,0,0.00019841107207135188,0.00019841107207135188,0.00019841107207135188,133:0.002215491427750682;133:0.002215491427750682;135:0.002217284174779177;135:0.002217284174779177,133:68;133:68;135:68;135:68,133:0.0015262243105813311;133:0.0015262243105813311;135:0.002217698726964923;135:0.002217698726964923,0.003662109375,0.001953125,Yes,ibm_kingston,2026-09-25 15:27:38+05:00
135,76.64356028129589,81.54538653836565,0.0185546875,,0.02685546875,0.01025390625,2180,0.0005716096297866763,32,0.0005716096297866763,0,0.0005716096297866763,0.0005716096297866763,0.0005716096297866763,134:0.002217284174779177;134:0.002217284174779177;139:0.0020736106133690257;139:0.0020736106133690257,134:68;134:68;139:68;139:68,134:0.002217698726964923;134:0.002217698726964923;139:0.0021209565048930235;139:0.0021209565048930235,0.0185546875,0.01025390625,Yes,ibm_kingston,2026-09-25 15:27:38+05:00
136,206.04405918708923,308.38882649332646,0.005126953125,,0.00830078125,0.001953125,2180,0.0003233153014879442,32,0.0003233153014879442,0,0.0003233153014879442,0.0003233153014879442,0.0003233153014879442,123:0.0015788943431038205;123:0.0015788943431038205;143:0.0018597520153425529;143:0.0018597520153425529,123:68;123:68;143:68;143:68,123:0.0011824506210641461;123:0.0011824506210641461;143:0.0024611832652341736;143:0.0024611832652341736,0.005126953125,0.001953125,Yes,ibm_kingston,2026-09-25 15:27:38+05:00
137,73.18885555042101,20.798574531948734,0.00927734375,,0.01416015625,0.00439453125,2180,0.0003061166369320052,32,0.0003061166369320052,0,0.0003061166369320052,0.0003061166369320052,0.0003061166369320052,147:0.0030028142644735467;147:0.0030028142644735467;127:0.0015641629491050801;127:0.0015641629491050801,147:68;147:68;127:68;127:68,147:0.0023798369286150423;147:0.0023798369286150423;127:0.0011526727992478836;127:0.0011526727992478836,0.00927734375,0.00439453125,Yes,ibm_kingston,2026-09-25 15:27:38+05:00
138,288.95762654209426,92.30091145784539,0.007568359375,,0.0078125,0.00732421875,2180,0.00015252325816564983,32,0.00015252325816564983,0,0.00015252325816564983,0.00015252325816564983,0.00015252325816564983,151:0.0014398495363554809;151:0.0014398495363554809;131:0.02172891203696864;131:0.02172891203696864,151:80;151:80;131:68;131:68,151:0.0014264217862403339;151:0.0014264217862403339;131:0.027863253907534496;131:0.027863253907534496,0.007568359375,0.00732421875,Yes,ibm_kingston,2026-09-25 15:27:38+05:00
139,238.7546103186292,13.777581873319301,0.019287109375,,0.0205078125,0.01806640625,2180,0.0002541229220175606,32,0.0002541229220175606,0,0.0002541229220175606,0.0002541229220175606,0.0002541229220175606,155:0.006699488873470827;155:0.006699488873470827;135:0.0020736106133690257;135:0.0020736106133690257,155:68;155:68;135:68;135:68,155:0.003584745721497501;155:0.003584745721497501;135:0.0021209565048930235;135:0.0021209565048930235,0.019287109375,0.01806640625,Yes,ibm_kingston,2026-09-25 15:27:38+05:00
140,269.1560050601448,420.7300882740071,0.01123046875,,0.0146484375,0.0078125,2180,0.0002046179318736445,32,0.0002046179318736445,0,0.0002046179318736445,0.0002046179318736445,0.0002046179318736445,141:0.0013474466447316313;141:0.0013474466447316313,141:68;141:68,141:0.0013021307819036099;141:0.0013021307819036099,0.01123046875,0.0078125,Yes,ibm_kingston,2026-09-25 15:27:38+05:00
141,154.25690451012207,139.33884535027818,0.00732421875,,0.00927734375,0.00537109375,2180,0.0002302801025770044,32,0.0002302801025770044,0,0.0002302801025770044,0.0002302801025770044,0.0002302801025770044,140:0.0013474466447316313;140:0.0013474466447316313;142:0.001167723445781449;142:0.001167723445781449,140:68;140:68;142:68;142:68,140:0.0013021307819036099;140:0.0013021307819036099;142:0.0015088814236680903;142:0.0015088814236680903,0.00732421875,0.00537109375,Yes,ibm_kingston,2026-09-25 15:27:38+05:00
142,265.7880443843555,205.2512074974244,0.0087890625,,0.01318359375,0.00439453125,2180,0.0001704745286386743,32,0.0001704745286386743,0,0.0001704745286386743,0.0001704745286386743,0.0001704745286386743,143:0.0015773786144140933;143:0.0015773786144140933;141:0.001167723445781449;141:0.001167723445781449,143:68;143:68;141:68;141:68,143:0.0012850665653731386;143:0.0012850665653731386;141:0.0015088814236680903;141:0.0015088814236680903,0.0087890625,0.00439453125,Yes,ibm_kingston,2026-09-25 15:27:38+05:00
143,314.133701280402,45.77223603546686,0.05029296875,,0.03662109375,0.06396484375,2180,0.00016895884383222193,32,0.00016895884383222193,0,0.00016895884383222193,0.00016895884383222193,0.00016895884383222193,142:0.0015773786144140933;142:0.0015773786144140933;144:0.0016291308558717688;144:0.0016291308558717688;136:0.0018597520153425529;136:0.0018597520153425529,142:68;142:68;144:68;144:68;136:68;136:68,142:0.0012850665653731386;142:0.0012850665653731386;144:0.0012699386286106895;144:0.0012699386286106895;136:0.0024611832652341736;136:0.0024611832652341736,0.05029296875,0.06396484375,Yes,ibm_kingston,2026-09-25 15:27:38+05:00
144,173.7919511931964,287.6171317915086,0.006591796875,,0.00927734375,0.00390625,2180,0.00014724693645779943,32,0.00014724693645779943,0,0.00014724693645779943,0.00014724693645779943,0.00014724693645779943,145:0.04499454545759046;145:0.04499454545759046;143:0.0016291308558717688;143:0.0016291308558717688,145:68;145:68;143:68;143:68,145:0.03908297552055176;145:0.03908297552055176;143:0.0012699386286106895;143:0.0012699386286106895,0.006591796875,0.00390625,Yes,ibm_kingston,2026-09-25 15:27:38+05:00
145,208.57376870291574,138.31895739361835,0.0185546875,,0.0185546875,0.0185546875,2180,0.0010405541539796337,32,0.0010405541539796337,0,0.0010405541539796337,0.0010405541539796337,0.0010405541539796337,144:0.04499454545759046;144:0.04499454545759046;146:1;146:1,144:68;144:68;146:68;146:68,144:0.03908297552055176;144:0.03908297552055176;146:1;146:1,0.0185546875,0.0185546875,Yes,ibm_kingston,2026-09-25 15:27:38+05:00
146,,,0.487060546875,,0.4951171875,0.47900390625,2180,1,32,1,0,1,1,1,145:1;145:1;147:1;147:1,145:68;145:68;147:68;147:68,145:1;145:1;147:1;147:1,0.487060546875,0.47900390625,Yes,ibm_kingston,2026-09-25 15:27:38+05:00
147,292.60292552354315,98.22832125229037,0.00732421875,,0.01025390625,0.00439453125,2180,0.0013576243027514847,32,0.0013576243027514847,0,0.0013576243027514847,0.0013576243027514847,0.0013576243027514847,148:0.003314735055166579;148:0.003314735055166579;137:0.0030028142644735467;137:0.0030028142644735467;146:1;146:1,148:68;148:68;137:68;137:68;146:68;146:68,148:0.002862150697797272;148:0.002862150697797272;137:0.0023798369286150423;137:0.0023798369286150423;146:1;146:1,0.00732421875,0.00439453125,Yes,ibm_kingston,2026-09-25 15:27:38+05:00
148,216.0286862136373,209.61150578757236,0.00830078125,,0.0048828125,0.01171875,2180,0.00011104586848905202,32,0.00011104586848905202,0,0.00011104586848905202,0.00011104586848905202,0.00011104586848905202,147:0.003314735055166579;147:0.003314735055166579;149:0.0022415531221564033;149:0.0022415531221564033,147:68;147:68;149:68;149:68,147:0.002862150697797272;147:0.002862150697797272;149:0.001927226197003945;149:0.001927226197003945,0.00830078125,0.01171875,Yes,ibm_kingston,2026-09-25 15:27:38+05:00
149,107.63609630215298,149.36541856052906,0.0048828125,,0.00732421875,0.00244140625,2180,0.0003990331699806987,32,0.0003990331699806987,0,0.0003990331699806987,0.0003990331699806987,0.0003990331699806987,150:0.0028451963548044024;150:0.0028451963548044024;148:0.0022415531221564033;148:0.0022415531221564033,150:68;150:68;148:68;148:68,150:0.0031940355546021537;150:0.0031940355546021537;148:0.001927226197003945;148:0.001927226197003945,0.0048828125,0.00244140625,Yes,ibm_kingston,2026-09-25 15:27:38+05:00
150,274.0634739063546,262.54866125927754,0.005859375,,0.00927734375,0.00244140625,2180,0.00024514791145499495,32,0.00024514791145499495,0,0.00024514791145499495,0.00024514791145499495,0.00024514791145499495,149:0.0028451963548044024;149:0.0028451963548044024;151:0.00233119044018662;151:0.00233119044018662,149:68;149:68;151:68;151:68,149:0.0031940355546021537;149:0.0031940355546021537;151:0.0015095439779097275;151:0.0015095439779097275,0.005859375,0.00244140625,Yes,ibm_kingston,2026-09-25 15:27:38+05:00
151,251.07150451405874,180.34763851223434,0.00439453125,,0.00537109375,0.00341796875,2180,0.00019278099029928703,32,0.00019278099029928703,0,0.00019278099029928703,0.00019278099029928703,0.00019278099029928703,138:0.0014398495363554809;138:0.0014398495363554809;152:0.0011560440058515087;152:0.0011560440058515087;150:0.00233119044018662;150:0.00233119044018662,138:80;138:80;152:68;152:68;150:68;150:68,138:0.0014264217862403339;138:0.0014264217862403339;152:0.0012121217316538868;152:0.0012121217316538868;150:0.0015095439779097275;150:0.0015095439779097275,0.00439453125,0.00341796875,Yes,ibm_kingston,2026-09-25 15:27:38+05:00
152,259.821992894846,115.2804886665535,0.007080078125,,0.0107421875,0.00341796875,2180,0.0002051668937648599,32,0.0002051668937648599,0,0.0002051668937648599,0.0002051668937648599,0.0002051668937648599,151:0.0011560440058515087;151:0.0011560440058515087;153:0.0011293331706148657;153:0.0011293331706148657,151:68;151:68;153:68;153:68,151:0.0012121217316538868;151:0.0012121217316538868;153:0.0010217980139337612;153:0.0010217980139337612,0.007080078125,0.00341796875,Yes,ibm_kingston,2026-09-25 15:27:38+05:00
153,325.7531077540473,246.5988855381789,0.034423828125,,0.02734375,0.04150390625,2180,0.0004164594453705232,32,0.0004164594453705232,0,0.0004164594453705232,0.0004164594453705232,0.0004164594453705232,152:0.0011293331706148657;152:0.0011293331706148657;154:0.00265019147585005;154:0.00265019147585005,152:68;152:68;154:68;154:68,152:0.0010217980139337612;152:0.0010217980139337612;154:0.0024246618332036673;154:0.0024246618332036673,0.034423828125,0.04150390625,Yes,ibm_kingston,2026-09-25 15:27:38+05:00
154,166.06540370919376,112.90537980908726,0.003173828125,,0.0029296875,0.00341796875,2180,0.00029971987612584564,32,0.00029971987612584564,0,0.00029971987612584564,0.00029971987612584564,0.00029971987612584564,153:0.00265019147585005;153:0.00265019147585005;155:0.0013426272679293305;155:0.0013426272679293305,153:68;153:68;155:68;155:68,153:0.0024246618332036673;153:0.0024246618332036673;155:0.0015495009999090814;155:0.0015495009999090814,0.003173828125,0.00341796875,Yes,ibm_kingston,2026-09-25 15:27:38+05:00
155,258.90385814845786,277.6959395422673,0.014892578125,,0.0166015625,0.01318359375,2180,0.0002537508538378315,32,0.0002537508538378315,0,0.0002537508538378315,0.0002537508538378315,0.0002537508538378315,139:0.006699488873470827;139:0.006699488873470827;154:0.0013426272679293305;154:0.0013426272679293305,139:68;139:68;154:68;154:68,139:0.003584745721497501;139:0.003584745721497501;154:0.0015495009999090814;154:0.0015495009999090814,0.014892578125,0.01318359375,Yes,ibm_kingston,2026-09-25 15:27:38+05:00
0,336.4666395643966,468.7343078897478,0.018798828125,,0.01611328125,0.021484375,2180,0.00036422703918566763,32,0.00036422703918566763,0,0.00036422703918566763,0.00036422703918566763,0.00036422703918566763,1:0.0007685550737635549;1:0.0007685550737635549,1:68;1:68,1:0.0009227235991412508;1:0.0009227235991412508,0.018798828125,0.021484375,Yes,ibm_kingston,2026-09-25 14:57:35+05:00
1,280.9960053347357,321.25412437663687,0.012451171875,,0.0146484375,0.01025390625,2180,0.00011410640506216502,32,0.00011410640506216502,0,0.00011410640506216502,0.00011410640506216502,0.00011410640506216502,2:0.0013713694058352932;2:0.0013713694058352932;0:0.0007685550737635549;0:0.0007685550737635549,2:68;2:68;0:68;0:68,2:0.0008610386114593083;2:0.0008610386114593083;0:0.0009227235991412508;0:0.0009227235991412508,0.012451171875,0.01025390625,Yes,ibm_kingston,2026-09-25 14:57:35+05:00
2,187.92005589258065,100.07122793231295,0.0068359375,,0.00927734375,0.00439453125,2180,0.00019858639151095652,32,0.00019858639151095652,0,0.00019858639151095652,0.00019858639151095652,0.00019858639151095652,1:0.0013713694058352932;1:0.0013713694058352932;3:0.0016701224888926447;3:0.0016701224888926447,1:68;1:68;3:68;3:68,1:0.0008610386114593083;1:0.0008610386114593083;3:0.0017697064365315707;3:0.0017697064365315707,0.0068359375,0.00439453125,Yes,ibm_kingston,2026-09-25 14:57:35+05:00
3,173.03629054452213,110.15832573101653,0.006103515625,,0.01171875,0.00048828125,2180,0.0003879576060245071,32,0.0003879576060245071,0,0.0003879576060245071,0.0003879576060245071,0.0003879576060245071,16:0.0011038996790617983;16:0.0011038996790617983;2:0.0016701224888926447;2:0.0016701224888926447;4:0.0019331863087419243;4:0.0019331863087419243,16:68;16:68;2:68;2:68;4:68;4:68,16:0.0013015384968247945;16:0.0013015384968247945;2:0.0017697064365315707;2:0.0017697064365315707;4:0.0024083776081075536;4:0.0024083776081075536,0.006103515625,0.00048828125,Yes,ibm_kingston,2026-09-25 14:57:35+05:00
4,266.11439479096566,76.02954183621893,0.00927734375,,0.017578125,0.0009765625,2180,0.00027256219881772027,32,0.00027256219881772027,0,0.00027256219881772027,0.00027256219881772027,0.00027256219881772027,3:0.0019331863087419243;3:0.0019331863087419243;5:0.0018627761934583986;5:0.0018627761934583986,3:68;3:68;5:68;5:68,3:0.0024083776081075536;3:0.0024083776081075536;5:0.0023897624482911994;5:0.0023897624482911994,0.00927734375,0.0009765625,Yes,ibm_kingston,2026-09-25 14:57:35+05:00
5,105.85956909378632,60.06673524284885,0.0078125,,0.01171875,0.00390625,2180,0.00036919063205924016,32,0.00036919063205924016,0,0.00036919063205924016,0.00036919063205924016,0.00036919063205924016,6:0.002765011755596708;6:0.002765011755596708;4:0.0018627761934583986;4:0.0018627761934583986,6:68;6:68;4:68;4:68,6:0.0025465187514958354;6:0.0025465187514958354;4:0.0023897624482911994;4:0.0023897624482911994,0.0078125,0.00390625,Yes,ibm_kingston,2026-09-25 14:57:35+05:00
6,271.514824283891,134.25077178225482,0.005615234375,,0.00634765625,0.0048828125,2180,0.00035298299578489026,32,0.00035298299578489026,0,0.00035298299578489026,0.00035298299578489026,0.00035298299578489026,5:0.002765011755596708;5:0.002765011755596708;7:0.0075011588334764345;7:0.0075011588334764345,5:68;5:68;7:80;7:80,5:0.0025465187514958354;5:0.0025465187514958354;7:0.007301377050822483;7:0.007301377050822483,0.005615234375,0.0048828125,Yes,ibm_kingston,2026-09-25 14:57:35+05:00
7,209.4857195084155,96.89852945723719,0.013916015625,,0.02001953125,0.0078125,2180,0.00032437786499364744,32,0.00032437786499364744,0,0.00032437786499364744,0.00032437786499364744,0.00032437786499364744,17:0.006197844553408854;17:0.006197844553408854;6:0.0075011588334764345;6:0.0075011588334764345;8:0.007593024340945859;8:0.007593024340945859,17:68;17:68;6:80;6:80;8:68;8:68,17:0.0042906598671491325;17:0.0042906598671491325;6:0.007301377050822483;6:0.007301377050822483;8:0.006357333455077829;8:0.006357333455077829,0.013916015625,0.0078125,Yes,ibm_kingston,2026-09-25 14:57:35+05:00
8,208.64620207141348,86.33695481199273,0.014892578125,,0.01611328125,0.013671875,2180,0.00020785027159169695,32,0.00020785027159169695,0,0.00020785027159169695,0.00020785027159169695,0.00020785027159169695,9:0.0026150163260615644;9:0.0026150163260615644;7:0.007593024340945859;7:0.007593024340945859,9:68;9:68;7:68;7:68,9:0.0017102295146800561;9:0.0017102295146800561;7:0.006357333455077829;7:0.006357333455077829,0.014892578125,0.013671875,Yes,ibm_kingston,2026-09-25 14:57:35+05:00
9,105.66086432414207,44.552741548619935,0.006591796875,,0.01171875,0.00146484375,2180,0.0004956588278037463,32,0.0004956588278037463,0,0.0004956588278037463,0.0004956588278037463,0.0004956588278037463,8:0.0026150163260615644;8:0.0026150163260615644;10:0.0032107320211162693;10:0.0032107320211162693,8:68;8:68;10:68;10:68,8:0.0017102295146800561;8:0.0017102295146800561;10:0.001878273740331865;10:0.001878273740331865,0.006591796875,0.00146484375,Yes,ibm_kingston,2026-09-25 14:57:35+05:00
10,255.17293533879348,23.490202936856473,0.00537109375,,0.005859375,0.0048828125,2180,0.0002567650967268688,32,0.0002567650967268688,0,0.0002567650967268688,0.0002567650967268688,0.0002567650967268688,9:0.0032107320211162693;9:0.0032107320211162693;11:0.0012787066211835119;11:0.0012787066211835119,9:68;9:68;11:68;11:68,9:0.001878273740331865;9:0.001878273740331865;11:0.0012584612983725652;11:0.0012584612983725652,0.00537109375,0.0048828125,Yes,ibm_kingston,2026-09-25 14:57:35+05:00
11,295.916366621202,112.2258811311623,0.00732421875,,0.00830078125,0.00634765625,2180,0.00028911162733397523,32,0.00028911162733397523,0,0.00028911162733397523,0.00028911162733397523,0.00028911162733397523,18:0.0018603688671818275;18:0.0018603688671818275;10:0.0012787066211835119;10:0.0012787066211835119;12:0.0010334791364512708;12:0.0010334791364512708,18:68;18:68;10:68;10:68;12:68;12:68,18:0.002413510989774298;18:0.002413510989774298;10:0.0012584612983725652;10:0.0012584612983725652;12:0.001088830861913137;12:0.001088830861913137,0.00732421875,0.00634765625,Yes,ibm_kingston,2026-09-25 14:57:35+05:00
12,193.4450363159131,184.6625019956198,0.044921875,,0.0302734375,0.0595703125,2180,0.00031025919644558496,32,0.00031025919644558496,0,0.00031025919644558496,0.00031025919644558496,0.00031025919644558496,13:0.0019125864022996042;13:0.0019125864022996042;11:0.0010334791364512708;11:0.0010334791364512708,13:68;13:68;11:68;11:68,13:0.0014686086216363636;13:0.0014686086216363636;11:0.001088830861913137;11:0.001088830861913137,0.044921875,0.0595703125,Yes,ibm_kingston,2026-09-25 14:57:35+05:00
13,204.50588108337206,346.91001801183967,0.011962890625,,0.01904296875,0.0048828125,2180,0.0004836004093861743,32,0.0004836004093861743,0,0.0004836004093861743,0.0004836004093861743,0.0004836004093861743,12:0.0019125864022996042;12:0.0019125864022996042;14:0.001428549119927458;14:0.001428549119927458,12:68;12:68;14:68;14:68,12:0.0014686086216363636;12:0.0014686086216363636;14:0.001284734171112939;14:0.001284734171112939,0.011962890625,0.0048828125,Yes,ibm_kingston,2026-09-25 14:57:35+05:00
14,278.5087060520256,495.8365568530598,0.025146484375,,0.02783203125,0.0224609375,2180,0.00017671162310577411,32,0.00017671162310577411,0,0.00017671162310577411,0.00017671162310577411,0.00017671162310577411,15:0.003776848552281914;15:0.003776848552281914;13:0.001428549119927458;13:0.001428549119927458,15:68;15:68;13:68;13:68,15:0.0032423682414398636;15:0.0032423682414398636;13:0.001284734171112939;13:0.001284734171112939,0.025146484375,0.0224609375,Yes,ibm_kingston,2026-09-25 14:57:35+05:00
15,288.1078938911592,323.74776855326405,0.00732421875,,0.01220703125,0.00244140625,2180,0.00012104365719404825,32,0.00012104365719404825,0,0.00012104365719404825,0.00012104365719404825,0.00012104365719404825,14:0.003776848552281914;14:0.003776848552281914;19:0.0020842019219582675;19:0.0020842019219582675,14:68;14:68;19:68;19:68,14:0.0032423682414398636;14:0.0032423682414398636;19:0.002543672398017588;19:0.002543672398017588,0.00732421875,0.00244140625,Yes,ibm_kingston,2026-09-25 14:57:35+05:00
16,140.56642979756649,241.67248771981875,0.013671875,,0.0185546875,0.0087890625,2180,0.0001980679989231381,32,0.0001980679989231381,0,0.0001980679989231381,0.0001980679989231381,0.0001980679989231381,23:0.0015792635114248166;23:0.0015792635114248166;3:0.0011038996790617983;3:0.0011038996790617983,23:68;23:68;3:68;3:68,23:0.0014967134089556855;23:0.0014967134089556855;3:0.0013015384968247945;3:0.0013015384968247945,0.013671875,0.0087890625,Yes,ibm_kingston,2026-09-25 14:57:35+05:00
17,302.84360081937217,154.78711827037392,0.0048828125,,0.00830078125,0.00146484375,2180,0.000327484500037276,32,0.000327484500037276,0,0.000327484500037276,0.000327484500037276,0.000327484500037276,7:0.006197844553408854;7:0.006197844553408854;27:0.0015475941334729126;27:0.0015475941334729126,7:68;7:68;27:68;27:68,7:0.0042906598671491325;7:0.0042906598671491325;27:0.0015030274578072822;27:0.0015030274578072822,0.0048828125,0.00146484375,Yes,ibm_kingston,2026-09-25 14:57:35+05:00
18,130.49564858488404,106.37860688767464,0.014404296875,,0.01806640625,0.0107421875,2180,0.0005978462196236095,32,0.0005978462196236095,0,0.0005978462196236095,0.0005978462196236095,0.0005978462196236095,11:0.0018603688671818275;11:0.0018603688671818275;31:0.0022972534710548886;31:0.0022972534710548886,11:68;11:68;31:68;31:68,11:0.002413510989774298;11:0.002413510989774298;31:0.002781928049676974;31:0.002781928049676974,0.014404296875,0.0107421875,Yes,ibm_kingston,2026-09-25 14:57:35+05:00
19,190.6013352358296,208.84558534288124,0.008056640625,,0.0107421875,0.00537109375,2180,0.0002787973350378829,32,0.0002787973350378829,0,0.0002787973350378829,0.0002787973350378829,0.0002787973350378829,35:0.0012278206235848965;35:0.0012278206235848965;15:0.0020842019219582675;15:0.0020842019219582675,35:68;35:68;15:68;15:68,35:0.0019136529015843229;35:0.0019136529015843229;15:0.002543672398017588;15:0.002543672398017588,0.008056640625,0.00537109375,Yes,ibm_kingston,2026-09-25 14:57:35+05:00
20,283.0906391190015,29.871099873509092,0.00634765625,,0.00634765625,0.00634765625,2180,0.0003436797859333315,32,0.0003436797859333315,0,0.0003436797859333315,0.0003436797859333315,0.0003436797859333315,21:0.0020711265903758103;21:0.0020711265903758103,21:68;21:68,21:0.0016593569226790728;21:0.0016593569226790728,0.00634765625,0.00634765625,Yes,ibm_kingston,2026-09-25 14:57:35+05:00
21,133.0316551576741,182.4919909639199,0.0126953125,,0.02392578125,0.00146484375,2180,0.00048132531608610234,32,0.00048132531608610234,0,0.00048132531608610234,0.00048132531608610234,0.00048132531608610234,36:0.001362908699597598;36:0.001362908699597598;20:0.0020711265903758103;20:0.0020711265903758103;22:0.0016209504962347576;22:0.0016209504962347576,36:68;36:68;20:68;20:68;22:68;22:68,36:0.001044049377931372;36:0.001044049377931372;20:0.0016593569226790728;20:0.0016593569226790728;22:0.001735114474704924;22:0.001735114474704924,0.0126953125,0.00146484375,Yes,ibm_kingston,2026-09-25 14:57:35+05:00
22,82.03813912449354,107.28053387073518,0.013427734375,,0.01611328125,0.0107421875,2180,0.00023151795326851682,32,0.00023151795326851682,0,0.00023151795326851682,0.00023151795326851682,0.00023151795326851682,23:0.001725651167691994;23:0.001725651167691994;21:0.0016209504962347576;21:0.0016209504962347576,23:68;23:68;21:68;21:68,23:0.0014731093478994595;23:0.0014731093478994595;21:0.001735114474704924;21:0.001735114474704924,0.013427734375,0.0107421875,Yes,ibm_kingston,2026-09-25 14:57:35+05:00
23,254.04459938728127,70.55846108997626,0.005126953125,,0.0078125,0.00244140625,2180,0.0001233110726666772,32,0.0001233110726666772,0,0.0001233110726666772,0.0001233110726666772,0.0001233110726666772,22:0.001725651167691994;22:0.001725651167691994;24:0.002033957131133829;24:0.002033957131133829;16:0.0015792635114248166;16:0.0015792635114248166,22:68;22:68;24:68;24:68;16:68;16:68,22:0.0014731093478994595;22:0.0014731093478994595;24:0.0012290148754913466;24:0.0012290148754913466;16:0.0014967134089556855;16:0.0014967134089556855,0.005126953125,0.00244140625,Yes,ibm_kingston,2026-09-25 14:57:35+05:00
24,296.3003924876887,74.19527953018164,0.015869140625,,0.0185546875,0.01318359375,2180,0.00037188940874624223,32,0.00037188940874624223,0,0.00037188940874624223,0.00037188940874624223,0.00037188940874624223,23:0.002033957131133829;23:0.002033957131133829;25:0.0020411425926121496;25:0.0020411425926121496,23:68;23:68;25:68;25:68,23:0.0012290148754913466;23:0.0012290148754913466;25:0.001881141387973212;25:0.001881141387973212,0.015869140625,0.01318359375,Yes,ibm_kingston,2026-09-25 14:57:35+05:00
25,255.65930388841377,29.025617648268145,0.00537109375,,0.00830078125,0.00244140625,2180,0.0001987473784102972,32,0.0001987473784102972,0,0.0001987473784102972,0.0001987473784102972,0.0001987473784102972,24:0.0020411425926121496;24:0.0020411425926121496;26:0.0014636776534062146;26:0.0014636776534062146;37:0.0019543830205464574;37:0.0019543830205464574,24:68;24:68;26:68;26:68;37:68;37:68,24:0.001881141387973212;24:0.001881141387973212;26:0.0015767908219591342;26:0.0015767908219591342;37:0.0017220788271621879;37:0.0017220788271621879,0.00537109375,0.00244140625,Yes,ibm_kingston,2026-09-25 14:57:35+05:00
26,186.84441699250806,70.11741564161136,0.011474609375,,0.017578125,0.00537109375,2180,0.0002103421894964319,32,0.0002103421894964319,0,0.0002103421894964319,0.0002103421894964319,0.0002103421894964319,25:0.0014636776534062146;25:0.0014636776534062146;27:0.0015285168982522856;27:0.0015285168982522856,25:68;25:68;27:68;27:68,25:0.0015767908219591342;25:0.0015767908219591342;27:0.005111646182038604;27:0.005111646182038604,0.011474609375,0.00537109375,Yes,ibm_kingston,2026-09-25 14:57:35+05:00
27,200.14894994110867,72.65670467282402,0.01806640625,,0.0185546875,0.017578125,2180,0.00017061553954838467,32,0.00017061553954838467,0,0.00017061553954838467,0.00017061553954838467,0.00017061553954838467,26:0.0015285168982522856;26:0.0015285168982522856;28:0.001497479402056634;28:0.001497479402056634;17:0.0015475941334729126;17:0.0015475941334729126,26:68;26:68;28:68;28:68;17:68;17:68,26:0.005111646182038604;26:0.005111646182038604;28:0.001384758311293699;28:0.001384758311293699;17:0.0015030274578072822;17:0.0015030274578072822,0.01806640625,0.017578125,Yes,ibm_kingston,2026-09-25 14:57:35+05:00
28,250.10848601076665,269.8991500337437,0.016845703125,,0.0234375,0.01025390625,2180,0.00021182687462336302,32,0.00021182687462336302,0,0.00021182687462336302,0.00021182687462336302,0.00021182687462336302,27:0.001497479402056634;27:0.001497479402056634;29:0.0020716471095845457;29:0.0020716471095845457,27:68;27:68;29:68;29:68,27:0.001384758311293699;27:0.001384758311293699;29:0.0022247605072982513;29:0.0022247605072982513,0.016845703125,0.01025390625,Yes,ibm_kingston,2026-09-25 14:57:35+05:00
29,174.10417985417016,70.84830826699564,0.01220703125,,0.013671875,0.0107421875,2180,0.00020667808792647937,32,0.00020667808792647937,0,0.00020667808792647937,0.00020667808792647937,0.00020667808792647937,38:0.004941045167925928;38:0.004941045167925928;28:0.0020716471095845457;28:0.0020716471095845457;30:0.001268425348027763;30:0.001268425348027763,38:68;38:68;28:68;28:68;30:80;30:80,38:0.0027820863039931254;38:0.0027820863039931254;28:0.0022247605072982513;28:0.0022247605072982513;30:0.0014535397614219847;30:0.0014535397614219847,0.01220703125,0.0107421875,Yes,ibm_kingston,2026-09-25 14:57:35+05:00
30,256.31165851913795,90.280892890724,0.006591796875,,0.00830078125,0.0048828125,2180,0.00026680163306561447,32,0.00026680163306561447,0,0.00026680163306561447,0.00026680163306561447,0.00026680163306561447,31:0.003934339986860241;31:0.003934339986860241;29:0.001268425348027763;29:0.001268425348027763,31:68;31:68;29:80;29:80,31:0.0021468448117266115;31:0.0021468448117266115;29:0.0014535397614219847;29:0.0014535397614219847,0.006591796875,0.0048828125,Yes,ibm_kingston,2026-09-25 14:57:35+05:00
31,222.09462532887468,272.2181349107763,0.04638671875,,0.0380859375,0.0546875,2180,0.00040942796524302035,32,0.00040942796524302035,0,0.00040942796524302035,0.00040942796524302035,0.00040942796524302035,30:0.003934339986860241;30:0.003934339986860241;32:0.0027333348922575773;32:0.0027333348922575773;18:0.0022972534710548886;18:0.0022972534710548886,30:68;30:68;32:68;32:68;18:68;18:68,30:0.0021468448117266115;30:0.0021468448117266115;32:0.0024499104887001077;32:0.0024499104887001077;18:0.002781928049676974;18:0.002781928049676974,0.04638671875,0.0546875,Yes,ibm_kingston,2026-09-25 14:57:35+05:00
32,365.57922022991727,459.3135632004803,0.070068359375,,0.0576171875,0.08251953125,2180,0.00021723841831234637,32,0.00021723841831234637,0,0.00021723841831234637,0.00021723841831234637,0.00021723841831234637,31:0.0027333348922575773;31:0.0027333348922575773;33:0.0025124767633232237;33:0.0025124767633232237,31:68;31:68;33:68;33:68,31:0.0024499104887001077;31:0.0024499104887001077;33:0.003300328795514451;33:0.003300328795514451,0.070068359375,0.08251953125,Yes,ibm_kingston,2026-09-25 14:57:35+05:00
33,308.182063298296,467.5979521216172,0.009521484375,,0.009765625,0.00927734375,2180,0.00018717522052303116,32,0.00018717522052303116,0,0.00018717522052303116,0.00018717522052303116,0.00018717522052303116,39:0.002107882631021185;39:0.002107882631021185;32:0.0025124767633232237;32:0.0025124767633232237;34:0.0021932314932126273;34:0.0021932314932126273,39:68;39:68;32:68;32:68;34:108;34:108,39:0.00148046200285476;39:0.00148046200285476;32:0.003300328795514451;32:0.003300328795514451;34:0.0020900232010004904;34:0.0020900232010004904,0.009521484375,0.00927734375,Yes,ibm_kingston,2026-09-25 14:57:35+05:00
34,181.39104761888103,214.28518756037963,0.01611328125,,0.01806640625,0.01416015625,2180,0.00024469576410692987,32,0.00024469576410692987,0,0.00024469576410692987,0.00024469576410692987,0.00024469576410692987,33:0.0021932314932126273;33:0.0021932314932126273;35:0.001211811715456007;35:0.001211811715456007,33:108;33:108;35:68;35:68,33:0.0020900232010004904;33:0.0020900232010004904;35:0.0019256254546701768;35:0.0019256254546701768,0.01611328125,0.01416015625,Yes,ibm_kingston,2026-09-25 14:57:35+05:00
35,286.1928846311314,337.7327842759464,0.02001953125,,0.02001953125,0.02001953125,2180,0.00021909154191913552,32,0.00021909154191913552,0,0.00021909154191913552,0.00021909154191913552,0.00021909154191913552,19:0.0012278206235848965;19:0.0012278206235848965;34:0.001211811715456007;34:0.001211811715456007,19:68;19:68;34:68;34:68,19:0.0019136529015843229;19:0.0019136529015843229;34:0.0019256254546701768;34:0.0019256254546701768,0.02001953125,0.02001953125,Yes,ibm_kingston,2026-09-25 14:57:35+05:00
36,217.99912956656425,242.90404419679717,0.006591796875,,0.01220703125,0.0009765625,2180,0.00018723707894491423,32,0.00018723707894491423,0,0.00018723707894491423,0.00018723707894491423,0.00018723707894491423,41:0.001890160260846152;41:0.001890160260846152;21:0.001362908699597598;21:0.001362908699597598,41:68;41:68;21:68;21:68,41:0.0014993379208823043;41:0.0014993379208823043;21:0.001044049377931372;21:0.001044049377931372,0.006591796875,0.0009765625,Yes,ibm_kingston,2026-09-25 14:57:35+05:00
37,88.49869340172944,27.58971597916541,0.00537109375,,0.0087890625,0.001953125,2180,0.0004223495831992001,32,0.0004223495831992001,0,0.0004223495831992001,0.0004223495831992001,0.0004223495831992001,45:0.0036480350263801975;45:0.0036480350263801975;25:0.0019543830205464574;25:0.0019543830205464574,45:68;45:68;25:68;25:68,45:0.001871603452579057;45:0.001871603452579057;25:0.0017220788271621879;25:0.0017220788271621879,0.00537109375,0.001953125,Yes,ibm_kingston,2026-09-25 14:57:35+05:00
38,237.00594252236428,68.06583231269099,0.004150390625,,0.00439453125,0.00390625,2180,0.0002319913687156709,32,0.0002319913687156709,0,0.0002319913687156709,0.0002319913687156709,0.0002319913687156709,29:0.004941045167925928;29:0.004941045167925928;49:0.001594355785739937;49:0.001594355785739937,29:68;29:68;49:68;49:68,29:0.0027820863039931254;29:0.0027820863039931254;49:0.001285806477652085;49:0.001285806477652085,0.004150390625,0.00390625,Yes,ibm_kingston,2026-09-25 14:57:35+05:00
39,99.71168525794653,98.78266790888162,0.014404296875,,0.0205078125,0.00830078125,2180,0.00019404727104498814,32,0.00019404727104498814,0,0.00019404727104498814,0.00019404727104498814,0.00019404727104498814,53:0.001486865964231615;53:0.001486865964231615;33:0.002107882631021185;33:0.002107882631021185,53:68;53:68;33:68;33:68,53:0.005296923191012076;53:0.005296923191012076;33:0.00148046200285476;33:0.00148046200285476,0.014404296875,0.00830078125,Yes,ibm_kingston,2026-09-25 14:57:35+05:00
40,276.9902230859321,85.8330098885021,0.0029296875,,0.00537109375,0.00048828125,2180,0.0003598968373241917,32,0.0003598968373241917,0,0.0003598968373241917,0.0003598968373241917,0.0003598968373241917,41:0.0020023982792476414;41:0.0020023982792476414,41:68;41:68,41:0.002560980310227695;41:0.002560980310227695,0.0029296875,0.00048828125,Yes,ibm_kingston,2026-09-25 14:57:35+05:00
41,261.02482730269634,65.69631446231281,0.00732421875,,0.0107421875,0.00390625,2180,0.0002367478101623629,32,0.0002367478101623629,0,0.0002367478101623629,0.0002367478101623629,0.0002367478101623629,40:0.0020023982792476414;40:0.0020023982792476414;42:0.0018622867900391082;42:0.0018622867900391082;36:0.001890160260846152;36:0.001890160260846152,40:68;40:68;42:68;42:68;36:68;36:68,40:0.002560980310227695;40:0.002560980310227695;42:0.0020692975459927765;42:0.0020692975459927765;36:0.0014993379208823043;36:0.0014993379208823043,0.00732421875,0.00390625,Yes,ibm_kingston,2026-09-25 14:57:35+05:00
42,114.83784551232097,121.18413132578819,0.0048828125,,0.0078125,0.001953125,2180,0.0002825476844430431,32,0.0002825476844430431,0,0.0002825476844430431,0.0002825476844430431,0.0002825476844430431,41:0.0018622867900391082;41:0.0018622867900391082;43:0.0019305755510234945;43:0.0019305755510234945,41:68;41:68;43:68;43:68,41:0.0020692975459927765;41:0.0020692975459927765;43:0.0030048558770242317;43:0.0030048558770242317,0.0048828125,0.001953125,Yes,ibm_kingston,2026-09-25 14:57:35+05:00
43,297.7476033253412,75.58419778544797,0.006103515625,,0.009765625,0.00244140625,2180,0.009328265185282791,32,0.009328265185282791,0,0.009328265185282791,0.009328265185282791,0.009328265185282791,42:0.0019305755510234945;42:0.0019305755510234945;56:0.005411549466781934;56:0.005411549466781934;44:0.016476751103863346;44:0.016476751103863346,42:68;42:68;56:68;56:68;44:68;44:68,42:0.0030048558770242317;42:0.0030048558770242317;56:0.004091557734358736;56:0.004091557734358736;44:0.0022773890343458503;44:0.0022773890343458503,0.006103515625,0.00244140625,Yes,ibm_kingston,2026-09-25 14:57:35+05:00
44,207.04963348821153,317.1941608355146,0.012451171875,,0.01513671875,0.009765625,2180,0.0002050171920534136,32,0.0002050171920534136,0,0.0002050171920534136,0.0002050171920534136,0.0002050171920534136,45:0.003276374043350405;45:0.003276374043350405;43:0.016476751103863346;43:0.016476751103863346,45:68;45:68;43:68;43:68,45:0.0014123390530565716;45:0.0014123390530565716;43:0.0022773890343458503;43:0.0022773890343458503,0.012451171875,0.009765625,Yes,ibm_kingston,2026-09-25 14:57:35+05:00
45,224.58743417561135,169.04321892845147,0.028076171875,,0.02587890625,0.0302734375,2180,0.001502161869317895,32,0.001502161869317895,0,0.001502161869317895,0.001502161869317895,0.001502161869317895,44:0.003276374043350405;44:0.003276374043350405;46:0.0029846786838585437;46:0.0029846786838585437;37:0.0036480350263801975;37:0.0036480350263801975,44:68;44:68;46:68;46:68;37:68;37:68,44:0.0014123390530565716;44:0.0014123390530565716;46:0.0015084831764356488;46:0.0015084831764356488;37:0.001871603452579057;37:0.001871603452579057,0.028076171875,0.0302734375,Yes,ibm_kingston,2026-09-25 14:57:35+05:00
46,87.76599612953575,76.64089781690915,0.010009765625,,0.01708984375,0.0029296875,2180,0.0003861733578143592,32,0.0003861733578143592,0,0.0003861733578143592,0.0003861733578143592,0.0003861733578143592,45:0.0029846786838585437;45:0.0029846786838585437;47:0.0021297963939191367;47:0.0021297963939191367,45:68;45:68;47:68;47:68,45:0.0015084831764356488;45:0.0015084831764356488;47:0.0024215628105584974;47:0.0024215628105584974,0.010009765625,0.0029296875,Yes,ibm_kingston,2026-09-25 14:57:35+05:00
47,288.88331763936935,286.64218561779717,0.006591796875,,0.00830078125,0.0048828125,2180,0.00042010476329617445,32,0.00042010476329617445,0,0.00042010476329617445,0.00042010476329617445,0.00042010476329617445,48:0.0023977038576444842;48:0.0023977038576444842;57:0.0019672486255145893;57:0.0019672486255145893;46:0.0021297963939191367;46:0.0021297963939191367,48:68;48:68;57:68;57:68;46:68;46:68,48:0.003292004328737219;48:0.003292004328737219;57:0.0016246663682187856;57:0.0016246663682187856;46:0.0024215628105584974;46:0.0024215628105584974,0.006591796875,0.0048828125,Yes,ibm_kingston,2026-09-25 14:57:35+05:00
48,128.33371350826155,20.22409251248406,0.021484375,,0.03955078125,0.00341796875,2180,0.00027570531341656034,32,0.00027570531341656034,0,0.00027570531341656034,0.00027570531341656034,0.00027570531341656034,47:0.0023977038576444842;47:0.0023977038576444842;49:0.0018434858123342612;49:0.0018434858123342612,47:68;47:68;49:68;49:68,47:0.003292004328737219;47:0.003292004328737219;49:0.002232497260701516;49:0.002232497260701516,0.021484375,0.00341796875,Yes,ibm_kingston,2026-09-25 14:57:35+05:00
49,262.9140931929084,97.3826159414637,0.009765625,,0.01025390625,0.00927734375,2180,0.00031445923236615475,32,0.00031445923236615475,0,0.00031445923236615475,0.00031445923236615475,0.00031445923236615475,48:0.0018434858123342612;48:0.0018434858123342612;50:0.0014258959418786965;50:0.0014258959418786965;38:0.001594355785739937;38:0.001594355785739937,48:68;48:68;50:68;50:68;38:68;38:68,48:0.002232497260701516;48:0.002232497260701516;50:0.0018801323732287878;50:0.0018801323732287878;38:0.001285806477652085;38:0.001285806477652085,0.009765625,0.00927734375,Yes,ibm_kingston,2026-09-25 14:57:35+05:00
50,303.59330252472836,320.1287820992004,0.008544921875,,0.015625,0.00146484375,2180,0.0001800508967846574,32,0.0001800508967846574,0,0.0001800508967846574,0.0001800508967846574,0.0001800508967846574,49:0.0014258959418786965;49:0.0014258959418786965;51:0.0010948281917552982;51:0.0010948281917552982,49:68;49:68;51:68;51:68,49:0.0018801323732287878;49:0.0018801323732287878;51:0.0014940524462012106;51:0.0014940524462012106,0.008544921875,0.00146484375,Yes,ibm_kingston,2026-09-25 14:57:35+05:00
51,120.25169211903699,145.03074105899694,0.022216796875,,0.0390625,0.00537109375,2180,0.00012437803445485918,32,0.00012437803445485918,0,0.00012437803445485918,0.00012437803445485918,0.00012437803445485918,50:0.0010948281917552982;50:0.0010948281917552982;52:0.0018316493243691612;52:0.0018316493243691612;58:0.0018867739653539717;58:0.0018867739653539717,50:68;50:68;52:68;52:68;58:68;58:68,50:0.0014940524462012106;50:0.0014940524462012106;52:0.002195437201928302;52:0.002195437201928302;58:0.001789249829894285;58:0.001789249829894285,0.022216796875,0.00537109375,Yes,ibm_kingston,2026-09-25 14:57:35+05:00
52,127.00366570290686,49.41451757843999,0.021240234375,,0.02734375,0.01513671875,2180,0.00024793952206064875,32,0.00024793952206064875,0,0.00024793952206064875,0.00024793952206064875,0.00024793952206064875,51:0.0018316493243691612;51:0.0018316493243691612;53:0.001556838043804687;53:0.001556838043804687,51:68;51:68;53:68;53:68,51:0.002195437201928302;51:0.002195437201928302;53:0.0018655776793622403;53:0.0018655776793622403,0.021240234375,0.01513671875,Yes,ibm_kingston,2026-09-25 14:57:35+05:00
53,227.35092782652728,74.6583644848294,0.002685546875,,0.00341796875,0.001953125,2180,9.86951144053276e-05,32,9.86951144053276e-05,0,9.86951144053276e-05,9.86951144053276e-05,9.86951144053276e-05,39:0.001486865964231615;39:0.001486865964231615;52:0.001556838043804687;52:0.001556838043804687;54:0.0010891948599268675;54:0.0010891948599268675,39:68;39:68;52:68;52:68;54:68;54:68,39:0.005296923191012076;39:0.005296923191012076;52:0.0018655776793622403;52:0.0018655776793622403;54:0.0013377342272494486;54:0.0013377342272494486,0.002685546875,0.001953125,Yes,ibm_kingston,2026-09-25 14:57:35+05:00
54,359.01050759408565,117.03332217537486,0.029296875,,0.04345703125,0.01513671875,2180,0.0002312070352409925,32,0.0002312070352409925,0,0.0002312070352409925,0.0002312070352409925,0.0002312070352409925,53:0.0010891948599268675;53:0.0010891948599268675;55:0.0018634609166871818;55:0.0018634609166871818,53:68;53:68;55:68;55:68,53:0.0013377342272494486;53:0.0013377342272494486;55:0.0018907600328378904;55:0.0018907600328378904,0.029296875,0.01513671875,Yes,ibm_kingston,2026-09-25 14:57:35+05:00
55,386.5758860700546,91.50079789990316,0.008544921875,,0.0146484375,0.00244140625,2180,0.0001156230993831973,32,0.0001156230993831973,0,0.0001156230993831973,0.0001156230993831973,0.0001156230993831973,59:0.0011685758416744019;59:0.0011685758416744019;54:0.0018634609166871818;54:0.0018634609166871818,59:68;59:68;54:68;54:68,59:0.0011431812603560354;59:0.0011431812603560354;54:0.0018907600328378904;54:0.0018907600328378904,0.008544921875,0.00244140625,Yes,ibm_kingston,2026-09-25 14:57:35+05:00
56,191.8077657197162,43.62530021974132,0.008056640625,,0.00927734375,0.0068359375,2180,0.00025978078893710443,32,0.00025978078893710443,0,0.00025978078893710443,0.00025978078893710443,0.00025978078893710443,63:0.001366892034852324;63:0.001366892034852324;43:0.005411549466781934;43:0.005411549466781934,63:68;63:68;43:68;43:68,63:0.0015900773532668;63:0.0015900773532668;43:0.004091557734358736;43:0.004091557734358736,0.008056640625,0.0068359375,Yes,ibm_kingston,2026-09-25 14:57:35+05:00
57,216.4411123394374,266.75166408187926,0.00439453125,,0.00537109375,0.00341796875,2180,0.000226970595166798,32,0.000226970595166798,0,0.000226970595166798,0.000226970595166798,0.000226970595166798,47:0.0019672486255145893;47:0.0019672486255145893;67:0.002756853657602726;67:0.002756853657602726,47:68;47:68;67:68;67:68,47:0.0016246663682187856;47:0.0016246663682187856;67:0.0019211633589631683;67:0.0019211633589631683,0.00439453125,0.00341796875,Yes,ibm_kingston,2026-09-25 14:57:35+05:00
58,234.442881598687,171.2166080316604,0.009521484375,,0.00244140625,0.0166015625,2180,0.00011984536775464832,32,0.00011984536775464832,0,0.00011984536775464832,0.00011984536775464832,0.00011984536775464832,71:0.0011743165610143824;71:0.0011743165610143824;51:0.0018867739653539717;51:0.0018867739653539717,71:68;71:68;51:68;51:68,71:0.001959052169815595;71:0.001959052169815595;51:0.001789249829894285;51:0.001789249829894285,0.009521484375,0.0166015625,Yes,ibm_kingston,2026-09-25 14:57:35+05:00
59,143.31843371911538,265.233875786357,0.006103515625,,0.00732421875,0.0048828125,2180,0.0001808344315246599,32,0.0001808344315246599,0,0.0001808344315246599,0.0001808344315246599,0.0001808344315246599,55:0.0011685758416744019;55:0.0011685758416744019;75:0.0025489511027933787;75:0.0025489511027933787,55:68;55:68;75:68;75:68,55:0.0011431812603560354;55:0.0011431812603560354;75:0.0012323499791256909;75:0.0012323499791256909,0.006103515625,0.0048828125,Yes,ibm_kingston,2026-09-25 14:57:35+05:00
60,178.20651375640418,43.632616785858616,0.002685546875,,0.00390625,0.00146484375,2180,0.0004063576966417647,32,0.0004063576966417647,0,0.0004063576966417647,0.0004063576966417647,0.0004063576966417647,61:0.002122324619763749;61:0.002122324619763749,61:68;61:68,61:0.0019366691516295165;61:0.0019366691516295165,0.002685546875,0.00146484375,Yes,ibm_kingston,2026-09-25 14:57:35+05:00
61,178.5840112730131,47.807464603933965,0.0087890625,,0.01416015625,0.00341796875,2180,0.00022757471197217875,32,0.00022757471197217875,0,0.00022757471197217875,0.00022757471197217875,0.00022757471197217875,76:0.003561877849935058;76:0.003561877849935058;60:0.002122324619763749;60:0.002122324619763749;62:0.0016415047537496896;62:0.0016415047537496896,76:68;76:68;60:68;60:68;62:68;62:68,76:0.006166099764108285;76:0.006166099764108285;60:0.0019366691516295165;60:0.0019366691516295165;62:0.0013881622329725563;62:0.0013881622329725563,0.0087890625,0.00341796875,Yes,ibm_kingston,2026-09-25 14:57:35+05:00
62,278.9266746975397,156.18420488705473,0.010009765625,,0.00830078125,0.01171875,2180,0.0002004619931476338,32,0.0002004619931476338,0,0.0002004619931476338,0.0002004619931476338,0.0002004619931476338,61:0.0016415047537496896;61:0.0016415047537496896;63:0.0015580567282135749;63:0.0015580567282135749,61:68;61:68;63:68;63:68,61:0.0013881622329725563;61:0.0013881622329725563;63:0.0014692740802161874;63:0.0014692740802161874,0.010009765625,0.01171875,Yes,ibm_kingston,2026-09-25 14:57:35+05:00
63,194.9626741817227,69.75008890417088,0.013916015625,,0.02490234375,0.0029296875,2180,0.00021496088433117994,32,0.00021496088433117994,0,0.00021496088433117994,0.00021496088433117994,0.00021496088433117994,56:0.001366892034852324;56:0.001366892034852324;62:0.0015580567282135749;62:0.0015580567282135749;64:0.0017751895387488337;64:0.0017751895387488337,56:68;56:68;62:68;62:68;64:68;64:68,56:0.0015900773532668;56:0.0015900773532668;62:0.0014692740802161874;62:0.0014692740802161874;64:0.0020120488660017866;64:0.0020120488660017866,0.013916015625,0.0029296875,Yes,ibm_kingston,2026-09-25 14:57:35+05:00
64,186.7936447526165,140.8146997110278,0.007568359375,,0.0126953125,0.00244140625,2180,0.0004088004182662409,32,0.0004088004182662409,0,0.0004088004182662409,0.0004088004182662409,0.0004088004182662409,65:0.0025399303528202966;65:0.0025399303528202966;63:0.0017751895387488337;63:0.0017751895387488337,65:68;65:68;63:68;63:68,65:0.001929174995176447;65:0.001929174995176447;63:0.0020120488660017866;63:0.0020120488660017866,0.007568359375,0.00244140625,Yes,ibm_kingston,2026-09-25 14:57:35+05:00
65,305.17471059857536,228.3786075963606,0.013671875,,0.0146484375,0.0126953125,2180,0.0003963970643393344,32,0.0003963970643393344,0,0.0003963970643393344,0.0003963970643393344,0.0003963970643393344,64:0.0025399303528202966;64:0.0025399303528202966;66:0.0024516466018398575;66:0.0024516466018398575;77:0.005090081552248077;77:0.005090081552248077,64:68;64:68;66:68;66:68;77:68;77:68,64:0.001929174995176447;64:0.001929174995176447;66:0.0021126773808631816;66:0.0021126773808631816;77:0.003838855684335035;77:0.003838855684335035,0.013671875,0.0126953125,Yes,ibm_kingston,2026-09-25 14:57:35+05:00
66,129.99533894955175,167.20774700116297,0.00830078125,,0.01220703125,0.00439453125,2180,0.0004813904296786162,32,0.0004813904296786162,0,0.0004813904296786162,0.0004813904296786162,0.0004813904296786162,65:0.0024516466018398575;65:0.0024516466018398575;67:0.002167767333244419;67:0.002167767333244419,65:68;65:68;67:68;67:68,65:0.0021126773808631816;65:0.0021126773808631816;67:0.0019874743992745747;67:0.0019874743992745747,0.00830078125,0.00439453125,Yes,ibm_kingston,2026-09-25 14:57:35+05:00
67,160.41524523009616,186.4822955663022,0.017822265625,,0.015625,0.02001953125,2180,0.0003041672838974309,32,0.0003041672838974309,0,0.0003041672838974309,0.0003041672838974309,0.0003041672838974309,68:0.001973318481584857;68:0.001973318481584857;57:0.002756853657602726;57:0.002756853657602726;66:0.002167767333244419;66:0.002167767333244419,68:68;68:68;57:68;57:68;66:68;66:68,68:0.0013158675990742053;68:0.0013158675990742053;57:0.0019211633589631683;57:0.0019211633589631683;66:0.0019874743992745747;66:0.0019874743992745747,0.017822265625,0.02001953125,Yes,ibm_kingston,2026-09-25 14:57:35+05:00
68,197.3269511200507,137.02430467422678,0.01025390625,,0.01123046875,0.00927734375,2180,0.00020246875583259733,32,0.00020246875583259733,0,0.00020246875583259733,0.00020246875583259733,0.00020246875583259733,67:0.001973318481584857;67:0.001973318481584857;69:0.0016855743799298328;69:0.0016855743799298328,67:68;67:68;69:68;69:68,67:0.0013158675990742053;67:0.0013158675990742053;69:0.0015156923982125314;69:0.0015156923982125314,0.01025390625,0.00927734375,Yes,ibm_kingston,2026-09-25 14:57:35+05:00
69,210.6627532121213,249.09187620602674,0.016357421875,,0.0185546875,0.01416015625,2180,0.0001881018718621297,32,0.0001881018718621297,0,0.0001881018718621297,0.0001881018718621297,0.0001881018718621297,78:0.0036542257205708917;78:0.0036542257205708917;68:0.0016855743799298328;68:0.0016855743799298328;70:0.002632518856057059;70:0.002632518856057059,78:68;78:68;68:68;68:68;70:68;70:68,78:0.00180811979746745;78:0.00180811979746745;68:0.0015156923982125314;68:0.0015156923982125314;70:0.003960256779436677;70:0.003960256779436677,0.016357421875,0.01416015625,Yes,ibm_kingston,2026-09-25 14:57:35+05:00
70,198.7385972947176,167.41936667703246,0.018798828125,,0.02197265625,0.015625,2180,0.00012340692929004927,32,0.00012340692929004927,0,0.00012340692929004927,0.00012340692929004927,0.00012340692929004927,69:0.002632518856057059;69:0.002632518856057059;71:0.0014039601809285318;71:0.0014039601809285318,69:68;69:68;71:68;71:68,69:0.003960256779436677;69:0.003960256779436677;71:0.0023652907191743233;71:0.0023652907191743233,0.018798828125,0.015625,Yes,ibm_kingston,2026-09-25 14:57:35+05:00
71,219.6522214160701,97.83178722841643,0.005859375,,0.00732421875,0.00439453125,2180,0.00017293607608354994,32,0.00017293607608354994,0,0.00017293607608354994,0.00017293607608354994,0.00017293607608354994,72:0.0012385863823196341;72:0.0012385863823196341;58:0.0011743165610143824;58:0.0011743165610143824;70:0.0014039601809285318;70:0.0014039601809285318,72:68;72:68;58:68;58:68;70:68;70:68,72:0.0012177359504415841;72:0.0012177359504415841;58:0.001959052169815595;58:0.001959052169815595;70:0.0023652907191743233;70:0.0023652907191743233,0.005859375,0.00439453125,Yes,ibm_kingston,2026-09-25 14:57:35+05:00
72,229.1097442734329,131.75924501016624,0.047607421875,,0.052734375,0.04248046875,2180,0.00012677908486563748,32,0.00012677908486563748,0,0.00012677908486563748,0.00012677908486563748,0.00012677908486563748,73:0.018654994924451496;73:0.018654994924451496;71:0.0012385863823196341;71:0.0012385863823196341,73:68;73:68;71:68;71:68,73:0.03490198256979207;73:0.03490198256979207;71:0.0012177359504415841;71:0.0012177359504415841,0.047607421875,0.04248046875,Yes,ibm_kingston,2026-09-25 14:57:35+05:00
73,208.81869824563472,170.25943993153334,0.012939453125,,0.0166015625,0.00927734375,2180,0.0003765457624076032,32,0.0003765457624076032,0,0.0003765457624076032,0.0003765457624076032,0.0003765457624076032,72:0.018654994924451496;72:0.018654994924451496;74:0.0014094006862601927;74:0.0014094006862601927;79:0.001484275733244167;79:0.001484275733244167,72:68;72:68;74:68;74:68;79:68;79:68,72:0.03490198256979207;72:0.03490198256979207;74:0.002100496766998805;74:0.002100496766998805;79:0.0023580831832165083;79:0.0023580831832165083,0.012939453125,0.00927734375,Yes,ibm_kingston,2026-09-25 14:57:35+05:00
74,201.99235691609314,162.79995878856667,0.007568359375,,0.01025390625,0.0048828125,2180,0.00033382194751074704,32,0.00033382194751074704,0,0.00033382194751074704,0.00033382194751074704,0.00033382194751074704,73:0.0014094006862601927;73:0.0014094006862601927;75:0.0016026983104396597;75:0.0016026983104396597,73:68;73:68;75:68;75:68,73:0.002100496766998805;73:0.002100496766998805;75:0.0011943306041991286;75:0.0011943306041991286,0.007568359375,0.0048828125,Yes,ibm_kingston,2026-09-25 14:57:35+05:00
75,305.9365436184851,159.44866072219472,0.013427734375,,0.01708984375,0.009765625,2180,0.00014711387509966307,32,0.00014711387509966307,0,0.00014711387509966307,0.00014711387509966307,0.00014711387509966307,59:0.0025489511027933787;59:0.0025489511027933787;74:0.0016026983104396597;74:0.0016026983104396597,59:68;59:68;74:68;74:68,59:0.0012323499791256909;59:0.0012323499791256909;74:0.0011943306041991286;74:0.0011943306041991286,0.013427734375,0.009765625,Yes,ibm_kingston,2026-09-25 14:57:35+05:00
76,74.43686187407756,52.80953723671043,0.06103515625,,0.1015625,0.0205078125,2180,0.0027243603798916254,32,0.0027243603798916254,0,0.0027243603798916254,0.0027243603798916254,0.0027243603798916254,81:0.010023549569191853;81:0.010023549569191853;61:0.003561877849935058;61:0.003561877849935058,81:68;81:68;61:68;61:68,81:0.047703963374707586;81:0.047703963374707586;61:0.006166099764108285;61:0.006166099764108285,0.06103515625,0.0205078125,Yes,ibm_kingston,2026-09-25 14:57:35+05:00
77,108.8467290889504,110.39991838426045,0.002685546875,,0.00537109375,0,2180,0.00012538051182056203,32,0.00012538051182056203,0,0.00012538051182056203,0.00012538051182056203,0.00012538051182056203,85:0.004778705312178555;85:0.004778705312178555;65:0.005090081552248077;65:0.005090081552248077,85:68;85:68;65:68;65:68,85:0.004745221049793413;85:0.004745221049793413;65:0.003838855684335035;65:0.003838855684335035,0.002685546875,0,Yes,ibm_kingston,2026-09-25 14:57:35+05:00
78,163.54418248550434,33.53075178149044,0.027099609375,,0.03271484375,0.021484375,2180,0.00038691945208275697,32,0.00038691945208275697,0,0.00038691945208275697,0.00038691945208275697,0.00038691945208275697,69:0.0036542257205708917;69:0.0036542257205708917;89:0.002227825282868412;89:0.002227825282868412,69:68;69:68;89:68;89:68,69:0.00180811979746745;69:0.00180811979746745;89:0.0014896421670769766;89:0.0014896421670769766,0.027099609375,0.021484375,Yes,ibm_kingston,2026-09-25 14:57:35+05:00
79,205.26116995969386,85.50354923691224,0.008056640625,,0.009765625,0.00634765625,2180,0.00028079352527140845,32,0.00028079352527140845,0,0.00028079352527140845,0.00028079352527140845,0.00028079352527140845,93:0.0013504352049106272;93:0.0013504352049106272;73:0.001484275733244167;73:0.001484275733244167,93:68;93:68;73:68;73:68,93:0.0010415253521574852;93:0.0010415253521574852;73:0.0023580831832165083;73:0.0023580831832165083,0.008056640625,0.00634765625,Yes,ibm_kingston,2026-09-25 14:57:35+05:00
80,162.36923515633734,252.10351943583908,0.032958984375,,0.0361328125,0.02978515625,2180,0.0002805528271248982,32,0.0002805528271248982,0,0.0002805528271248982,0.0002805528271248982,0.0002805528271248982,81:0.0011319347609101416;81:0.0011319347609101416,81:68;81:68,81:0.001239777389601765;81:0.001239777389601765,0.032958984375,0.02978515625,Yes,ibm_kingston,2026-09-25 14:57:35+05:00
81,285.1589631748745,259.86139906081485,0.023193359375,,0.02099609375,0.025390625,2180,0.00031646549505034256,32,0.00031646549505034256,0,0.00031646549505034256,0.00031646549505034256,0.00031646549505034256,80:0.0011319347609101416;80:0.0011319347609101416;82:0.0010798088554060947;82:0.0010798088554060947;76:0.010023549569191853;76:0.010023549569191853,80:68;80:68;82:68;82:68;76:68;76:68,80:0.001239777389601765;80:0.001239777389601765;82:0.001144103344776437;82:0.001144103344776437;76:0.047703963374707586;76:0.047703963374707586,0.023193359375,0.025390625,Yes,ibm_kingston,2026-09-25 14:57:35+05:00
82,123.50833665984858,186.43618027122733,0.0068359375,,0.00830078125,0.00537109375,2180,0.0001262042981317091,32,0.0001262042981317091,0,0.0001262042981317091,0.0001262042981317091,0.0001262042981317091,81:0.0010798088554060947;81:0.0010798088554060947;83:0.0011038897861997687;83:0.0011038897861997687,81:68;81:68;83:68;83:68,81:0.001144103344776437;81:0.001144103344776437;83:0.000993869023991678;83:0.000993869023991678,0.0068359375,0.00537109375,Yes,ibm_kingston,2026-09-25 14:57:35+05:00
83,217.31392105875776,211.76528442768327,0.018798828125,,0.02099609375,0.0166015625,2180,0.0002548026607789683,32,0.0002548026607789683,0,0.0002548026607789683,0.0002548026607789683,0.0002548026607789683,96:0.0013769410708087682;96:0.0013769410708087682;82:0.0011038897861997687;82:0.0011038897861997687;84:0.0021295095049113366;84:0.0021295095049113366,96:68;96:68;82:68;82:68;84:68;84:68,96:0.0014890026714487747;96:0.0014890026714487747;82:0.000993869023991678;82:0.000993869023991678;84:0.0027228587092688883;84:0.0027228587092688883,0.018798828125,0.0166015625,Yes,ibm_kingston,2026-09-25 14:57:35+05:00
84,92.81094430204276,33.83918461735486,0.005126953125,,0.009765625,0.00048828125,2180,0.0005538039696103125,32,0.0005538039696103125,0,0.0005538039696103125,0.0005538039696103125,0.0005538039696103125,83:0.0021295095049113366;83:0.0021295095049113366;85:0.03138313379037344;85:0.03138313379037344,83:68;83:68;85:68;85:68,83:0.0027228587092688883;83:0.0027228587092688883;85:0.030887592742886383;85:0.030887592742886383,0.005126953125,0.00048828125,Yes,ibm_kingston,2026-09-25 14:57:35+05:00
85,224.13602251621927,125.0446300506438,0.009521484375,,0.01123046875,0.0078125,2180,0.0005362245143602822,32,0.0005362245143602822,0,0.0005362245143602822,0.0005362245143602822,0.0005362245143602822,77:0.004778705312178555;77:0.004778705312178555;86:0.041060884916877816;86:0.041060884916877816;84:0.03138313379037344;84:0.03138313379037344,77:68;77:68;86:68;86:68;84:68;84:68,77:0.004745221049793413;77:0.004745221049793413;86:0.02085060644184694;86:0.02085060644184694;84:0.030887592742886383;84:0.030887592742886383,0.009521484375,0.0078125,Yes,ibm_kingston,2026-09-25 14:57:35+05:00
86,127.47895107822615,20.592290584307104,0.021728515625,,0.01806640625,0.025390625,2180,0.00035765703730836754,32,0.00035765703730836754,0,0.00035765703730836754,0.00035765703730836754,0.00035765703730836754,85:0.041060884916877816;85:0.041060884916877816;87:0.05568665509203019;87:0.05568665509203019,85:68;85:68;87:68;87:68,85:0.02085060644184694;85:0.02085060644184694;87:0.022752618645690448;87:0.022752618645690448,0.021728515625,0.025390625,Yes,ibm_kingston,2026-09-25 14:57:35+05:00
87,91.22447646657348,50.25908511255039,0.0078125,,0.01513671875,0.00048828125,2180,0.0003253100035195505,32,0.0003253100035195505,0,0.0003253100035195505,0.0003253100035195505,0.0003253100035195505,86:0.05568665509203019;86:0.05568665509203019;88:0.002667799962261269;88:0.002667799962261269;97:0.001954441206836993;97:0.001954441206836993,86:68;86:68;88:68;88:68;97:68;97:68,86:0.022752618645690448;86:0.022752618645690448;88:0.0031732287672013026;88:0.0031732287672013026;97:0.0020753961938042853;97:0.0020753961938042853,0.0078125,0.00048828125,Yes,ibm_kingston,2026-09-25 14:57:35+05:00
88,174.94780172576975,19.07132728760448,0.004638671875,,0.00830078125,0.0009765625,2180,0.000482082221198598,32,0.000482082221198598,0,0.000482082221198598,0.000482082221198598,0.000482082221198598,87:0.002667799962261269;87:0.002667799962261269;89:0.0021085579488677453;89:0.0021085579488677453,87:68;87:68;89:68;89:68,87:0.0031732287672013026;87:0.0031732287672013026;89:0.001511353274126076;89:0.001511353274126076,0.004638671875,0.0009765625,Yes,ibm_kingston,2026-09-25 14:57:35+05:00
89,322.31193069304413,199.0192581157731,0.01123046875,,0.02197265625,0.00048828125,2180,0.00031145343995533025,32,0.00031145343995533025,0,0.00031145343995533025,0.00031145343995533025,0.00031145343995533025,90:0.001145510464511168;90:0.001145510464511168;88:0.0021085579488677453;88:0.0021085579488677453;78:0.002227825282868412;78:0.002227825282868412,90:68;90:68;88:68;88:68;78:68;78:68,90:0.001399473353498687;90:0.001399473353498687;88:0.001511353274126076;88:0.001511353274126076;78:0.0014896421670769766;78:0.0014896421670769766,0.01123046875,0.00048828125,Yes,ibm_kingston,2026-09-25 14:57:35+05:00
90,222.31072701870616,189.18246677694538,0.005859375,,0.01025390625,0.00146484375,2180,0.0001841720769576868,32,0.0001841720769576868,0,0.0001841720769576868,0.0001841720769576868,0.0001841720769576868,89:0.001145510464511168;89:0.001145510464511168;91:0.0018367345553223224;91:0.0018367345553223224,89:68;89:68;91:68;91:68,89:0.001399473353498687;89:0.001399473353498687;91:0.002338309748820655;91:0.002338309748820655,0.005859375,0.00146484375,Yes,ibm_kingston,2026-09-25 14:57:35+05:00
91,276.33359190171365,108.55443040383304,0.00439453125,,0.0087890625,0,2180,0.00038929994979811317,32,0.00038929994979811317,0,0.00038929994979811317,0.00038929994979811317,0.00038929994979811317,98:0.0026724565753147578;98:0.0026724565753147578;90:0.0018367345553223224;90:0.0018367345553223224;92:0.0017819075591737066;92:0.0017819075591737066,98:68;98:68;90:68;90:68;92:68;92:68,98:0.0013043642966449331;98:0.0013043642966449331;90:0.002338309748820655;90:0.002338309748820655;92:0.002261191814937974;92:0.002261191814937974,0.00439453125,0,Yes,ibm_kingston,2026-09-25 14:57:35+05:00
92,359.26008558618344,367.0527173327602,0.03515625,,0.0263671875,0.0439453125,2180,0.00018944052713459883,32,0.00018944052713459883,0,0.00018944052713459883,0.00018944052713459883,0.00018944052713459883,91:0.0017819075591737066;91:0.0017819075591737066;93:0.0015714834079538498;93:0.0015714834079538498,91:68;91:68;93:68;93:68,91:0.002261191814937974;91:0.002261191814937974;93:0.002843309998543292;93:0.002843309998543292,0.03515625,0.0439453125,Yes,ibm_kingston,2026-09-25 14:57:35+05:00
93,240.19038457845178,112.72364760828626,0.005126953125,,0.00537109375,0.0048828125,2180,0.0002846335829568264,32,0.0002846335829568264,0,0.0002846335829568264,0.0002846335829568264,0.0002846335829568264,94:0.0015464193395513526;94:0.0015464193395513526;79:0.0013504352049106272;79:0.0013504352049106272;92:0.0015714834079538498;92:0.0015714834079538498,94:68;94:68;79:68;79:68;92:68;92:68,94:0.001094086810601247;94:0.001094086810601247;79:0.0010415253521574852;79:0.0010415253521574852;92:0.002843309998543292;92:0.002843309998543292,0.005126953125,0.0048828125,Yes,ibm_kingston,2026-09-25 14:57:35+05:00
94,286.66388909571253,222.42056439978273,0.009521484375,,0.01171875,0.00732421875,2180,0.0002508177501503682,32,0.0002508177501503682,0,0.0002508177501503682,0.0002508177501503682,0.0002508177501503682,93:0.0015464193395513526;93:0.0015464193395513526;95:0.002186535388443711;95:0.002186535388443711,93:68;93:68;95:68;95:68,93:0.001094086810601247;93:0.001094086810601247;95:0.0010894049025401698;95:0.0010894049025401698,0.009521484375,0.00732421875,Yes,ibm_kingston,2026-09-25 14:57:35+05:00
95,262.6401260628274,260.9362480743509,0.113037109375,,0.07177734375,0.154296875,2180,0.0003768560871726467,32,0.0003768560871726467,0,0.0003768560871726467,0.0003768560871726467,0.0003768560871726467,99:0.002930121253883977;99:0.002930121253883977;94:0.002186535388443711;94:0.002186535388443711,99:68;99:68;94:68;94:68,99:0.0021483895668779895;99:0.0021483895668779895;94:0.0010894049025401698;94:0.0010894049025401698,0.113037109375,0.154296875,Yes,ibm_kingston,2026-09-25 14:57:35+05:00
96,124.72702404867972,112.68427538403758,0.012939453125,,0.01123046875,0.0146484375,2180,0.00014739011820357766,32,0.00014739011820357766,0,0.00014739011820357766,0.00014739011820357766,0.00014739011820357766,83:0.0013769410708087682;83:0.0013769410708087682;103:0.0011290836674205107;103:0.0011290836674205107,83:68;83:68;103:68;103:68,83:0.0014890026714487747;83:0.0014890026714487747;103:0.0013517281679830684;103:0.0013517281679830684,0.012939453125,0.0146484375,Yes,ibm_kingston,2026-09-25 14:57:35+05:00
97,196.11883361265112,84.06765186771003,0.007568359375,,0.01123046875,0.00390625,2180,0.00034107630045379053,32,0.00034107630045379053,0,0.00034107630045379053,0.00034107630045379053,0.00034107630045379053,87:0.001954441206836993;87:0.001954441206836993;107:0.0017198954032062175;107:0.0017198954032062175,87:68;87:68;107:68;107:68,87:0.0020753961938042853;87:0.0020753961938042853;107:0.0025230253803948943;107:0.0025230253803948943,0.007568359375,0.00390625,Yes,ibm_kingston,2026-09-25 14:57:35+05:00
98,173.8708106088566,62.891663299948014,0.008544921875,,0.013671875,0.00341796875,2180,0.00031494141793471316,32,0.00031494141793471316,0,0.00031494141793471316,0.00031494141793471316,0.00031494141793471316,91:0.0026724565753147578;91:0.0026724565753147578;111:0.0025870845926995734;111:0.0025870845926995734,91:68;91:68;111:68;111:68,91:0.0013043642966449331;91:0.0013043642966449331;111:0.001417526289825527;111:0.001417526289825527,0.008544921875,0.00341796875,Yes,ibm_kingston,2026-09-25 14:57:35+05:00
99,42.11282488211845,49.372179248954616,0.021240234375,,0.03173828125,0.0107421875,2180,0.00023786197554008073,32,0.00023786197554008073,0,0.00023786197554008073,0.00023786197554008073,0.00023786197554008073,115:0.004742828456404502;115:0.004742828456404502;95:0.002930121253883977;95:0.002930121253883977,115:68;115:68;95:68;95:68,115:0.0036232128799998653;115:0.0036232128799998653;95:0.0021483895668779895;95:0.0021483895668779895,0.021240234375,0.0107421875,Yes,ibm_kingston,2026-09-25 14:57:35+05:00
100,146.52492500808683,181.73797045684788,0.013916015625,,0.01416015625,0.013671875,2180,0.0004556047034294442,32,0.0004556047034294442,0,0.0004556047034294442,0.0004556047034294442,0.0004556047034294442,101:0.001454339878303318;101:0.001454339878303318,101:68;101:68,101:0.0019767754230909096;101:0.0019767754230909096,0.013916015625,0.013671875,Yes,ibm_kingston,2026-09-25 14:57:35+05:00
101,350.59737431042805,235.7720906745706,0.02001953125,,0.02099609375,0.01904296875,2180,0.00011579069636321559,32,0.00011579069636321559,0,0.00011579069636321559,0.00011579069636321559,0.00011579069636321559,100:0.001454339878303318;100:0.001454339878303318;116:0.0011451473804542645;116:0.0011451473804542645;102:0.0010453904531627367;102:0.0010453904531627367,100:68;100:68;116:68;116:68;102:68;102:68,100:0.0019767754230909096;100:0.0019767754230909096;116:0.001599289188206815;116:0.001599289188206815;102:0.0023451947946791785;102:0.0023451947946791785,0.02001953125,0.01904296875,Yes,ibm_kingston,2026-09-25 14:57:35+05:00
102,237.74706550133797,187.58377402626766,0.011962890625,,0.01611328125,0.0078125,2180,0.0002137879671138734,32,0.0002137879671138734,0,0.0002137879671138734,0.0002137879671138734,0.0002137879671138734,101:0.0010453904531627367;101:0.0010453904531627367;103:0.010250887049983004;103:0.010250887049983004,101:68;101:68;103:68;103:68,101:0.0023451947946791785;101:0.0023451947946791785;103:0.005385004364186485;103:0.005385004364186485,0.011962890625,0.0078125,Yes,ibm_kingston,2026-09-25 14:57:35+05:00
103,179.96030202963854,105.51665978045298,0.00830078125,,0.01123046875,0.00537109375,2180,0.00016293269522709198,32,0.00016293269522709198,0,0.00016293269522709198,0.00016293269522709198,0.00016293269522709198,104:0.0027256109664971773;104:0.0027256109664971773;96:0.0011290836674205107;96:0.0011290836674205107;102:0.010250887049983004;102:0.010250887049983004,104:68;104:68;96:68;96:68;102:68;102:68,104:0.0010839634391292263;104:0.0010839634391292263;96:0.0013517281679830684;96:0.0013517281679830684;102:0.005385004364186485;102:0.005385004364186485,0.00830078125,0.00537109375,Yes,ibm_kingston,2026-09-25 14:57:35+05:00
104,137.65472192147942,202.96381976433662,0.019287109375,,0.03076171875,0.0078125,2180,0.0006778559955762235,32,0.0006778559955762235,0,0.0006778559955762235,0.0006778559955762235,0.0006778559955762235,103:0.0027256109664971773;103:0.0027256109664971773;105:0.0019568758789739737;105:0.0019568758789739737,103:68;103:68;105:68;105:68,103:0.0010839634391292263;103:0.0010839634391292263;105:0.0013115215227338939;105:0.0013115215227338939,0.019287109375,0.0078125,Yes,ibm_kingston,2026-09-25 14:57:35+05:00
105,198.59843585968744,204.17649313655033,0.00390625,,0.00732421875,0.00048828125,2180,0.0003447584958902482,32,0.0003447584958902482,0,0.0003447584958902482,0.0003447584958902482,0.0003447584958902482,104:0.0019568758789739737;104:0.0019568758789739737;106:0.001519856660722435;106:0.001519856660722435;117:0.001125281525696381;117:0.001125281525696381,104:68;104:68;106:68;106:68;117:68;117:68,104:0.0013115215227338939;104:0.0013115215227338939;106:0.001285835161497717;106:0.001285835161497717;117:0.001005152018103861;117:0.001005152018103861,0.00390625,0.00048828125,Yes,ibm_kingston,2026-09-25 14:57:35+05:00
106,94.19216852811965,108.57364352690205,0.007568359375,,0.00830078125,0.0068359375,2180,0.00031095848863274745,32,0.00031095848863274745,0,0.00031095848863274745,0.00031095848863274745,0.00031095848863274745,107:0.0013373865886938396;107:0.0013373865886938396;105:0.001519856660722435;105:0.001519856660722435,107:68;107:68;105:68;105:68,107:0.0027461973607229018;107:0.0027461973607229018;105:0.001285835161497717;105:0.001285835161497717,0.007568359375,0.0068359375,Yes,ibm_kingston,2026-09-25 14:57:35+05:00
107,253.73815091349041,267.30641481696046,0.012451171875,,0.0224609375,0.00244140625,2180,0.00021739064773295357,32,0.00021739064773295357,0,0.00021739064773295357,0.00021739064773295357,0.00021739064773295357,106:0.0013373865886938396;106:0.0013373865886938396;108:0.0018219988746604743;108:0.0018219988746604743;97:0.0017198954032062175;97:0.0017198954032062175,106:68;106:68;108:68;108:68;97:68;97:68,106:0.0027461973607229018;106:0.0027461973607229018;108:0.002408345876026341;108:0.002408345876026341;97:0.0025230253803948943;97:0.0025230253803948943,0.012451171875,0.00244140625,Yes,ibm_kingston,2026-09-25 14:57:35+05:00
108,177.60759777388432,154.36509912951442,0.006591796875,,0.01220703125,0.0009765625,2180,0.0005480539626902844,32,0.0005480539626902844,0,0.0005480539626902844,0.0005480539626902844,0.0005480539626902844,107:0.0018219988746604743;107:0.0018219988746604743;109:0.001670827667539787;109:0.001670827667539787,107:68;107:68;109:68;109:68,107:0.002408345876026341;107:0.002408345876026341;109:0.0013168313924991903;109:0.0013168313924991903,0.006591796875,0.0009765625,Yes,ibm_kingston,2026-09-25 14:57:35+05:00
109,169.93289507836346,171.36006254425394,0.01318359375,,0.0244140625,0.001953125,2180,0.00023356953504440536,32,0.00023356953504440536,0,0.00023356953504440536,0.00023356953504440536,0.00023356953504440536,108:0.001670827667539787;108:0.001670827667539787;110:0.0019175374862072103;110:0.0019175374862072103;118:0.0026853179713861586;118:0.0026853179713861586,108:68;108:68;110:68;110:68;118:68;118:68,108:0.0013168313924991903;108:0.0013168313924991903;110:0.0012516699733566283;110:0.0012516699733566283;118:0.0023741689384216003;118:0.0023741689384216003,0.01318359375,0.001953125,Yes,ibm_kingston,2026-09-25 14:57:35+05:00
110,164.48661823177295,108.29661482010289,0.00341796875,,0.005859375,0.0009765625,2180,0.0003480078323197801,32,0.0003480078323197801,0,0.0003480078323197801,0.0003480078323197801,0.0003480078323197801,109:0.0019175374862072103;109:0.0019175374862072103;111:0.0052377515614288606;111:0.0052377515614288606,109:68;109:68;111:68;111:68,109:0.0012516699733566283;109:0.0012516699733566283;111:0.0014027474225498104;111:0.0014027474225498104,0.00341796875,0.0009765625,Yes,ibm_kingston,2026-09-25 14:57:35+05:00
111,224.81815677515598,175.01082208111,0.010498046875,,0.01220703125,0.0087890625,2180,0.00017775557561836052,32,0.00017775557561836052,0,0.00017775557561836052,0.00017775557561836052,0.00017775557561836052,112:0.1759938398063207;112:0.1759938398063207;110:0.0052377515614288606;110:0.0052377515614288606;98:0.0025870845926995734;98:0.0025870845926995734,112:68;112:68;110:68;110:68;98:68;98:68,112:1;112:1;110:0.0014027474225498104;110:0.0014027474225498104;98:0.001417526289825527;98:0.001417526289825527,0.010498046875,0.0087890625,Yes,ibm_kingston,2026-09-25 14:57:35+05:00
112,167.65333426427654,177.1059680295982,0.0400390625,,0.05859375,0.021484375,2180,0.013926879349709419,32,0.013926879349709419,0,0.013926879349709419,0.013926879349709419,0.013926879349709419,111:0.1759938398063207;111:0.1759938398063207;113:1;113:1,111:68;111:68;113:68;113:68,111:1;111:1;113:1;113:1,0.0400390625,0.021484375,Yes,ibm_kingston,2026-09-25 14:57:35+05:00
113,157.06923716076514,82.83628737592521,0.15869140625,,0.21630859375,0.10107421875,2180,1,32,1,0,1,1,1,119:0.0037078559166310587;119:0.0037078559166310587;112:1;112:1;114:0.0023661233360660894;114:0.0023661233360660894,119:68;119:68;112:68;112:68;114:68;114:68,119:0.00346026424370377;119:0.00346026424370377;112:1;112:1;114:0.007449515909658949;114:0.007449515909658949,0.15869140625,0.10107421875,Yes,ibm_kingston,2026-09-25 14:57:35+05:00
114,150.53631338945746,47.91127750630737,0.016357421875,,0.01513671875,0.017578125,2180,0.0001800153854341049,32,0.0001800153854341049,0,0.0001800153854341049,0.0001800153854341049,0.0001800153854341049,115:0.004907572119703801;115:0.004907572119703801;113:0.0023661233360660894;113:0.0023661233360660894,115:68;115:68;113:68;113:68,115:0.004049030439960716;115:0.004049030439960716;113:0.007449515909658949;113:0.007449515909658949,0.016357421875,0.017578125,Yes,ibm_kingston,2026-09-25 14:57:35+05:00
115,301.64976057429624,17.040727018872598,0.02197265625,,0.0185546875,0.025390625,2180,0.00020059463930103744,32,0.00020059463930103744,0,0.00020059463930103744,0.00020059463930103744,0.00020059463930103744,99:0.004742828456404502;99:0.004742828456404502;114:0.004907572119703801;114:0.004907572119703801,99:68;99:68;114:68;114:68,99:0.0036232128799998653;99:0.0036232128799998653;114:0.004049030439960716;114:0.004049030439960716,0.02197265625,0.025390625,Yes,ibm_kingston,2026-09-25 14:57:35+05:00
116,151.0679183002918,172.31955467819827,0.034912109375,,0.0341796875,0.03564453125,2180,0.0002522556632163705,32,0.0002522556632163705,0,0.0002522556632163705,0.0002522556632163705,0.0002522556632163705,101:0.0011451473804542645;101:0.0011451473804542645;121:0.07102312477713951;121:0.07102312477713951,101:68;101:68;121:68;121:68,101:0.001599289188206815;101:0.001599289188206815;121:0.07235876605078154;121:0.07235876605078154,0.034912109375,0.03564453125,Yes,ibm_kingston,2026-09-25 14:57:35+05:00
117,236.4115388292859,175.11889143450801,0.00439453125,,0.0078125,0.0009765625,2180,0.0001485430342120595,32,0.0001485430342120595,0,0.0001485430342120595,0.0001485430342120595,0.0001485430342120595,105:0.001125281525696381;105:0.001125281525696381;125:0.0012222814119276226;125:0.0012222814119276226,105:68;105:68;125:68;125:68,105:0.001005152018103861;105:0.001005152018103861;125:0.001993947336884322;125:0.001993947336884322,0.00439453125,0.0009765625,Yes,ibm_kingston,2026-09-25 14:57:35+05:00
118,48.71205571577712,41.79037640280808,0.002197265625,,0.00244140625,0.001953125,2180,0.0003314901351227242,32,0.0003314901351227242,0,0.0003314901351227242,0.0003314901351227242,0.0003314901351227242,109:0.0026853179713861586;109:0.0026853179713861586;129:0.0020917466450097455;129:0.0020917466450097455,109:68;109:68;129:68;129:68,109:0.0023741689384216003;109:0.0023741689384216003;129:0.0019124848887936696;129:0.0019124848887936696,0.002197265625,0.001953125,Yes,ibm_kingston,2026-09-25 14:57:35+05:00
119,193.05974789726844,180.82599139798876,0.0166015625,,0.02197265625,0.01123046875,2180,0.0007704646845393326,32,0.0007704646845393326,0,0.0007704646845393326,0.0007704646845393326,0.0007704646845393326,113:0.0037078559166310587;113:0.0037078559166310587;133:0.03203403960755197;133:0.03203403960755197,113:68;113:68;133:68;133:68,113:0.00346026424370377;113:0.00346026424370377;133:0.040982856761317354;133:0.040982856761317354,0.0166015625,0.01123046875,Yes,ibm_kingston,2026-09-25 14:57:35+05:00
120,137.50715021593007,123.49870130386037,0.0234375,,0.03955078125,0.00732421875,2180,0.0016546559960992878,32,0.0016546559960992878,0,0.0016546559960992878,0.0016546559960992878,0.0016546559960992878,121:0.18021993824425456;121:0.18021993824425456,121:68;121:68,121:0.13431193472717073;121:0.13431193472717073,0.0234375,0.00732421875,Yes,ibm_kingston,2026-09-25 14:57:35+05:00
121,8.897378048863132,25.636631187774977,0.34033203125,,0.2978515625,0.3828125,2180,1,32,1,0,1,1,1,120:0.18021993824425456;120:0.18021993824425456;122:0.04914454984337499;122:0.04914454984337499;116:0.07102312477713951;116:0.07102312477713951,120:68;120:68;122:68;122:68;116:68;116:68,120:0.13431193472717073;120:0.13431193472717073;122:0.06791796034125167;122:0.06791796034125167;116:0.07235876605078154;116:0.07235876605078154,0.34033203125,0.3828125,Yes,ibm_kingston,2026-09-25 14:57:35+05:00
122,133.86477529464534,104.43056645549756,0.011474609375,,0.01123046875,0.01171875,2180,0.00017273200608045443,32,0.00017273200608045443,0,0.00017273200608045443,0.00017273200608045443,0.00017273200608045443,121:0.04914454984337499;121:0.04914454984337499;123:0.0011034943301009015;123:0.0011034943301009015,121:68;121:68;123:68;123:68,121:0.06791796034125167;121:0.06791796034125167;123:0.0014847460400738977;123:0.0014847460400738977,0.011474609375,0.01171875,Yes,ibm_kingston,2026-09-25 14:57:35+05:00
123,240.03920308244858,24.725298131505195,0.007568359375,,0.009765625,0.00537109375,2180,0.000262904515565768,32,0.000262904515565768,0,0.000262904515565768,0.000262904515565768,0.000262904515565768,136:0.0015788943431038205;136:0.0015788943431038205;124:0.001451363886071838;124:0.001451363886071838;122:0.0011034943301009015;122:0.0011034943301009015,136:68;136:68;124:68;124:68;122:68;122:68,136:0.0011824506210641461;136:0.0011824506210641461;124:0.001734277536448059;124:0.001734277536448059;122:0.0014847460400738977;122:0.0014847460400738977,0.007568359375,0.00537109375,Yes,ibm_kingston,2026-09-25 14:57:35+05:00
124,242.66378060453133,148.96983111457263,0.0146484375,,0.02490234375,0.00439453125,2180,0.000323244243755721,32,0.000323244243755721,0,0.000323244243755721,0.000323244243755721,0.000323244243755721,123:0.001451363886071838;123:0.001451363886071838;125:0.0015711376357226692;125:0.0015711376357226692,123:68;123:68;125:68;125:68,123:0.001734277536448059;123:0.001734277536448059;125:0.0025086749298383615;125:0.0025086749298383615,0.0146484375,0.00439453125,Yes,ibm_kingston,2026-09-25 14:57:35+05:00
125,331.12606651354395,405.9770680729806,0.07177734375,,0.1396484375,0.00390625,2180,0.00044287520247445475,32,0.00044287520247445475,0,0.00044287520247445475,0.00044287520247445475,0.00044287520247445475,117:0.0012222814119276226;117:0.0012222814119276226;124:0.0015711376357226692;124:0.0015711376357226692;126:0.001267409249280621;126:0.001267409249280621,117:68;117:68;124:68;124:68;126:68;126:68,117:0.001993947336884322;117:0.001993947336884322;124:0.0025086749298383615;124:0.0025086749298383615;126:0.001276917979264769;126:0.001276917979264769,0.07177734375,0.00390625,Yes,ibm_kingston,2026-09-25 14:57:35+05:00
126,150.1683637814652,189.91629269863435,0.0087890625,,0.009765625,0.0078125,2180,0.0005026975957550349,32,0.0005026975957550349,0,0.0005026975957550349,0.0005026975957550349,0.0005026975957550349,127:0.0013004394257037644;127:0.0013004394257037644;125:0.001267409249280621;125:0.001267409249280621,127:68;127:68;125:68;125:68,127:0.0013393642621644941;127:0.0013393642621644941;125:0.001276917979264769;125:0.001276917979264769,0.0087890625,0.0078125,Yes,ibm_kingston,2026-09-25 14:57:35+05:00
127,273.4243113145462,289.087197813833,0.05419921875,,0.044921875,0.0634765625,2180,0.00038690360421909345,32,0.00038690360421909345,0,0.00038690360421909345,0.00038690360421909345,0.00038690360421909345,126:0.0013004394257037644;126:0.0013004394257037644;128:0.0027820157902820053;128:0.0027820157902820053;137:0.0015641629491050801;137:0.0015641629491050801,126:68;126:68;128:68;128:68;137:68;137:68,126:0.0013393642621644941;126:0.0013393642621644941;128:0.0020369032366206463;128:0.0020369032366206463;137:0.0011526727992478836;137:0.0011526727992478836,0.05419921875,0.0634765625,Yes,ibm_kingston,2026-09-25 14:57:35+05:00
128,179.24617753298594,57.91829605277834,0.00732421875,,0.01123046875,0.00341796875,2180,0.00020100166187554127,32,0.00020100166187554127,0,0.00020100166187554127,0.00020100166187554127,0.00020100166187554127,127:0.0027820157902820053;127:0.0027820157902820053;129:0.0017253093328495617;129:0.0017253093328495617,127:68;127:68;129:68;129:68,127:0.0020369032366206463;127:0.0020369032366206463;129:0.0026569149750959864;129:0.0026569149750959864,0.00732421875,0.00341796875,Yes,ibm_kingston,2026-09-25 14:57:35+05:00
129,183.7077415583282,123.4834929881909,0.03369140625,,0.02197265625,0.04541015625,2180,0.00023763631441266322,32,0.00023763631441266322,0,0.00023763631441266322,0.00023763631441266322,0.00023763631441266322,130:0.005375845068716578;130:0.005375845068716578;128:0.0017253093328495617;128:0.0017253093328495617;118:0.0020917466450097455;118:0.0020917466450097455,130:68;130:68;128:68;128:68;118:68;118:68,130:0.004768773032553381;130:0.004768773032553381;128:0.0026569149750959864;128:0.0026569149750959864;118:0.0019124848887936696;118:0.0019124848887936696,0.03369140625,0.04541015625,Yes,ibm_kingston,2026-09-25 14:57:35+05:00
130,166.67995697584792,144.03448664694568,0.02294921875,,0.03759765625,0.00830078125,2180,0.00030578401481053965,32,0.00030578401481053965,0,0.00030578401481053965,0.00030578401481053965,0.00030578401481053965,129:0.005375845068716578;129:0.005375845068716578;131:1;131:1,129:68;129:68;131:68;131:68,129:0.004768773032553381;129:0.004768773032553381;131:1;131:1,0.02294921875,0.00830078125,Yes,ibm_kingston,2026-09-25 14:57:35+05:00
131,60.33608703062646,46.19615968610437,0.111083984375,,0.2216796875,0.00048828125,2180,0.008988141136989114,32,0.008988141136989114,0,0.008988141136989114,0.008988141136989114,0.008988141136989114,138:0.02172891203696864;138:0.02172891203696864;130:1;130:1;132:0.025389081320787266;132:0.025389081320787266,138:68;138:68;130:68;130:68;132:68;132:68,138:0.027863253907534496;138:0.027863253907534496;130:1;130:1;132:0.015237204818961875;132:0.015237204818961875,0.111083984375,0.00048828125,Yes,ibm_kingston,2026-09-25 14:57:35+05:00
132,247.9039708867533,266.2267098591316,0.010498046875,,0.017578125,0.00341796875,2180,0.00019711285625142325,32,0.00019711285625142325,0,0.00019711285625142325,0.00019711285625142325,0.00019711285625142325,133:0.0030080783136741673;133:0.0030080783136741673;131:0.025389081320787266;131:0.025389081320787266,133:68;133:68;131:68;131:68,133:0.0018301960207883494;133:0.0018301960207883494;131:0.015237204818961875;131:0.015237204818961875,0.010498046875,0.00341796875,Yes,ibm_kingston,2026-09-25 14:57:35+05:00
133,209.0970299708067,135.69835732297878,0.00390625,,0.00537109375,0.00244140625,2180,0.0003401515453252049,32,0.0003401515453252049,0,0.0003401515453252049,0.0003401515453252049,0.0003401515453252049,132:0.0030080783136741673;132:0.0030080783136741673;134:0.002215491427750682;134:0.002215491427750682;119:0.03203403960755197;119:0.03203403960755197,132:68;132:68;134:68;134:68;119:68;119:68,132:0.0018301960207883494;132:0.0018301960207883494;134:0.0015262243105813311;134:0.0015262243105813311;119:0.040982856761317354;119:0.040982856761317354,0.00390625,0.00244140625,Yes,ibm_kingston,2026-09-25 14:57:35+05:00
134,247.46088566654484,138.45306277219441,0.003662109375,,0.00537109375,0.001953125,2180,0.00019841107207135188,32,0.00019841107207135188,0,0.00019841107207135188,0.00019841107207135188,0.00019841107207135188,133:0.002215491427750682;133:0.002215491427750682;135:0.002217284174779177;135:0.002217284174779177,133:68;133:68;135:68;135:68,133:0.0015262243105813311;133:0.0015262243105813311;135:0.002217698726964923;135:0.002217698726964923,0.003662109375,0.001953125,Yes,ibm_kingston,2026-09-25 14:57:35+05:00
135,76.64356028129589,81.54538653836565,0.0185546875,,0.02685546875,0.01025390625,2180,0.0005716096297866763,32,0.0005716096297866763,0,0.0005716096297866763,0.0005716096297866763,0.0005716096297866763,134:0.002217284174779177;134:0.002217284174779177;139:0.0020736106133690257;139:0.0020736106133690257,134:68;134:68;139:68;139:68,134:0.002217698726964923;134:0.002217698726964923;139:0.0021209565048930235;139:0.0021209565048930235,0.0185546875,0.01025390625,Yes,ibm_kingston,2026-09-25 14:57:35+05:00
136,206.04405918708923,308.38882649332646,0.005126953125,,0.00830078125,0.001953125,2180,0.0003233153014879442,32,0.0003233153014879442,0,0.0003233153014879442,0.0003233153014879442,0.0003233153014879442,123:0.0015788943431038205;123:0.0015788943431038205;143:0.0018597520153425529;143:0.0018597520153425529,123:68;123:68;143:68;143:68,123:0.0011824506210641461;123:0.0011824506210641461;143:0.0024611832652341736;143:0.0024611832652341736,0.005126953125,0.001953125,Yes,ibm_kingston,2026-09-25 14:57:35+05:00
137,73.18885555042101,20.798574531948734,0.00927734375,,0.01416015625,0.00439453125,2180,0.0003061166369320052,32,0.0003061166369320052,0,0.0003061166369320052,0.0003061166369320052,0.0003061166369320052,147:0.0030028142644735467;147:0.0030028142644735467;127:0.0015641629491050801;127:0.0015641629491050801,147:68;147:68;127:68;127:68,147:0.0023798369286150423;147:0.0023798369286150423;127:0.0011526727992478836;127:0.0011526727992478836,0.00927734375,0.00439453125,Yes,ibm_kingston,2026-09-25 14:57:35+05:00
138,288.95762654209426,92.30091145784539,0.007568359375,,0.0078125,0.00732421875,2180,0.00015252325816564983,32,0.00015252325816564983,0,0.00015252325816564983,0.00015252325816564983,0.00015252325816564983,151:0.0014398495363554809;151:0.0014398495363554809;131:0.02172891203696864;131:0.02172891203696864,151:80;151:80;131:68;131:68,151:0.0014264217862403339;151:0.0014264217862403339;131:0.027863253907534496;131:0.027863253907534496,0.007568359375,0.00732421875,Yes,ibm_kingston,2026-09-25 14:57:35+05:00
139,238.7546103186292,13.777581873319301,0.019287109375,,0.0205078125,0.01806640625,2180,0.0002541229220175606,32,0.0002541229220175606,0,0.0002541229220175606,0.0002541229220175606,0.0002541229220175606,155:0.006699488873470827;155:0.006699488873470827;135:0.0020736106133690257;135:0.0020736106133690257,155:68;155:68;135:68;135:68,155:0.003584745721497501;155:0.003584745721497501;135:0.0021209565048930235;135:0.0021209565048930235,0.019287109375,0.01806640625,Yes,ibm_kingston,2026-09-25 14:57:35+05:00
140,269.1560050601448,420.7300882740071,0.01123046875,,0.0146484375,0.0078125,2180,0.0002046179318736445,32,0.0002046179318736445,0,0.0002046179318736445,0.0002046179318736445,0.0002046179318736445,141:0.0013474466447316313;141:0.0013474466447316313,141:68;141:68,141:0.0013021307819036099;141:0.0013021307819036099,0.01123046875,0.0078125,Yes,ibm_kingston,2026-09-25 14:57:35+05:00
141,154.25690451012207,139.33884535027818,0.00732421875,,0.00927734375,0.00537109375,2180,0.0002302801025770044,32,0.0002302801025770044,0,0.0002302801025770044,0.0002302801025770044,0.0002302801025770044,140:0.0013474466447316313;140:0.0013474466447316313;142:0.001167723445781449;142:0.001167723445781449,140:68;140:68;142:68;142:68,140:0.0013021307819036099;140:0.0013021307819036099;142:0.0015088814236680903;142:0.0015088814236680903,0.00732421875,0.00537109375,Yes,ibm_kingston,2026-09-25 14:57:35+05:00
142,265.7880443843555,205.2512074974244,0.0087890625,,0.01318359375,0.00439453125,2180,0.0001704745286386743,32,0.0001704745286386743,0,0.0001704745286386743,0.0001704745286386743,0.0001704745286386743,143:0.0015773786144140933;143:0.0015773786144140933;141:0.001167723445781449;141:0.001167723445781449,143:68;143:68;141:68;141:68,143:0.0012850665653731386;143:0.0012850665653731386;141:0.0015088814236680903;141:0.0015088814236680903,0.0087890625,0.00439453125,Yes,ibm_kingston,2026-09-25 14:57:35+05:00
143,314.133701280402,45.77223603546686,0.05029296875,,0.03662109375,0.06396484375,2180,0.00016895884383222193,32,0.00016895884383222193,0,0.00016895884383222193,0.00016895884383222193,0.00016895884383222193,142:0.0015773786144140933;142:0.0015773786144140933;144:0.0016291308558717688;144:0.0016291308558717688;136:0.0018597520153425529;136:0.0018597520153425529,142:68;142:68;144:68;144:68;136:68;136:68,142:0.0012850665653731386;142:0.0012850665653731386;144:0.0012699386286106895;144:0.0012699386286106895;136:0.0024611832652341736;136:0.0024611832652341736,0.05029296875,0.06396484375,Yes,ibm_kingston,2026-09-25 14:57:35+05:00
144,173.7919511931964,287.6171317915086,0.006591796875,,0.00927734375,0.00390625,2180,0.00014724693645779943,32,0.00014724693645779943,0,0.00014724693645779943,0.00014724693645779943,0.00014724693645779943,145:0.04499454545759046;145:0.04499454545759046;143:0.0016291308558717688;143:0.0016291308558717688,145:68;145:68;143:68;143:68,145:0.03908297552055176;145:0.03908297552055176;143:0.0012699386286106895;143:0.0012699386286106895,0.006591796875,0.00390625,Yes,ibm_kingston,2026-09-25 14:57:35+05:00
145,208.57376870291574,138.31895739361835,0.0185546875,,0.0185546875,0.0185546875,2180,0.0010405541539796337,32,0.0010405541539796337,0,0.0010405541539796337,0.0010405541539796337,0.0010405541539796337,144:0.04499454545759046;144:0.04499454545759046;146:1;146:1,144:68;144:68;146:68;146:68,144:0.03908297552055176;144:0.03908297552055176;146:1;146:1,0.0185546875,0.0185546875,Yes,ibm_kingston,2026-09-25 14:57:35+05:00
146,,,0.487060546875,,0.4951171875,0.47900390625,2180,1,32,1,0,1,1,1,145:1;145:1;147:1;147:1,145:68;145:68;147:68;147:68,145:1;145:1;147:1;147:1,0.487060546875,0.47900390625,Yes,ibm_kingston,2026-09-25 14:57:35+05:00
147,292.60292552354315,98.22832125229037,0.00732421875,,0.01025390625,0.00439453125,2180,0.0013576243027514847,32,0.0013576243027514847,0,0.0013576243027514847,0.0013576243027514847,0.0013576243027514847,148:0.003314735055166579;148:0.003314735055166579;137:0.0030028142644735467;137:0.0030028142644735467;146:1;146:1,148:68;148:68;137:68;137:68;146:68;146:68,148:0.002862150697797272;148:0.002862150697797272;137:0.0023798369286150423;137:0.0023798369286150423;146:1;146:1,0.00732421875,0.00439453125,Yes,ibm_kingston,2026-09-25 14:57:35+05:00
148,216.0286862136373,209.61150578757236,0.00830078125,,0.0048828125,0.01171875,2180,0.00011104586848905202,32,0.00011104586848905202,0,0.00011104586848905202,0.00011104586848905202,0.00011104586848905202,147:0.003314735055166579;147:0.003314735055166579;149:0.0022415531221564033;149:0.0022415531221564033,147:68;147:68;149:68;149:68,147:0.002862150697797272;147:0.002862150697797272;149:0.001927226197003945;149:0.001927226197003945,0.00830078125,0.01171875,Yes,ibm_kingston,2026-09-25 14:57:35+05:00
149,107.63609630215298,149.36541856052906,0.0048828125,,0.00732421875,0.00244140625,2180,0.0003990331699806987,32,0.0003990331699806987,0,0.0003990331699806987,0.0003990331699806987,0.0003990331699806987,150:0.0028451963548044024;150:0.0028451963548044024;148:0.0022415531221564033;148:0.0022415531221564033,150:68;150:68;148:68;148:68,150:0.0031940355546021537;150:0.0031940355546021537;148:0.001927226197003945;148:0.001927226197003945,0.0048828125,0.00244140625,Yes,ibm_kingston,2026-09-25 14:57:35+05:00
150,274.0634739063546,262.54866125927754,0.005859375,,0.00927734375,0.00244140625,2180,0.00024514791145499495,32,0.00024514791145499495,0,0.00024514791145499495,0.00024514791145499495,0.00024514791145499495,149:0.0028451963548044024;149:0.0028451963548044024;151:0.00233119044018662;151:0.00233119044018662,149:68;149:68;151:68;151:68,149:0.0031940355546021537;149:0.0031940355546021537;151:0.0015095439779097275;151:0.0015095439779097275,0.005859375,0.00244140625,Yes,ibm_kingston,2026-09-25 14:57:35+05:00
151,251.07150451405874,180.34763851223434,0.00439453125,,0.00537109375,0.00341796875,2180,0.00019278099029928703,32,0.00019278099029928703,0,0.00019278099029928703,0.00019278099029928703,0.00019278099029928703,138:0.0014398495363554809;138:0.0014398495363554809;152:0.0011560440058515087;152:0.0011560440058515087;150:0.00233119044018662;150:0.00233119044018662,138:80;138:80;152:68;152:68;150:68;150:68,138:0.0014264217862403339;138:0.0014264217862403339;152:0.0012121217316538868;152:0.0012121217316538868;150:0.0015095439779097275;150:0.0015095439779097275,0.00439453125,0.00341796875,Yes,ibm_kingston,2026-09-25 14:57:35+05:00
152,259.821992894846,115.2804886665535,0.007080078125,,0.0107421875,0.00341796875,2180,0.0002051668937648599,32,0.0002051668937648599,0,0.0002051668937648599,0.0002051668937648599,0.0002051668937648599,151:0.0011560440058515087;151:0.0011560440058515087;153:0.0011293331706148657;153:0.0011293331706148657,151:68;151:68;153:68;153:68,151:0.0012121217316538868;151:0.0012121217316538868;153:0.0010217980139337612;153:0.0010217980139337612,0.007080078125,0.00341796875,Yes,ibm_kingston,2026-09-25 14:57:35+05:00
153,325.7531077540473,246.5988855381789,0.034423828125,,0.02734375,0.04150390625,2180,0.0004164594453705232,32,0.0004164594453705232,0,0.0004164594453705232,0.0004164594453705232,0.0004164594453705232,152:0.0011293331706148657;152:0.0011293331706148657;154:0.00265019147585005;154:0.00265019147585005,152:68;152:68;154:68;154:68,152:0.0010217980139337612;152:0.0010217980139337612;154:0.0024246618332036673;154:0.0024246618332036673,0.034423828125,0.04150390625,Yes,ibm_kingston,2026-09-25 14:57:35+05:00
154,166.06540370919376,112.90537980908726,0.003173828125,,0.0029296875,0.00341796875,2180,0.00029971987612584564,32,0.00029971987612584564,0,0.00029971987612584564,0.00029971987612584564,0.00029971987612584564,153:0.00265019147585005;153:0.00265019147585005;155:0.0013426272679293305;155:0.0013426272679293305,153:68;153:68;155:68;155:68,153:0.0024246618332036673;153:0.0024246618332036673;155:0.0015495009999090814;155:0.0015495009999090814,0.003173828125,0.00341796875,Yes,ibm_kingston,2026-09-25 14:57:35+05:00
155,258.90385814845786,277.6959395422673,0.014892578125,,0.0166015625,0.01318359375,2180,0.0002537508538378315,32,0.0002537508538378315,0,0.0002537508538378315,0.0002537508538378315,0.0002537508538378315,139:0.006699488873470827;139:0.006699488873470827;154:0.0013426272679293305;154:0.0013426272679293305,139:68;139:68;154:68;154:68,139:0.003584745721497501;139:0.003584745721497501;154:0.0015495009999090814;154:0.0015495009999090814,0.014892578125,0.01318359375,Yes,ibm_kingston,2026-09-25 14:57:35+05:00
