Qubit,T1 (us),T2 (us),Readout assignment error,Init error,Prob meas0 prep1,Prob meas1 prep0,Readout length (ns),ID error,Single-qubit gate length (ns),RX error,Z-axis rotation (rz) error,√x (sx) error,Pauli-X error,XSLOW error,CZ error,Gate length (ns),RZZ error,MEASURE error,MEASURE_2 error,Operational,Backend_ID,Calibration_Timestamp
0,51.17936679811264,27.958682324674278,0.0318603515625,,0.04150390625,0.022216796875,1660,0.0019631898387578294,24,0.0019631898387578294,0,0.0019631898387578294,0.0019631898387578294,0.0019631898387578294,1:0.006464005947454277;1:0.006464005947454277,1:68;1:68,1:0.00774070360740009;1:0.00774070360740009,0.0318603515625,0.022216796875,Yes,ibm_fez,2026-09-30T19:18:56Z
1,221.1594185074216,277.6612457071694,0.016357421875,,0.02294921875,0.009765625,1660,0.0002575927529707489,24,0.0002575927529707489,0,0.0002575927529707489,0.0002575927529707489,0.0002575927529707489,2:0.0023874350060142935;2:0.0023874350060142935;0:0.006464005947454277;0:0.006464005947454277,2:68;2:68;0:68;0:68,2:0.0034662399221257745;2:0.0034662399221257745;0:0.00774070360740009;0:0.00774070360740009,0.016357421875,0.009765625,Yes,ibm_fez,2026-09-30T19:18:56Z
2,240.03641084469723,166.02925258996675,0.004150390625,,0.0068359375,0.00146484375,1660,0.00016761231606105133,24,0.00016761231606105133,0,0.00016761231606105133,0.00016761231606105133,0.00016761231606105133,1:0.0023874350060142935;1:0.0023874350060142935;3:0.001888931398390692;3:0.001888931398390692,1:68;1:68;3:68;3:68,1:0.0034662399221257745;1:0.0034662399221257745;3:0.0015340692050540283;3:0.0015340692050540283,0.004150390625,0.00146484375,Yes,ibm_fez,2026-09-30T19:18:56Z
3,202.97347261134334,150.1236416001536,0.0283203125,,0.02880859375,0.02783203125,1660,0.0004422625884003691,24,0.0004422625884003691,0,0.0004422625884003691,0.0004422625884003691,0.0004422625884003691,16:0.0017821077296253374;16:0.0017821077296253374;2:0.001888931398390692;2:0.001888931398390692;4:0.0026358911603357182;4:0.0026358911603357182,16:68;16:68;2:68;2:68;4:68;4:68,16:0.0015254779777801875;16:0.0015254779777801875;2:0.0015340692050540283;2:0.0015340692050540283;4:0.0036043058246298665;4:0.0036043058246298665,0.0283203125,0.02783203125,Yes,ibm_fez,2026-09-30T19:18:56Z
4,156.5434095199612,125.85629933239173,0.0050048828125,,0.009521484375,0.00048828125,1660,0.0002742456255225817,24,0.0002742456255225817,0,0.0002742456255225817,0.0002742456255225817,0.0002742456255225817,3:0.0026358911603357182;3:0.0026358911603357182;5:0.002437214195155274;5:0.002437214195155274,3:68;3:68;5:68;5:68,3:0.0036043058246298665;3:0.0036043058246298665;5:0.00222840180531661;5:0.00222840180531661,0.0050048828125,0.00048828125,Yes,ibm_fez,2026-09-30T19:18:56Z
5,228.48095640241857,185.8721021417007,0.030517578125,,0.06005859375,0.0009765625,1660,0.00033432883920515415,24,0.00033432883920515415,0,0.00033432883920515415,0.00033432883920515415,0.00033432883920515415,6:0.0020907349763152616;6:0.0020907349763152616;4:0.002437214195155274;4:0.002437214195155274,6:68;6:68;4:68;4:68,6:0.003676882470524473;6:0.003676882470524473;4:0.00222840180531661;4:0.00222840180531661,0.030517578125,0.0009765625,Yes,ibm_fez,2026-09-30T19:18:56Z
6,217.00300006582555,150.1013563032034,0.0057373046875,,0.00732421875,0.004150390625,1660,0.0002294831432789955,24,0.0002294831432789955,0,0.0002294831432789955,0.0002294831432789955,0.0002294831432789955,5:0.0020907349763152616;5:0.0020907349763152616;7:0.002440358015735472;7:0.002440358015735472,5:68;5:68;7:68;7:68,5:0.003676882470524473;5:0.003676882470524473;7:0.004417526860715865;7:0.004417526860715865,0.0057373046875,0.004150390625,Yes,ibm_fez,2026-09-30T19:18:56Z
7,37.06533016330503,19.768552092942375,0.0145263671875,,0.024169921875,0.0048828125,1660,0.00047723695031822865,24,0.00047723695031822865,0,0.00047723695031822865,0.00047723695031822865,0.00047723695031822865,17:0.0024374768293175253;17:0.0024374768293175253;6:0.002440358015735472;6:0.002440358015735472;8:0.0035465390053174284;8:0.0035465390053174284,17:68;17:68;6:68;6:68;8:68;8:68,17:0.004652183527328768;17:0.004652183527328768;6:0.004417526860715865;6:0.004417526860715865;8:0.003054794508152492;8:0.003054794508152492,0.0145263671875,0.0048828125,Yes,ibm_fez,2026-09-30T19:18:56Z
8,158.83009178103282,55.001509121262735,0.0078125,,0.010009765625,0.005615234375,1660,0.0003201865023417018,24,0.0003201865023417018,0,0.0003201865023417018,0.0003201865023417018,0.0003201865023417018,9:0.002601233631685518;9:0.002601233631685518;7:0.0035465390053174284;7:0.0035465390053174284,9:68;9:68;7:68;7:68,9:0.00209619209196113;9:0.00209619209196113;7:0.003054794508152492;7:0.003054794508152492,0.0078125,0.005615234375,Yes,ibm_fez,2026-09-30T19:18:56Z
9,183.99638266784038,29.532159101652702,0.013671875,,0.025146484375,0.002197265625,1660,0.00026397173706624126,24,0.00026397173706624126,0,0.00026397173706624126,0.00026397173706624126,0.00026397173706624126,8:0.002601233631685518;8:0.002601233631685518;10:0.0017626126265154196;10:0.0017626126265154196,8:68;8:68;10:68;10:68,8:0.00209619209196113;8:0.00209619209196113;10:0.0015641898461230264;10:0.0015641898461230264,0.013671875,0.002197265625,Yes,ibm_fez,2026-09-30T19:18:56Z
10,194.57509946907896,139.9756047454176,0.003662109375,,0.005859375,0.00146484375,1660,0.0002811608183072081,24,0.0002811608183072081,0,0.0002811608183072081,0.0002811608183072081,0.0002811608183072081,9:0.0017626126265154196;9:0.0017626126265154196;11:0.0131475968821759;11:0.0131475968821759,9:68;9:68;11:68;11:68,9:0.0015641898461230264;9:0.0015641898461230264;11:0.008174988250895993;11:0.008174988250895993,0.003662109375,0.00146484375,Yes,ibm_fez,2026-09-30T19:18:56Z
11,74.616363425042,8.854478686858835,0.072998046875,,0.11474609375,0.03125,1660,0.002682369342400311,24,0.002682369342400311,0,0.002682369342400311,0.002682369342400311,0.002682369342400311,18:0.013098330806056407;18:0.013098330806056407;10:0.0131475968821759;10:0.0131475968821759;12:0.007562102342528715;12:0.007562102342528715,18:68;18:68;10:68;10:68;12:68;12:68,18:0.012358706347845388;18:0.012358706347845388;10:0.008174988250895993;10:0.008174988250895993;12:0.008570182764754186;12:0.008570182764754186,0.072998046875,0.03125,Yes,ibm_fez,2026-09-30T19:18:56Z
12,79.27696483227973,75.84153182885429,0.0203857421875,,0.026611328125,0.01416015625,1660,0.0005902905889221499,24,0.0005902905889221499,0,0.0005902905889221499,0.0005902905889221499,0.0005902905889221499,13:0.004318362098360257;13:0.004318362098360257;11:0.007562102342528715;11:0.007562102342528715,13:68;13:68;11:68;11:68,13:0.002845165040877451;13:0.002845165040877451;11:0.008570182764754186;11:0.008570182764754186,0.0203857421875,0.01416015625,Yes,ibm_fez,2026-09-30T19:18:56Z
13,329.5896409779185,225.9940125190537,0.010009765625,,0.013427734375,0.006591796875,1660,0.0004091835788926698,24,0.0004091835788926698,0,0.0004091835788926698,0.0004091835788926698,0.0004091835788926698,12:0.004318362098360257;12:0.004318362098360257;14:0.0017885935056190239;14:0.0017885935056190239,12:68;12:68;14:68;14:68,12:0.002845165040877451;12:0.002845165040877451;14:0.0016023086025106492;14:0.0016023086025106492,0.010009765625,0.006591796875,Yes,ibm_fez,2026-09-30T19:18:56Z
14,185.1307048797295,66.04808584189665,0.00390625,,0.007080078125,0.000732421875,1660,0.00023134448996378845,24,0.00023134448996378845,0,0.00023134448996378845,0.00023134448996378845,0.00023134448996378845,15:0.0017919090419228623;15:0.0017919090419228623;13:0.0017885935056190239;13:0.0017885935056190239,15:68;15:68;13:68;13:68,15:0.003998187331739067;15:0.003998187331739067;13:0.0016023086025106492;13:0.0016023086025106492,0.00390625,0.000732421875,Yes,ibm_fez,2026-09-30T19:18:56Z
15,279.0043918402437,218.15253689757085,0.0179443359375,,0.027587890625,0.00830078125,1660,0.00020834145943601808,24,0.00020834145943601808,0,0.00020834145943601808,0.00020834145943601808,0.00020834145943601808,14:0.0017919090419228623;14:0.0017919090419228623;19:0.0027632078290482365;19:0.0027632078290482365,14:68;14:68;19:68;19:68,14:0.003998187331739067;14:0.003998187331739067;19:0.0023699661097760782;19:0.0023699661097760782,0.0179443359375,0.00830078125,Yes,ibm_fez,2026-09-30T19:18:56Z
16,193.56568441221256,130.78717684810985,0.0106201171875,,0.02099609375,0.00537109375,1660,0.0004375478232924958,24,0.0004375478232924958,0,0.0004375478232924958,0.0004375478232924958,0.0004375478232924958,23:0.0025374318482566383;23:0.0025374318482566383;3:0.0017821077296253374;3:0.0017821077296253374,23:68;23:68;3:68;3:68,23:0.0021572324338321736;23:0.0021572324338321736;3:0.0015254779777801875;3:0.0015254779777801875,0.0106201171875,0.00537109375,Yes,ibm_fez,2026-09-30T19:18:56Z
17,174.1100450434946,110.28038480067457,0.0091552734375,,0.014404296875,0.00390625,1660,0.00039250629483316427,24,0.00039250629483316427,0,0.00039250629483316427,0.00039250629483316427,0.00039250629483316427,7:0.0024374768293175253;7:0.0024374768293175253;27:0.025595150097579428;27:0.025595150097579428,7:68;7:68;27:68;27:68,7:0.004652183527328768;7:0.004652183527328768;27:0.03585741070701792;27:0.03585741070701792,0.0091552734375,0.00390625,Yes,ibm_fez,2026-09-30T19:18:56Z
18,163.81350579014162,70.78319164375492,0.0169677734375,,0.0302734375,0.003662109375,1660,0.0003593901772866057,24,0.0003593901772866057,0,0.0003593901772866057,0.0003593901772866057,0.0003593901772866057,11:0.013098330806056407;11:0.013098330806056407;31:0.0034067915508942948;31:0.0034067915508942948,11:68;11:68;31:68;31:68,11:0.012358706347845388;11:0.012358706347845388;31:0.0035188045534628176;31:0.0035188045534628176,0.0169677734375,0.003662109375,Yes,ibm_fez,2026-09-30T19:18:56Z
19,172.1099984189712,150.32099378979657,0.0257568359375,,0.023193359375,0.0283203125,1660,0.0003724950150071445,24,0.0003724950150071445,0,0.0003724950150071445,0.0003724950150071445,0.0003724950150071445,35:0.002104083089766645;35:0.002104083089766645;15:0.0027632078290482365;15:0.0027632078290482365,35:68;35:68;15:68;15:68,35:0.0018856634136920902;35:0.0018856634136920902;15:0.0023699661097760782;15:0.0023699661097760782,0.0257568359375,0.0283203125,Yes,ibm_fez,2026-09-30T19:18:56Z
20,121.96363599392274,160.37446993420218,0.0140380859375,,0.020263671875,0.0078125,1660,0.0003680241638751245,24,0.0003680241638751245,0,0.0003680241638751245,0.0003680241638751245,0.0003680241638751245,21:0.0025016895049564114;21:0.0025016895049564114,21:68;21:68,21:0.004850477343070536;21:0.004850477343070536,0.0140380859375,0.0078125,Yes,ibm_fez,2026-09-30T19:18:56Z
21,220.53765489511645,174.5469330101613,0.0140380859375,,0.01806640625,0.010009765625,1660,0.00028275023831325,24,0.00028275023831325,0,0.00028275023831325,0.00028275023831325,0.00028275023831325,36:0.006122620349206159;36:0.006122620349206159;20:0.0025016895049564114;20:0.0025016895049564114;22:0.002044673792482493;22:0.002044673792482493,36:68;36:68;20:68;20:68;22:68;22:68,36:0.004708145913197209;36:0.004708145913197209;20:0.004850477343070536;20:0.004850477343070536;22:0.002028358461931251;22:0.002028358461931251,0.0140380859375,0.010009765625,Yes,ibm_fez,2026-09-30T19:18:56Z
22,207.47826060165198,149.23235789642402,0.005126953125,,0.009765625,0.00048828125,1660,0.00015828773978126512,24,0.00015828773978126512,0,0.00015828773978126512,0.00015828773978126512,0.00015828773978126512,23:0.001801673426335304;23:0.001801673426335304;21:0.002044673792482493;21:0.002044673792482493,23:68;23:68;21:68;21:68,23:0.001732822357209035;23:0.001732822357209035;21:0.002028358461931251;21:0.002028358461931251,0.005126953125,0.00048828125,Yes,ibm_fez,2026-09-30T19:18:56Z
23,233.57942890023062,208.06903739038168,0.0035400390625,,0.005615234375,0.00146484375,1660,0.00020185799658816014,24,0.00020185799658816014,0,0.00020185799658816014,0.00020185799658816014,0.00020185799658816014,22:0.001801673426335304;22:0.001801673426335304;24:0.004480582618636125;24:0.004480582618636125;16:0.0025374318482566383;16:0.0025374318482566383,22:68;22:68;24:68;24:68;16:68;16:68,22:0.001732822357209035;22:0.001732822357209035;24:0.005246038632635203;24:0.005246038632635203;16:0.0021572324338321736;16:0.0021572324338321736,0.0035400390625,0.00146484375,Yes,ibm_fez,2026-09-30T19:18:56Z
24,164.04567633587203,176.22652330730622,0.0074462890625,,0.013916015625,0.0009765625,1660,0.0021184901858809163,24,0.0021184901858809163,0,0.0021184901858809163,0.0021184901858809163,0.0021184901858809163,23:0.004480582618636125;23:0.004480582618636125;25:0.02148770508933448;25:0.02148770508933448,23:68;23:68;25:68;25:68,23:0.005246038632635203;23:0.005246038632635203;25:0.01850221897652865;25:0.01850221897652865,0.0074462890625,0.0009765625,Yes,ibm_fez,2026-09-30T19:18:56Z
25,216.89266916575693,127.44485986290726,0.0718994140625,,0.05419921875,0.089599609375,1660,0.000216019717528621,24,0.000216019717528621,0,0.000216019717528621,0.000216019717528621,0.000216019717528621,24:0.02148770508933448;24:0.02148770508933448;26:0.0020697938936664884;26:0.0020697938936664884;37:0.0019452182450401256;37:0.0019452182450401256,24:68;24:68;26:68;26:68;37:68;37:68,24:0.01850221897652865;24:0.01850221897652865;26:0.0022384007648062476;26:0.0022384007648062476;37:0.0015959939899493902;37:0.0015959939899493902,0.0718994140625,0.089599609375,Yes,ibm_fez,2026-09-30T19:18:56Z
26,81.29633878421772,69.00755473218463,0.0048828125,,0.0087890625,0.0009765625,1660,0.00026139582504746377,24,0.00026139582504746377,0,0.00026139582504746377,0.00026139582504746377,0.00026139582504746377,25:0.0020697938936664884;25:0.0020697938936664884;27:0.03243968388810786;27:0.03243968388810786,25:68;25:68;27:68;27:68,25:0.0022384007648062476;25:0.0022384007648062476;27:0.03250659754207075;27:0.03250659754207075,0.0048828125,0.0009765625,Yes,ibm_fez,2026-09-30T19:18:56Z
27,42.62888695241895,56.33502805091331,0.0111083984375,,0.017822265625,0.00439453125,1660,0.004199272393581676,24,0.004199272393581676,0,0.004199272393581676,0.004199272393581676,0.004199272393581676,26:0.03243968388810786;26:0.03243968388810786;28:1;28:1;17:0.025595150097579428;17:0.025595150097579428,26:68;26:68;28:68;28:68;17:68;17:68,26:0.03250659754207075;26:0.03250659754207075;28:1;28:1;17:0.03585741070701792;17:0.03585741070701792,0.0111083984375,0.00439453125,Yes,ibm_fez,2026-09-30T19:18:56Z
28,118.04848096755428,125.58431391304802,0.0050048828125,,0.0068359375,0.003173828125,1660,0.0002981652301388754,24,0.0002981652301388754,0,0.0002981652301388754,0.0002981652301388754,0.0002981652301388754,27:1;27:1;29:0.003909795744593131;29:0.003909795744593131,27:68;27:68;29:68;29:68,27:1;27:1;29:0.0025948329352728783;29:0.0025948329352728783,0.0050048828125,0.003173828125,Yes,ibm_fez,2026-09-30T19:18:56Z
29,177.02827060734418,51.994704235012485,0.0189208984375,,0.0263671875,0.011474609375,1660,0.000259205062994572,24,0.000259205062994572,0,0.000259205062994572,0.000259205062994572,0.000259205062994572,38:0.0019830329404610936;38:0.0019830329404610936;28:0.003909795744593131;28:0.003909795744593131;30:0.002188826829779972;30:0.002188826829779972,38:68;38:68;28:68;28:68;30:68;30:68,38:0.0021440690471281887;38:0.0021440690471281887;28:0.0025948329352728783;28:0.0025948329352728783;30:0.002295027230615726;30:0.002295027230615726,0.0189208984375,0.011474609375,Yes,ibm_fez,2026-09-30T19:18:56Z
30,114.09981115797017,71.82940451122057,0.006103515625,,0.009521484375,0.002685546875,1660,0.00019925706466600716,24,0.00019925706466600716,0,0.00019925706466600716,0.00019925706466600716,0.00019925706466600716,31:0.0025679739194054696;31:0.0025679739194054696;29:0.002188826829779972;29:0.002188826829779972,31:68;31:68;29:68;29:68,31:0.002360267695905832;31:0.002360267695905832;29:0.002295027230615726;29:0.002295027230615726,0.006103515625,0.002685546875,Yes,ibm_fez,2026-09-30T19:18:56Z
31,148.05709113174905,51.35564590129889,0.0084228515625,,0.0126953125,0.004150390625,1660,0.00042026284896204744,24,0.00042026284896204744,0,0.00042026284896204744,0.00042026284896204744,0.00042026284896204744,30:0.0025679739194054696;30:0.0025679739194054696;32:0.03451465264396761;32:0.03451465264396761;18:0.0034067915508942948;18:0.0034067915508942948,30:68;30:68;32:68;32:68;18:68;18:68,30:0.002360267695905832;30:0.002360267695905832;32:0.010175917671567364;32:0.010175917671567364;18:0.0035188045534628176;18:0.0035188045534628176,0.0084228515625,0.004150390625,Yes,ibm_fez,2026-09-30T19:18:56Z
32,79.0546234149997,96.86960967669363,0.0242919921875,,0.02783203125,0.020751953125,1660,0.00028146274226790275,24,0.00028146274226790275,0,0.00028146274226790275,0.00028146274226790275,0.00028146274226790275,31:0.03451465264396761;31:0.03451465264396761;33:1;33:1,31:68;31:68;33:68;33:68,31:0.010175917671567364;31:0.010175917671567364;33:1;33:1,0.0242919921875,0.020751953125,Yes,ibm_fez,2026-09-30T19:18:56Z
33,123.0022363607959,123.66814615290544,0.016357421875,,0.0244140625,0.01318359375,1660,0.00019296894297811978,24,0.00019296894297811978,0,0.00019296894297811978,0.00019296894297811978,0.00019296894297811978,39:0.0015816170690074738;39:0.0015816170690074738;32:1;32:1;34:0.00206376770219166;34:0.00206376770219166,39:68;39:68;32:68;32:68;34:68;34:68,39:0.0024506006290151705;39:0.0024506006290151705;32:1;32:1;34:0.0027994571156575443;34:0.0027994571156575443,0.016357421875,0.01318359375,Yes,ibm_fez,2026-09-30T19:18:56Z
34,124.52870632595803,78.62729023528732,0.00927734375,,0.012939453125,0.005615234375,1660,0.0006411210840924002,24,0.0006411210840924002,0,0.0006411210840924002,0.0006411210840924002,0.0006411210840924002,33:0.00206376770219166;33:0.00206376770219166;35:0.0020042228682528584;35:0.0020042228682528584,33:68;33:68;35:68;35:68,33:0.0027994571156575443;33:0.0027994571156575443;35:0.002011219144107762;35:0.002011219144107762,0.00927734375,0.005615234375,Yes,ibm_fez,2026-09-30T19:18:56Z
35,67.3120976388893,26.723644683151136,0.0169677734375,,0.018798828125,0.01513671875,1660,0.00026857390831833995,24,0.00026857390831833995,0,0.00026857390831833995,0.00026857390831833995,0.00026857390831833995,19:0.002104083089766645;19:0.002104083089766645;34:0.0020042228682528584;34:0.0020042228682528584,19:68;19:68;34:68;34:68,19:0.0018856634136920902;19:0.0018856634136920902;34:0.002011219144107762;34:0.002011219144107762,0.0169677734375,0.01513671875,Yes,ibm_fez,2026-09-30T19:18:56Z
36,178.50511422160992,156.45884883182643,0.0086669921875,,0.01611328125,0.001220703125,1660,0.00030952233367417624,24,0.00030952233367417624,0,0.00030952233367417624,0.00030952233367417624,0.00030952233367417624,41:0.002025751610809201;41:0.002025751610809201;21:0.006122620349206159;21:0.006122620349206159,41:68;41:68;21:68;21:68,41:0.0019352064667658708;41:0.0019352064667658708;21:0.004708145913197209;21:0.004708145913197209,0.0086669921875,0.001220703125,Yes,ibm_fez,2026-09-30T19:18:56Z
37,80.66125793979066,81.47481242964115,0.00537109375,,0.0068359375,0.00390625,1660,0.0004369831508579217,24,0.0004369831508579217,0,0.0004369831508579217,0.0004369831508579217,0.0004369831508579217,45:0.0023271453026648403;45:0.0023271453026648403;25:0.0019452182450401256;25:0.0019452182450401256,45:68;45:68;25:68;25:68,45:0.0016928463993255705;45:0.0016928463993255705;25:0.0015959939899493902;25:0.0015959939899493902,0.00537109375,0.00390625,Yes,ibm_fez,2026-09-30T19:18:56Z
38,77.8202745497381,90.28005477321825,0.009521484375,,0.010498046875,0.008544921875,1660,0.0002413051265673954,24,0.0002413051265673954,0,0.0002413051265673954,0.0002413051265673954,0.0002413051265673954,29:0.0019830329404610936;29:0.0019830329404610936;49:0.004956659118183909;49:0.004956659118183909,29:68;29:68;49:68;49:68,29:0.0021440690471281887;29:0.0021440690471281887;49:0.022905974025187598;49:0.022905974025187598,0.009521484375,0.008544921875,Yes,ibm_fez,2026-09-30T19:18:56Z
39,170.21788239465968,203.2425392939036,0.01416015625,,0.01904296875,0.00927734375,1660,0.00045549796949441007,24,0.00045549796949441007,0,0.00045549796949441007,0.00045549796949441007,0.00045549796949441007,53:0.006233606637565531;53:0.006233606637565531;33:0.0015816170690074738;33:0.0015816170690074738,53:68;53:68;33:68;33:68,53:0.0053921790787554436;53:0.0053921790787554436;33:0.0024506006290151705;33:0.0024506006290151705,0.01416015625,0.00927734375,Yes,ibm_fez,2026-09-30T19:18:56Z
40,208.5588976115128,204.29964026335992,0.0146484375,,0.017333984375,0.011962890625,1660,0.00026257493076399047,24,0.00026257493076399047,0,0.00026257493076399047,0.00026257493076399047,0.00026257493076399047,41:0.0020503990600029;41:0.0020503990600029,41:68;41:68,41:0.0023010253057366425;41:0.0023010253057366425,0.0146484375,0.011962890625,Yes,ibm_fez,2026-09-30T19:18:56Z
41,258.1027196390385,160.7405770600594,0.05615234375,,0.064208984375,0.048095703125,1660,0.00013639713523269084,24,0.00013639713523269084,0,0.00013639713523269084,0.00013639713523269084,0.00013639713523269084,40:0.0020503990600029;40:0.0020503990600029;42:0.0025130424289049325;42:0.0025130424289049325;36:0.002025751610809201;36:0.002025751610809201,40:68;40:68;42:68;42:68;36:68;36:68,40:0.0023010253057366425;40:0.0023010253057366425;42:0.002779343047412397;42:0.002779343047412397;36:0.0019352064667658708;36:0.0019352064667658708,0.05615234375,0.048095703125,Yes,ibm_fez,2026-09-30T19:18:56Z
42,149.70757058915834,47.68795779860646,0.00634765625,,0.010986328125,0.001708984375,1660,0.00023073193687076713,24,0.00023073193687076713,0,0.00023073193687076713,0.00023073193687076713,0.00023073193687076713,41:0.0025130424289049325;41:0.0025130424289049325;43:0.0036939777054338097;43:0.0036939777054338097,41:68;41:68;43:68;43:68,41:0.002779343047412397;41:0.002779343047412397;43:0.0026132377804076456;43:0.0026132377804076456,0.00634765625,0.001708984375,Yes,ibm_fez,2026-09-30T19:18:56Z
43,170.27861585023442,89.84382831872766,0.071533203125,,0.07958984375,0.0634765625,1660,0.00029567597129935325,24,0.00029567597129935325,0,0.00029567597129935325,0.00029567597129935325,0.00029567597129935325,42:0.0036939777054338097;42:0.0036939777054338097;56:0.0023858889901264;56:0.0023858889901264;44:0.0023733896378695107;44:0.0023733896378695107,42:68;42:68;56:68;56:68;44:68;44:68,42:0.0026132377804076456;42:0.0026132377804076456;56:0.0022079668466710445;56:0.0022079668466710445;44:0.0024724180508036153;44:0.0024724180508036153,0.071533203125,0.0634765625,Yes,ibm_fez,2026-09-30T19:18:56Z
44,184.3096292758038,122.97025081970965,0.0084228515625,,0.015869140625,0.0009765625,1660,0.0003471411478716606,24,0.0003471411478716606,0,0.0003471411478716606,0.0003471411478716606,0.0003471411478716606,45:0.0021901685499779167;45:0.0021901685499779167;43:0.0023733896378695107;43:0.0023733896378695107,45:68;45:68;43:68;43:68,45:0.0022531996238225604;45:0.0022531996238225604;43:0.0024724180508036153;43:0.0024724180508036153,0.0084228515625,0.0009765625,Yes,ibm_fez,2026-09-30T19:18:56Z
45,136.3184427620122,140.17368743719425,0.02197265625,,0.030029296875,0.013916015625,1660,0.00016496604824650288,24,0.00016496604824650288,0,0.00016496604824650288,0.00016496604824650288,0.00016496604824650288,44:0.0021901685499779167;44:0.0021901685499779167;46:0.0029656932949509718;46:0.0029656932949509718;37:0.0023271453026648403;37:0.0023271453026648403,44:68;44:68;46:68;46:68;37:68;37:68,44:0.0022531996238225604;44:0.0022531996238225604;46:0.0036461599875397543;46:0.0036461599875397543;37:0.0016928463993255705;37:0.0016928463993255705,0.02197265625,0.013916015625,Yes,ibm_fez,2026-09-30T19:18:56Z
46,130.13664158935168,15.72194545273581,0.0048828125,,0.0068359375,0.0029296875,1660,0.00043949519048489634,24,0.00043949519048489634,0,0.00043949519048489634,0.00043949519048489634,0.00043949519048489634,45:0.0029656932949509718;45:0.0029656932949509718;47:0.0031495427847783863;47:0.0031495427847783863,45:68;45:68;47:68;47:68,45:0.0036461599875397543;45:0.0036461599875397543;47:0.0033471610723556644;47:0.0033471610723556644,0.0048828125,0.0029296875,Yes,ibm_fez,2026-09-30T19:18:56Z
47,180.7714330518905,52.39043668868406,0.0181884765625,,0.023193359375,0.01318359375,1660,0.00031009045544510856,24,0.00031009045544510856,0,0.00031009045544510856,0.00031009045544510856,0.00031009045544510856,48:0.0026049326593628463;48:0.0026049326593628463;57:0.004757244127207488;57:0.004757244127207488;46:0.0031495427847783863;46:0.0031495427847783863,48:68;48:68;57:68;57:68;46:68;46:68,48:0.0016993229313326808;48:0.0016993229313326808;57:0.004622584290668003;57:0.004622584290668003;46:0.0033471610723556644;46:0.0033471610723556644,0.0181884765625,0.01318359375,Yes,ibm_fez,2026-09-30T19:18:56Z
48,165.12284831389954,55.05256395048011,0.0057373046875,,0.007080078125,0.00439453125,1660,0.0002911860834221452,24,0.0002911860834221452,0,0.0002911860834221452,0.0002911860834221452,0.0002911860834221452,47:0.0026049326593628463;47:0.0026049326593628463;49:0.0039833772516659205;49:0.0039833772516659205,47:68;47:68;49:68;49:68,47:0.0016993229313326808;47:0.0016993229313326808;49:0.04492605587930171;49:0.04492605587930171,0.0057373046875,0.00439453125,Yes,ibm_fez,2026-09-30T19:18:56Z
49,75.88224805057925,27.12204529874835,0.0142822265625,,0.019287109375,0.00927734375,1660,0.000542535633303399,24,0.000542535633303399,0,0.000542535633303399,0.000542535633303399,0.000542535633303399,48:0.0039833772516659205;48:0.0039833772516659205;50:0.004492582556996028;50:0.004492582556996028;38:0.004956659118183909;38:0.004956659118183909,48:68;48:68;50:68;50:68;38:68;38:68,48:0.04492605587930171;48:0.04492605587930171;50:0.02458149776507046;50:0.02458149776507046;38:0.022905974025187598;38:0.022905974025187598,0.0142822265625,0.00927734375,Yes,ibm_fez,2026-09-30T19:18:56Z
50,175.88030734455316,102.02832958635929,0.0032958984375,,0.01171875,0.002197265625,1660,0.0007266753398984438,24,0.0007266753398984438,0,0.0007266753398984438,0.0007266753398984438,0.0007266753398984438,49:0.004492582556996028;49:0.004492582556996028;51:0.0022177700948837475;51:0.0022177700948837475,49:68;49:68;51:68;51:68,49:0.02458149776507046;49:0.02458149776507046;51:0.0027544210910347977;51:0.0027544210910347977,0.0032958984375,0.002197265625,Yes,ibm_fez,2026-09-30T19:18:56Z
51,51.257132159232796,61.86006416730297,0.0350341796875,,0.037353515625,0.03271484375,1660,0.00039400673971861635,24,0.00039400673971861635,0,0.00039400673971861635,0.00039400673971861635,0.00039400673971861635,50:0.0022177700948837475;50:0.0022177700948837475;52:0.0022543274897593724;52:0.0022543274897593724;58:0.0032824527266411274;58:0.0032824527266411274,50:68;50:68;52:68;52:68;58:68;58:68,50:0.0027544210910347977;50:0.0027544210910347977;52:0.0020983912047421727;52:0.0020983912047421727;58:0.002429064477140669;58:0.002429064477140669,0.0350341796875,0.03271484375,Yes,ibm_fez,2026-09-30T19:18:56Z
52,91.65344042646355,90.1134496669201,0.0164794921875,,0.022216796875,0.0107421875,1660,0.0005133985213608656,24,0.0005133985213608656,0,0.0005133985213608656,0.0005133985213608656,0.0005133985213608656,51:0.0022543274897593724;51:0.0022543274897593724;53:0.0026949382331171445;53:0.0026949382331171445,51:68;51:68;53:68;53:68,51:0.0020983912047421727;51:0.0020983912047421727;53:0.0033609705130124012;53:0.0033609705130124012,0.0164794921875,0.0107421875,Yes,ibm_fez,2026-09-30T19:18:56Z
53,163.6471676444971,16.441897875695698,0.041015625,,0.046630859375,0.035400390625,1660,0.0002632774996922156,24,0.0002632774996922156,0,0.0002632774996922156,0.0002632774996922156,0.0002632774996922156,39:0.006233606637565531;39:0.006233606637565531;52:0.0026949382331171445;52:0.0026949382331171445;54:0.0055308356518180835;54:0.0055308356518180835,39:68;39:68;52:68;52:68;54:68;54:68,39:0.0053921790787554436;39:0.0053921790787554436;52:0.0033609705130124012;52:0.0033609705130124012;54:0.004005901751300389;54:0.004005901751300389,0.041015625,0.035400390625,Yes,ibm_fez,2026-09-30T19:18:56Z
54,118.60278995567934,119.39750510714659,0.0042724609375,,0.0078125,0.000732421875,1660,0.0005851112482572636,24,0.0005851112482572636,0,0.0005851112482572636,0.0005851112482572636,0.0005851112482572636,53:0.0055308356518180835;53:0.0055308356518180835;55:0.002619252677544176;55:0.002619252677544176,53:68;53:68;55:68;55:68,53:0.004005901751300389;53:0.004005901751300389;55:0.004751524376132132;55:0.004751524376132132,0.0042724609375,0.000732421875,Yes,ibm_fez,2026-09-30T19:18:56Z
55,157.34752852199315,116.59036784605615,0.06103515625,,0.05712890625,0.06494140625,1660,0.0002856834692780115,24,0.0002856834692780115,0,0.0002856834692780115,0.0002856834692780115,0.0002856834692780115,59:0.0021550054242256145;59:0.0021550054242256145;54:0.002619252677544176;54:0.002619252677544176,59:68;59:68;54:68;54:68,59:0.0025781813705312295;59:0.0025781813705312295;54:0.004751524376132132;54:0.004751524376132132,0.06103515625,0.06494140625,Yes,ibm_fez,2026-09-30T19:18:56Z
56,159.84669573771666,130.2656736605637,0.0091552734375,,0.01220703125,0.006103515625,1660,0.0006763473086435986,24,0.0006763473086435986,0,0.0006763473086435986,0.0006763473086435986,0.0006763473086435986,63:0.0048506329208886645;63:0.0048506329208886645;43:0.0023858889901264;43:0.0023858889901264,63:68;63:68;43:68;43:68,63:0.0052262045250560385;63:0.0052262045250560385;43:0.0022079668466710445;43:0.0022079668466710445,0.0091552734375,0.006103515625,Yes,ibm_fez,2026-09-30T19:18:56Z
57,93.98672224082584,56.149447179382776,0.009765625,,0.0126953125,0.0068359375,1660,0.00029986069157132873,24,0.00029986069157132873,0,0.00029986069157132873,0.00029986069157132873,0.00029986069157132873,47:0.004757244127207488;47:0.004757244127207488;67:0.00962706363064672;67:0.00962706363064672,47:68;47:68;67:68;67:68,47:0.004622584290668003;47:0.004622584290668003;67:0.005556969120078498;67:0.005556969120078498,0.009765625,0.0068359375,Yes,ibm_fez,2026-09-30T19:18:56Z
58,103.85084237460097,84.566034524733,0.0068359375,,0.00927734375,0.00439453125,1660,0.00043960402699992434,24,0.00043960402699992434,0,0.00043960402699992434,0.00043960402699992434,0.00043960402699992434,71:0.002676434709812908;71:0.002676434709812908;51:0.0032824527266411274;51:0.0032824527266411274,71:68;71:68;51:68;51:68,71:0.0018281500167151854;71:0.0018281500167151854;51:0.002429064477140669;51:0.002429064477140669,0.0068359375,0.00439453125,Yes,ibm_fez,2026-09-30T19:18:56Z
59,106.53642702071869,108.38010047394019,0.00390625,,0.004150390625,0.003662109375,1660,0.0005754392341057415,24,0.0005754392341057415,0,0.0005754392341057415,0.0005754392341057415,0.0005754392341057415,55:0.0021550054242256145;55:0.0021550054242256145;75:0.002592201394080007;75:0.002592201394080007,55:68;55:68;75:68;75:68,55:0.0025781813705312295;55:0.0025781813705312295;75:0.00290792022671324;75:0.00290792022671324,0.00390625,0.003662109375,Yes,ibm_fez,2026-09-30T19:18:56Z
60,119.32190910444821,45.38401346604004,0.0286865234375,,0.033935546875,0.0234375,1660,0.00035611384097119413,24,0.00035611384097119413,0,0.00035611384097119413,0.00035611384097119413,0.00035611384097119413,61:0.0019405922423911814;61:0.0019405922423911814,61:68;61:68,61:0.002089585292341656;61:0.002089585292341656,0.0286865234375,0.0234375,Yes,ibm_fez,2026-09-30T19:18:56Z
61,118.36468337993811,89.53054140651291,0.0439453125,,0.047119140625,0.040771484375,1660,0.0002311647750805123,24,0.0002311647750805123,0,0.0002311647750805123,0.0002311647750805123,0.0002311647750805123,76:0.0021944824113883377;76:0.0021944824113883377;60:0.0019405922423911814;60:0.0019405922423911814;62:0.002909862628042603;62:0.002909862628042603,76:68;76:68;60:68;60:68;62:68;62:68,76:0.0032447030752855432;76:0.0032447030752855432;60:0.002089585292341656;60:0.002089585292341656;62:0.0028382201663838813;62:0.0028382201663838813,0.0439453125,0.040771484375,Yes,ibm_fez,2026-09-30T19:18:56Z
62,127.65385062879936,49.08374602331866,0.01953125,,0.023681640625,0.015380859375,1660,0.0003063064590875619,24,0.0003063064590875619,0,0.0003063064590875619,0.0003063064590875619,0.0003063064590875619,61:0.002909862628042603;61:0.002909862628042603;63:0.007404159816714356;63:0.007404159816714356,61:68;61:68;63:68;63:68,61:0.0028382201663838813;61:0.0028382201663838813;63:0.010352314812366065;63:0.010352314812366065,0.01953125,0.015380859375,Yes,ibm_fez,2026-09-30T19:18:56Z
63,137.78633549837846,25.15164785944152,0.0233154296875,,0.026611328125,0.02001953125,1660,0.0007830737200302707,24,0.0007830737200302707,0,0.0007830737200302707,0.0007830737200302707,0.0007830737200302707,56:0.0048506329208886645;56:0.0048506329208886645;62:0.007404159816714356;62:0.007404159816714356;64:0.056099455181861296;64:0.056099455181861296,56:68;56:68;62:68;62:68;64:68;64:68,56:0.0052262045250560385;56:0.0052262045250560385;62:0.010352314812366065;62:0.010352314812366065;64:0.06371869101200028;64:0.06371869101200028,0.0233154296875,0.02001953125,Yes,ibm_fez,2026-09-30T19:18:56Z
64,143.1335508865022,108.02341440626857,0.0052490234375,,0.008056640625,0.00244140625,1660,0.0003835467844585821,24,0.0003835467844585821,0,0.0003835467844585821,0.0003835467844585821,0.0003835467844585821,65:0.002492050844195959;65:0.002492050844195959;63:0.056099455181861296;63:0.056099455181861296,65:68;65:68;63:68;63:68,65:0.0024099380368813317;65:0.0024099380368813317;63:0.06371869101200028;63:0.06371869101200028,0.0052490234375,0.00244140625,Yes,ibm_fez,2026-09-30T19:18:56Z
65,223.13224555565102,104.9359780350528,0.236328125,,0.168212890625,0.304443359375,1660,0.0003395897555535457,24,0.0003395897555535457,0,0.0003395897555535457,0.0003395897555535457,0.0003395897555535457,64:0.002492050844195959;64:0.002492050844195959;66:0.002266689493156726;66:0.002266689493156726;77:0.006816671646307976;77:0.006816671646307976,64:68;64:68;66:68;66:68;77:68;77:68,64:0.0024099380368813317;64:0.0024099380368813317;66:0.0027783759206631287;66:0.0027783759206631287;77:0.0033156156933108194;77:0.0033156156933108194,0.236328125,0.304443359375,Yes,ibm_fez,2026-09-30T19:18:56Z
66,124.14824900331857,18.29818712641085,0.0079345703125,,0.012939453125,0.0029296875,1660,0.0002769687599210071,24,0.0002769687599210071,0,0.0002769687599210071,0.0002769687599210071,0.0002769687599210071,65:0.002266689493156726;65:0.002266689493156726;67:0.004347134156601179;67:0.004347134156601179,65:68;65:68;67:68;67:68,65:0.0027783759206631287;65:0.0027783759206631287;67:0.0032692333295832876;67:0.0032692333295832876,0.0079345703125,0.0029296875,Yes,ibm_fez,2026-09-30T19:18:56Z
67,107.56364358084022,46.852901075844294,0.034423828125,,0.03759765625,0.0341796875,1660,0.00035776747921490863,24,0.00035776747921490863,0,0.00035776747921490863,0.00035776747921490863,0.00035776747921490863,68:0.0033239775692048557;68:0.0033239775692048557;57:0.00962706363064672;57:0.00962706363064672;66:0.004347134156601179;66:0.004347134156601179,68:68;68:68;57:68;57:68;66:68;66:68,68:0.002415684040568855;68:0.002415684040568855;57:0.005556969120078498;57:0.005556969120078498;66:0.0032692333295832876;66:0.0032692333295832876,0.034423828125,0.0341796875,Yes,ibm_fez,2026-09-30T19:18:56Z
68,105.16492911812168,82.89820839974048,0.0111083984375,,0.015625,0.006591796875,1660,0.0003109075056897186,24,0.0003109075056897186,0,0.0003109075056897186,0.0003109075056897186,0.0003109075056897186,67:0.0033239775692048557;67:0.0033239775692048557;69:0.0030320425158996134;69:0.0030320425158996134,67:68;67:68;69:68;69:68,67:0.002415684040568855;67:0.002415684040568855;69:0.0037190826433117774;69:0.0037190826433117774,0.0111083984375,0.006591796875,Yes,ibm_fez,2026-09-30T19:18:56Z
69,90.32612392938806,56.49592886367642,0.0042724609375,,0.007568359375,0.0009765625,1660,0.00031015167321229764,24,0.00031015167321229764,0,0.00031015167321229764,0.00031015167321229764,0.00031015167321229764,78:0.0021697892153167697;78:0.0021697892153167697;68:0.0030320425158996134;68:0.0030320425158996134;70:0.005123534326637175;70:0.005123534326637175,78:68;78:68;68:68;68:68;70:68;70:68,78:0.0021511568754819244;78:0.0021511568754819244;68:0.0037190826433117774;68:0.0037190826433117774;70:0.003771029780413243;70:0.003771029780413243,0.0042724609375,0.0009765625,Yes,ibm_fez,2026-09-30T19:18:56Z
70,71.15767191616841,69.76461006754485,0.006591796875,,0.01025390625,0.0029296875,1660,0.00031396811682621886,24,0.00031396811682621886,0,0.00031396811682621886,0.00031396811682621886,0.00031396811682621886,69:0.005123534326637175;69:0.005123534326637175;71:0.0036103887537168033;71:0.0036103887537168033,69:68;69:68;71:68;71:68,69:0.003771029780413243;69:0.003771029780413243;71:0.0031079449812759508;71:0.0031079449812759508,0.006591796875,0.0029296875,Yes,ibm_fez,2026-09-30T19:18:56Z
71,190.55491806942655,120.20058080213363,0.0133056640625,,0.0146484375,0.011962890625,1660,0.0002439729669879382,24,0.0002439729669879382,0,0.0002439729669879382,0.0002439729669879382,0.0002439729669879382,72:1;72:1;58:0.002676434709812908;58:0.002676434709812908;70:0.0036103887537168033;70:0.0036103887537168033,72:84;72:84;58:68;58:68;70:68;70:68,72:1;72:1;58:0.0018281500167151854;58:0.0018281500167151854;70:0.0031079449812759508;70:0.0031079449812759508,0.0133056640625,0.011962890625,Yes,ibm_fez,2026-09-30T19:18:56Z
72,21.44932950340643,,0.4468994140625,,0.18408203125,0.709716796875,1660,1,24,1,0,1,1,1,73:1;73:1;71:1;71:1,73:84;73:84;71:84;71:84,73:1;73:1;71:1;71:1,0.4468994140625,0.709716796875,Yes,ibm_fez,2026-09-30T19:18:56Z
73,143.78725945497953,86.37881359254683,0.013916015625,,0.01513671875,0.0126953125,1660,0.0002588974764206971,24,0.0002588974764206971,0,0.0002588974764206971,0.0002588974764206971,0.0002588974764206971,72:1;72:1;74:0.002085182899212945;74:0.002085182899212945;79:0.0031006751319755665;79:0.0031006751319755665,72:84;72:84;74:68;74:68;79:68;79:68,72:1;72:1;74:0.0022558153949734094;74:0.0022558153949734094;79:0.002446313729302707;79:0.002446313729302707,0.013916015625,0.0126953125,Yes,ibm_fez,2026-09-30T19:18:56Z
74,141.65012372163164,136.87189840425106,0.0076904296875,,0.009033203125,0.00634765625,1660,0.00034461717247906214,24,0.00034461717247906214,0,0.00034461717247906214,0.00034461717247906214,0.00034461717247906214,73:0.002085182899212945;73:0.002085182899212945;75:0.002425458008859571;75:0.002425458008859571,73:68;73:68;75:68;75:68,73:0.0022558153949734094;73:0.0022558153949734094;75:0.0019722227334553755;75:0.0019722227334553755,0.0076904296875,0.00634765625,Yes,ibm_fez,2026-09-30T19:18:56Z
75,159.1813368362041,158.07828654299567,0.005615234375,,0.00830078125,0.0029296875,1660,0.00034355286955605217,24,0.00034355286955605217,0,0.00034355286955605217,0.00034355286955605217,0.00034355286955605217,59:0.002592201394080007;59:0.002592201394080007;74:0.002425458008859571;74:0.002425458008859571,59:68;59:68;74:68;74:68,59:0.00290792022671324;59:0.00290792022671324;74:0.0019722227334553755;74:0.0019722227334553755,0.005615234375,0.0029296875,Yes,ibm_fez,2026-09-30T19:18:56Z
76,177.31733252003133,101.87199109285875,0.0230712890625,,0.0244140625,0.021728515625,1660,0.00046257529715635205,24,0.00046257529715635205,0,0.00046257529715635205,0.00046257529715635205,0.00046257529715635205,81:0.0019619932651020744;81:0.0019619932651020744;61:0.0021944824113883377;61:0.0021944824113883377,81:68;81:68;61:68;61:68,81:0.0024034575245877876;81:0.0024034575245877876;61:0.0032447030752855432;61:0.0032447030752855432,0.0230712890625,0.021728515625,Yes,ibm_fez,2026-09-30T19:18:56Z
77,95.54883961109739,44.11335614958313,0.0101318359375,,0.0146484375,0.005615234375,1660,0.0003670597113543155,24,0.0003670597113543155,0,0.0003670597113543155,0.0003670597113543155,0.0003670597113543155,85:0.005934642876509216;85:0.005934642876509216;65:0.006816671646307976;65:0.006816671646307976,85:68;85:68;65:68;65:68,85:0.002638414046349652;85:0.002638414046349652;65:0.0033156156933108194;65:0.0033156156933108194,0.0101318359375,0.005615234375,Yes,ibm_fez,2026-09-30T19:18:56Z
78,100.97298022771879,91.44752810867683,0.009521484375,,0.0087890625,0.01025390625,1660,0.0003193431618562623,24,0.0003193431618562623,0,0.0003193431618562623,0.0003193431618562623,0.0003193431618562623,69:0.0021697892153167697;69:0.0021697892153167697;89:0.003154880886944933;89:0.003154880886944933,69:68;69:68;89:68;89:68,69:0.0021511568754819244;69:0.0021511568754819244;89:0.0033348174196364544;89:0.0033348174196364544,0.009521484375,0.01025390625,Yes,ibm_fez,2026-09-30T19:18:56Z
79,115.4151396436002,51.93766567412427,0.0087890625,,0.010009765625,0.007568359375,1660,0.0003042797437531247,24,0.0003042797437531247,0,0.0003042797437531247,0.0003042797437531247,0.0003042797437531247,93:0.004690991067840794;93:0.004690991067840794;73:0.0031006751319755665;73:0.0031006751319755665,93:68;93:68;73:68;73:68,93:0.005065200158768435;93:0.005065200158768435;73:0.002446313729302707;73:0.002446313729302707,0.0087890625,0.007568359375,Yes,ibm_fez,2026-09-30T19:18:56Z
80,100.15621757439492,72.21761865513038,0.014404296875,,0.017822265625,0.010986328125,1660,0.0001859041413995594,24,0.0001859041413995594,0,0.0001859041413995594,0.0001859041413995594,0.0001859041413995594,81:0.0024745278471429988;81:0.0024745278471429988,81:68;81:68,81:0.0028770754559678535;81:0.0028770754559678535,0.014404296875,0.010986328125,Yes,ibm_fez,2026-09-30T19:18:56Z
81,213.65900689116395,24.945737176333733,0.0245361328125,,0.028564453125,0.0205078125,1660,0.0002345982376651274,24,0.0002345982376651274,0,0.0002345982376651274,0.0002345982376651274,0.0002345982376651274,80:0.0024745278471429988;80:0.0024745278471429988;82:0.0161686677730441;82:0.0161686677730441;76:0.0019619932651020744;76:0.0019619932651020744,80:68;80:68;82:68;82:68;76:68;76:68,80:0.0028770754559678535;80:0.0028770754559678535;82:0.010153765676766874;82:0.010153765676766874;76:0.0024034575245877876;76:0.0024034575245877876,0.0245361328125,0.0205078125,Yes,ibm_fez,2026-09-30T19:18:56Z
82,138.34672370403757,33.12771022208136,0.0064697265625,,0.01123046875,0.001708984375,1660,0.0014097576223467436,24,0.0014097576223467436,0,0.0014097576223467436,0.0014097576223467436,0.0014097576223467436,81:0.0161686677730441;81:0.0161686677730441;83:0.0036097694979982664;83:0.0036097694979982664,81:68;81:68;83:68;83:68,81:0.010153765676766874;81:0.010153765676766874;83:0.002350125147105586;83:0.002350125147105586,0.0064697265625,0.001708984375,Yes,ibm_fez,2026-09-30T19:18:56Z
83,128.35798234126045,190.7550269889641,0.1278076171875,,0.12646484375,0.129150390625,1660,0.00019340808728641952,24,0.00019340808728641952,0,0.00019340808728641952,0.00019340808728641952,0.00019340808728641952,96:0.01595030681313256;96:0.01595030681313256;82:0.0036097694979982664;82:0.0036097694979982664;84:0.0028669029228584886;84:0.0028669029228584886,96:68;96:68;82:68;82:68;84:68;84:68,96:0.0020536234476581094;96:0.0020536234476581094;82:0.002350125147105586;82:0.002350125147105586;84:0.0024274989189783935;84:0.0024274989189783935,0.1278076171875,0.129150390625,Yes,ibm_fez,2026-09-30T19:18:56Z
84,123.77303212176201,110.97267231778935,0.0040283203125,,0.00439453125,0.001220703125,1660,0.0002461206968801288,24,0.0002461206968801288,0,0.0002461206968801288,0.0002461206968801288,0.0002461206968801288,83:0.0028669029228584886;83:0.0028669029228584886;85:0.0020817278919165183;85:0.0020817278919165183,83:68;83:68;85:68;85:68,83:0.0024274989189783935;83:0.0024274989189783935;85:0.0024359768031977924;85:0.0024359768031977924,0.0040283203125,0.001220703125,Yes,ibm_fez,2026-09-30T19:18:56Z
85,165.04857490551723,39.18181740383607,0.007080078125,,0.01025390625,0.00390625,1660,0.00021190346306288558,24,0.00021190346306288558,0,0.00021190346306288558,0.00021190346306288558,0.00021190346306288558,77:0.005934642876509216;77:0.005934642876509216;86:0.002851699184147155;86:0.002851699184147155;84:0.0020817278919165183;84:0.0020817278919165183,77:68;77:68;86:68;86:68;84:68;84:68,77:0.002638414046349652;77:0.002638414046349652;86:0.0032446679403423384;86:0.0032446679403423384;84:0.0024359768031977924;84:0.0024359768031977924,0.007080078125,0.00390625,Yes,ibm_fez,2026-09-30T19:18:56Z
86,93.0679975423642,66.30209070540461,0.004638671875,,0.005859375,0.00341796875,1660,0.00043836655265906915,24,0.00043836655265906915,0,0.00043836655265906915,0.00043836655265906915,0.00043836655265906915,85:0.002851699184147155;85:0.002851699184147155;87:0.0030306892347135017;87:0.0030306892347135017,85:68;85:68;87:68;87:68,85:0.0032446679403423384;85:0.0032446679403423384;87:0.002426006717558049;87:0.002426006717558049,0.004638671875,0.00341796875,Yes,ibm_fez,2026-09-30T19:18:56Z
87,87.9232090141387,154.94193564105805,0.068603515625,,0.0546875,0.08251953125,1660,0.00035420309643184486,24,0.00035420309643184486,0,0.00035420309643184486,0.00035420309643184486,0.00035420309643184486,86:0.0030306892347135017;86:0.0030306892347135017;88:0.0032507585810652717;88:0.0032507585810652717;97:0.004391133446278284;97:0.004391133446278284,86:68;86:68;88:68;88:68;97:68;97:68,86:0.002426006717558049;86:0.002426006717558049;88:0.0023596206748624227;88:0.0023596206748624227;97:0.0024575905945210808;97:0.0024575905945210808,0.068603515625,0.08251953125,Yes,ibm_fez,2026-09-30T19:18:56Z
88,111.19689590456031,172.63314327675002,0.0076904296875,,0.0126953125,0.002685546875,1660,0.0002778448874632359,24,0.0002778448874632359,0,0.0002778448874632359,0.0002778448874632359,0.0002778448874632359,87:0.0032507585810652717;87:0.0032507585810652717;89:0.0024514936829617973;89:0.0024514936829617973,87:68;87:68;89:68;89:68,87:0.0023596206748624227;87:0.0023596206748624227;89:0.002815043584117105;89:0.002815043584117105,0.0076904296875,0.002685546875,Yes,ibm_fez,2026-09-30T19:18:56Z
89,175.3073697886852,86.04289174653256,0.0101318359375,,0.01220703125,0.008056640625,1660,0.00023264348634972036,24,0.00023264348634972036,0,0.00023264348634972036,0.00023264348634972036,0.00023264348634972036,90:0.003338834111431377;90:0.003338834111431377;88:0.0024514936829617973;88:0.0024514936829617973;78:0.003154880886944933;78:0.003154880886944933,90:68;90:68;88:68;88:68;78:68;78:68,90:0.0028352559300169333;90:0.0028352559300169333;88:0.002815043584117105;88:0.002815043584117105;78:0.0033348174196364544;78:0.0033348174196364544,0.0101318359375,0.008056640625,Yes,ibm_fez,2026-09-30T19:18:56Z
90,118.30114822913121,121.52898692228301,0.017333984375,,0.03466796875,0,1660,0.000805960387187476,24,0.000805960387187476,0,0.000805960387187476,0.000805960387187476,0.000805960387187476,89:0.003338834111431377;89:0.003338834111431377;91:0.003918130899270844;91:0.003918130899270844,89:68;89:68;91:68;91:68,89:0.0028352559300169333;89:0.0028352559300169333;91:0.004643645126030438;91:0.004643645126030438,0.017333984375,0,Yes,ibm_fez,2026-09-30T19:18:56Z
91,102.17017816247738,26.679399927365367,0.01611328125,,0.019287109375,0.012939453125,1660,0.0002621207883257123,24,0.0002621207883257123,0,0.0002621207883257123,0.0002621207883257123,0.0002621207883257123,98:0.001646136056528552;98:0.001646136056528552;90:0.003918130899270844;90:0.003918130899270844;92:0.002512921904993748;92:0.002512921904993748,98:68;98:68;90:68;90:68;92:68;92:68,98:0.0019268017844517593;98:0.0019268017844517593;90:0.004643645126030438;90:0.004643645126030438;92:0.002068854359536909;92:0.002068854359536909,0.01611328125,0.012939453125,Yes,ibm_fez,2026-09-30T19:18:56Z
92,151.74110132685294,188.4043994917827,0.0137939453125,,0.01953125,0.008056640625,1660,0.00034091889255334125,24,0.00034091889255334125,0,0.00034091889255334125,0.00034091889255334125,0.00034091889255334125,91:0.002512921904993748;91:0.002512921904993748;93:0.0018375526926645291;93:0.0018375526926645291,91:68;91:68;93:68;93:68,91:0.002068854359536909;91:0.002068854359536909;93:0.0023400074544161764;93:0.0023400074544161764,0.0137939453125,0.008056640625,Yes,ibm_fez,2026-09-30T19:18:56Z
93,221.74941240187997,197.6052954523687,0.0167236328125,,0.021240234375,0.01220703125,1660,0.00040448666504313023,24,0.00040448666504313023,0,0.00040448666504313023,0.00040448666504313023,0.00040448666504313023,94:0.002487841205850966;94:0.002487841205850966;79:0.004690991067840794;79:0.004690991067840794;92:0.0018375526926645291;92:0.0018375526926645291,94:68;94:68;79:68;79:68;92:68;92:68,94:0.00259477125578228;94:0.00259477125578228;79:0.005065200158768435;79:0.005065200158768435;92:0.0023400074544161764;92:0.0023400074544161764,0.0167236328125,0.01220703125,Yes,ibm_fez,2026-09-30T19:18:56Z
94,108.05585795090477,28.62023225915001,0.0069580078125,,0.0126953125,0.001220703125,1660,0.0002804125097581873,24,0.0002804125097581873,0,0.0002804125097581873,0.0002804125097581873,0.0002804125097581873,93:0.002487841205850966;93:0.002487841205850966;95:0.002119359169285656;95:0.002119359169285656,93:68;93:68;95:68;95:68,93:0.00259477125578228;93:0.00259477125578228;95:0.0019706262104763894;95:0.0019706262104763894,0.0069580078125,0.001220703125,Yes,ibm_fez,2026-09-30T19:18:56Z
95,184.56443085887292,178.82846873290313,0.0096435546875,,0.0126953125,0.006591796875,1660,0.00025663310446882073,24,0.00025663310446882073,0,0.00025663310446882073,0.00025663310446882073,0.00025663310446882073,99:0.0023430157053922485;99:0.0023430157053922485;94:0.002119359169285656;94:0.002119359169285656,99:68;99:68;94:68;94:68,99:1;99:1;94:0.0019706262104763894;94:0.0019706262104763894,0.0096435546875,0.006591796875,Yes,ibm_fez,2026-09-30T19:18:56Z
96,136.6934336239834,115.93761276065908,0.0115966796875,,0.01416015625,0.009033203125,1660,0.00025862468143124666,24,0.00025862468143124666,0,0.00025862468143124666,0.00025862468143124666,0.00025862468143124666,83:0.01595030681313256;83:0.01595030681313256;103:0.020109956529771267;103:0.020109956529771267,83:68;83:68;103:68;103:68,83:0.0020536234476581094;83:0.0020536234476581094;103:0.00429170826644501;103:0.00429170826644501,0.0115966796875,0.009033203125,Yes,ibm_fez,2026-09-30T19:18:56Z
97,95.66834525507028,133.32780645195507,0.0086669921875,,0.0107421875,0.006591796875,1660,0.00044613692010901234,24,0.00044613692010901234,0,0.00044613692010901234,0.00044613692010901234,0.00044613692010901234,87:0.004391133446278284;87:0.004391133446278284;107:0.002253208489654712;107:0.002253208489654712,87:68;87:68;107:68;107:68,87:0.0024575905945210808;87:0.0024575905945210808;107:0.00325204590309075;107:0.00325204590309075,0.0086669921875,0.006591796875,Yes,ibm_fez,2026-09-30T19:18:56Z
98,81.09635327306714,21.566742499628905,0.0050048828125,,0.00830078125,0.001708984375,1660,0.00021093765963568187,24,0.00021093765963568187,0,0.00021093765963568187,0.00021093765963568187,0.00021093765963568187,91:0.001646136056528552;91:0.001646136056528552;111:0.0031878253812472612;111:0.0031878253812472612,91:68;91:68;111:68;111:68,91:0.0019268017844517593;91:0.0019268017844517593;111:0.003067897006346826;111:0.003067897006346826,0.0050048828125,0.001708984375,Yes,ibm_fez,2026-09-30T19:18:56Z
99,165.5390755452821,42.41741073887267,0.02197265625,,0.022216796875,0.021728515625,1660,0.00021988960123129445,24,0.00021988960123129445,0,0.00021988960123129445,0.00021988960123129445,0.00021988960123129445,115:0.0018514714838001045;115:0.0018514714838001045;95:0.0023430157053922485;95:0.0023430157053922485,115:68;115:68;95:68;95:68,115:1;115:1;95:1;95:1,0.02197265625,0.021728515625,Yes,ibm_fez,2026-09-30T19:18:56Z
100,115.56906898379412,36.65687266498554,0.04150390625,,0.034423828125,0.048583984375,1660,0.0013304376171647874,24,0.0013304376171647874,0,0.0013304376171647874,0.0013304376171647874,0.0013304376171647874,101:0.0036403377679598004;101:0.0036403377679598004,101:68;101:68,101:0.00569404601914994;101:0.00569404601914994,0.04150390625,0.048583984375,Yes,ibm_fez,2026-09-30T19:18:56Z
101,223.46661841421738,192.57061913471304,0.03955078125,,0.0458984375,0.0341796875,1660,0.0005699111637655505,24,0.0005699111637655505,0,0.0005699111637655505,0.0005699111637655505,0.0005699111637655505,100:0.0036403377679598004;100:0.0036403377679598004;116:0.002076066585832592;116:0.002076066585832592;102:0.007819813174618606;102:0.007819813174618606,100:68;100:68;116:68;116:68;102:68;102:68,100:0.00569404601914994;100:0.00569404601914994;116:0.003570357412215147;116:0.003570357412215147;102:0.008547047470345709;102:0.008547047470345709,0.03955078125,0.0341796875,Yes,ibm_fez,2026-09-30T19:18:56Z
102,58.440204702851915,54.876742776549285,0.096435546875,,0.1435546875,0.04931640625,1660,0.002144694111286594,24,0.002144694111286594,0,0.002144694111286594,0.002144694111286594,0.002144694111286594,101:0.007819813174618606;101:0.007819813174618606;103:0.07413748502479683;103:0.07413748502479683,101:68;101:68;103:88;103:88,101:0.008547047470345709;101:0.008547047470345709;103:0.11291735151065535;103:0.11291735151065535,0.096435546875,0.04931640625,Yes,ibm_fez,2026-09-30T19:18:56Z
103,68.41683883760412,89.43313638624,0.010498046875,,0.0146484375,0.00634765625,1660,0.0002453637932333999,24,0.0002453637932333999,0,0.0002453637932333999,0.0002453637932333999,0.0002453637932333999,104:0.004086342889513539;104:0.004086342889513539;96:0.020109956529771267;96:0.020109956529771267;102:0.07413748502479683;102:0.07413748502479683,104:68;104:68;96:68;96:68;102:88;102:88,104:0.0026721860706390155;104:0.0026721860706390155;96:0.00429170826644501;96:0.00429170826644501;102:0.11291735151065535;102:0.11291735151065535,0.010498046875,0.00634765625,Yes,ibm_fez,2026-09-30T19:18:56Z
104,132.5477758867915,103.20087494100757,0.00830078125,,0.01220703125,0.00439453125,1660,0.00017398162361783624,24,0.00017398162361783624,0,0.00017398162361783624,0.00017398162361783624,0.00017398162361783624,103:0.004086342889513539;103:0.004086342889513539;105:0.0025953275992266767;105:0.0025953275992266767,103:68;103:68;105:68;105:68,103:0.0026721860706390155;103:0.0026721860706390155;105:0.0019593134443909033;105:0.0019593134443909033,0.00830078125,0.00439453125,Yes,ibm_fez,2026-09-30T19:18:56Z
105,161.87027959290515,134.17392326577703,0.0126953125,,0.01513671875,0.01025390625,1660,0.00035860894923927427,24,0.00035860894923927427,0,0.00035860894923927427,0.00035860894923927427,0.00035860894923927427,104:0.0025953275992266767;104:0.0025953275992266767;106:0.0019046546620268556;106:0.0019046546620268556;117:0.00245454057962069;117:0.00245454057962069,104:68;104:68;106:68;106:68;117:68;117:68,104:0.0019593134443909033;104:0.0019593134443909033;106:0.0020399913610818776;106:0.0020399913610818776;117:0.0027933568444735157;117:0.0027933568444735157,0.0126953125,0.01025390625,Yes,ibm_fez,2026-09-30T19:18:56Z
106,151.49764525641683,167.44156056696974,0.004638671875,,0.0068359375,0.00244140625,1660,0.00021786790502193197,24,0.00021786790502193197,0,0.00021786790502193197,0.00021786790502193197,0.00021786790502193197,107:0.0021769268238305828;107:0.0021769268238305828;105:0.0019046546620268556;105:0.0019046546620268556,107:68;107:68;105:68;105:68,107:0.006434735161493649;107:0.006434735161493649;105:0.0020399913610818776;105:0.0020399913610818776,0.004638671875,0.00244140625,Yes,ibm_fez,2026-09-30T19:18:56Z
107,122.08634316205585,29.41767003500412,0.0098876953125,,0.010498046875,0.00927734375,1660,0.0004953764805005826,24,0.0004953764805005826,0,0.0004953764805005826,0.0004953764805005826,0.0004953764805005826,106:0.0021769268238305828;106:0.0021769268238305828;108:0.0032749982040312653;108:0.0032749982040312653;97:0.002253208489654712;97:0.002253208489654712,106:68;106:68;108:68;108:68;97:68;97:68,106:0.006434735161493649;106:0.006434735161493649;108:0.0040287331437275364;108:0.0040287331437275364;97:0.00325204590309075;97:0.00325204590309075,0.0098876953125,0.00927734375,Yes,ibm_fez,2026-09-30T19:18:56Z
108,120.99888331935738,131.20295726687021,0.0089111328125,,0.009765625,0.008056640625,1660,0.00035215885345730167,24,0.00035215885345730167,0,0.00035215885345730167,0.00035215885345730167,0.00035215885345730167,107:0.0032749982040312653;107:0.0032749982040312653;109:0.0027226067048609637;109:0.0027226067048609637,107:68;107:68;109:68;109:68,107:0.0040287331437275364;107:0.0040287331437275364;109:0.003191945578867844;109:0.003191945578867844,0.0089111328125,0.008056640625,Yes,ibm_fez,2026-09-30T19:18:56Z
109,153.71275355827444,76.76046619099498,0.008544921875,,0.013671875,0.00341796875,1660,0.00023885085941390067,24,0.00023885085941390067,0,0.00023885085941390067,0.00023885085941390067,0.00023885085941390067,108:0.0027226067048609637;108:0.0027226067048609637;110:0.0022224641965821745;110:0.0022224641965821745;118:0.0027265149667907995;118:0.0027265149667907995,108:68;108:68;110:68;110:68;118:68;118:68,108:0.003191945578867844;108:0.003191945578867844;110:0.0022566519345692537;110:0.0022566519345692537;118:0.0016754546802742465;118:0.0016754546802742465,0.008544921875,0.00341796875,Yes,ibm_fez,2026-09-30T19:18:56Z
110,137.26750328512162,116.57764440218936,0.0072021484375,,0.012939453125,0.00146484375,1660,0.0002267214908603348,24,0.0002267214908603348,0,0.0002267214908603348,0.0002267214908603348,0.0002267214908603348,109:0.0022224641965821745;109:0.0022224641965821745;111:0.0023796028730715124;111:0.0023796028730715124,109:68;109:68;111:68;111:68,109:0.0022566519345692537;109:0.0022566519345692537;111:0.0019512007267998566;111:0.0019512007267998566,0.0072021484375,0.00146484375,Yes,ibm_fez,2026-09-30T19:18:56Z
111,138.12725538530873,93.92060155344099,0.0062255859375,,0.00927734375,0.003173828125,1660,0.0002531505762479654,24,0.0002531505762479654,0,0.0002531505762479654,0.0002531505762479654,0.0002531505762479654,112:0.0023682917215114563;112:0.0023682917215114563;110:0.0023796028730715124;110:0.0023796028730715124;98:0.0031878253812472612;98:0.0031878253812472612,112:68;112:68;110:68;110:68;98:68;98:68,112:0.0020278536005461367;112:0.0020278536005461367;110:0.0019512007267998566;110:0.0019512007267998566;98:0.003067897006346826;98:0.003067897006346826,0.0062255859375,0.003173828125,Yes,ibm_fez,2026-09-30T19:18:56Z
112,65.9649797034744,57.247387282648894,0.0068359375,,0.007080078125,0.006591796875,1660,0.0002558575714169627,24,0.0002558575714169627,0,0.0002558575714169627,0.0002558575714169627,0.0002558575714169627,111:0.0023682917215114563;111:0.0023682917215114563;113:0.0025226063512414354;113:0.0025226063512414354,111:68;111:68;113:68;113:68,111:0.0020278536005461367;111:0.0020278536005461367;113:0.0023580603722816174;113:0.0023580603722816174,0.0068359375,0.006591796875,Yes,ibm_fez,2026-09-30T19:18:56Z
113,159.6201934371,60.668879573650464,0.0633544921875,,0.080078125,0.046630859375,1660,0.00024837591985107384,24,0.00024837591985107384,0,0.00024837591985107384,0.00024837591985107384,0.00024837591985107384,119:0.0030612987235734135;119:0.0030612987235734135;112:0.0025226063512414354;112:0.0025226063512414354;114:0.00298773516066278;114:0.00298773516066278,119:68;119:68;112:68;112:68;114:68;114:68,119:0.004611661532427286;119:0.004611661532427286;112:0.0023580603722816174;112:0.0023580603722816174;114:0.002575245469744164;114:0.002575245469744164,0.0633544921875,0.046630859375,Yes,ibm_fez,2026-09-30T19:18:56Z
114,129.00148578252384,93.66808994345975,0.0068359375,,0.0087890625,0.0048828125,1660,0.0003209753786841148,24,0.0003209753786841148,0,0.0003209753786841148,0.0003209753786841148,0.0003209753786841148,115:0.002083883303964945;115:0.002083883303964945;113:0.00298773516066278;113:0.00298773516066278,115:68;115:68;113:68;113:68,115:0.0025818592425086995;115:0.0025818592425086995;113:0.002575245469744164;113:0.002575245469744164,0.0068359375,0.0048828125,Yes,ibm_fez,2026-09-30T19:18:56Z
115,106.69785598026247,120.5813188967538,0.0067138671875,,0.010498046875,0.0029296875,1660,0.00020749588466700952,24,0.00020749588466700952,0,0.00020749588466700952,0.00020749588466700952,0.00020749588466700952,99:0.0018514714838001045;99:0.0018514714838001045;114:0.002083883303964945;114:0.002083883303964945,99:68;99:68;114:68;114:68,99:1;99:1;114:0.0025818592425086995;114:0.0025818592425086995,0.0067138671875,0.0029296875,Yes,ibm_fez,2026-09-30T19:18:56Z
116,127.46901232982027,127.28826722127076,0.0179443359375,,0.022216796875,0.013671875,1660,0.00014210061995132333,24,0.00014210061995132333,0,0.00014210061995132333,0.00014210061995132333,0.00014210061995132333,101:0.002076066585832592;101:0.002076066585832592;121:0.001993067922164693;121:0.001993067922164693,101:68;101:68;121:68;121:68,101:0.003570357412215147;101:0.003570357412215147;121:0.0017490439454528606;121:0.0017490439454528606,0.0179443359375,0.013671875,Yes,ibm_fez,2026-09-30T19:18:56Z
117,107.14797769236027,131.08586617894298,0.011474609375,,0.014892578125,0.008056640625,1660,0.00027254495812076556,24,0.00027254495812076556,0,0.00027254495812076556,0.00027254495812076556,0.00027254495812076556,105:0.00245454057962069;105:0.00245454057962069;125:0.0025323855910122373;125:0.0025323855910122373,105:68;105:68;125:68;125:68,105:0.0027933568444735157;105:0.0027933568444735157;125:0.0017038659998177552;125:0.0017038659998177552,0.011474609375,0.008056640625,Yes,ibm_fez,2026-09-30T19:18:56Z
118,143.17726405174724,50.827405984089665,0.0032958984375,,0.009765625,0.000244140625,1660,0.0002866493077365333,24,0.0002866493077365333,0,0.0002866493077365333,0.0002866493077365333,0.0002866493077365333,109:0.0027265149667907995;109:0.0027265149667907995;129:0.002196419746999939;129:0.002196419746999939,109:68;109:68;129:68;129:68,109:0.0016754546802742465;109:0.0016754546802742465;129:0.0021435007989605848;129:0.0021435007989605848,0.0032958984375,0.000244140625,Yes,ibm_fez,2026-09-30T19:18:56Z
119,67.0179118114148,79.49506968260009,0.00830078125,,0.0107421875,0.005859375,1660,0.00048157336646560076,24,0.00048157336646560076,0,0.00048157336646560076,0.00048157336646560076,0.00048157336646560076,113:0.0030612987235734135;113:0.0030612987235734135;133:0.0032296452372049533;133:0.0032296452372049533,113:68;113:68;133:68;133:68,113:0.004611661532427286;113:0.004611661532427286;133:0.003040451515234216;133:0.003040451515234216,0.00830078125,0.005859375,Yes,ibm_fez,2026-09-30T19:18:56Z
120,110.81171905792633,123.73822768063539,0.01708984375,,0.02197265625,0.01220703125,1660,0.00025432256266750696,24,0.00025432256266750696,0,0.00025432256266750696,0.00025432256266750696,0.00025432256266750696,121:0.0027862327235738116;121:0.0027862327235738116,121:68;121:68,121:0.0021748981641172005;121:0.0021748981641172005,0.01708984375,0.01220703125,Yes,ibm_fez,2026-09-30T19:18:56Z
121,195.15905403524656,174.56532806516054,0.0098876953125,,0.01318359375,0.006591796875,1660,0.00019711051905942705,24,0.00019711051905942705,0,0.00019711051905942705,0.00019711051905942705,0.00019711051905942705,120:0.0027862327235738116;120:0.0027862327235738116;122:0.0032085469345271844;122:0.0032085469345271844;116:0.001993067922164693;116:0.001993067922164693,120:68;120:68;122:68;122:68;116:68;116:68,120:0.0021748981641172005;120:0.0021748981641172005;122:0.0029821607774521697;122:0.0029821607774521697;116:0.0017490439454528606;116:0.0017490439454528606,0.0098876953125,0.006591796875,Yes,ibm_fez,2026-09-30T19:18:56Z
122,107.13478554812336,59.3944795219544,0.005615234375,,0.009033203125,0.002197265625,1660,0.00045763178389107164,24,0.00045763178389107164,0,0.00045763178389107164,0.00045763178389107164,0.00045763178389107164,121:0.0032085469345271844;121:0.0032085469345271844;123:0.0023647644623865927;123:0.0023647644623865927,121:68;121:68;123:68;123:68,121:0.0029821607774521697;121:0.0029821607774521697;123:0.002620611688786051;123:0.002620611688786051,0.005615234375,0.002197265625,Yes,ibm_fez,2026-09-30T19:18:56Z
123,172.94230968229647,124.20174901919884,0.005859375,,0.009033203125,0.002685546875,1660,0.00021161188164042004,24,0.00021161188164042004,0,0.00021161188164042004,0.00021161188164042004,0.00021161188164042004,136:0.0022521664452466172;136:0.0022521664452466172;124:0.0022463601160530033;124:0.0022463601160530033;122:0.0023647644623865927;122:0.0023647644623865927,136:68;136:68;124:68;124:68;122:68;122:68,136:0.001890483954536587;136:0.001890483954536587;124:0.0018574185039248736;124:0.0018574185039248736;122:0.002620611688786051;122:0.002620611688786051,0.005859375,0.002685546875,Yes,ibm_fez,2026-09-30T19:18:56Z
124,76.0997067826707,82.1660457505238,0.0035400390625,,0.005859375,0.001220703125,1660,0.00041664293828361264,24,0.00041664293828361264,0,0.00041664293828361264,0.00041664293828361264,0.00041664293828361264,123:0.0022463601160530033;123:0.0022463601160530033;125:0.0019338004617000804;125:0.0019338004617000804,123:68;123:68;125:68;125:68,123:0.0018574185039248736;123:0.0018574185039248736;125:0.0018323096352483859;125:0.0018323096352483859,0.0035400390625,0.001220703125,Yes,ibm_fez,2026-09-30T19:18:56Z
125,95.87175302192239,43.454164225122206,0.0135498046875,,0.018798828125,0.00830078125,1660,0.00020169274938758617,24,0.00020169274938758617,0,0.00020169274938758617,0.00020169274938758617,0.00020169274938758617,117:0.0025323855910122373;117:0.0025323855910122373;124:0.0019338004617000804;124:0.0019338004617000804;126:0.004432665032668426;126:0.004432665032668426,117:68;117:68;124:68;124:68;126:68;126:68,117:0.0017038659998177552;117:0.0017038659998177552;124:0.0018323096352483859;124:0.0018323096352483859;126:0.0070793958527843315;126:0.0070793958527843315,0.0135498046875,0.00830078125,Yes,ibm_fez,2026-09-30T19:18:56Z
126,104.72940675618023,94.75444924008863,0.0479736328125,,0.074951171875,0.02099609375,1660,0.0011464049216523245,24,0.0011464049216523245,0,0.0011464049216523245,0.0011464049216523245,0.0011464049216523245,127:0.009744241566496475;127:0.009744241566496475;125:0.004432665032668426;125:0.004432665032668426,127:68;127:68;125:68;125:68,127:0.004152333420748416;127:0.004152333420748416;125:0.0070793958527843315;125:0.0070793958527843315,0.0479736328125,0.02099609375,Yes,ibm_fez,2026-09-30T19:18:56Z
127,109.08048150033837,125.63626520749195,0.0106201171875,,0.015380859375,0.005859375,1660,0.0003599895110065111,24,0.0003599895110065111,0,0.0003599895110065111,0.0003599895110065111,0.0003599895110065111,126:0.009744241566496475;126:0.009744241566496475;128:0.009307395165665644;128:0.009307395165665644;137:0.0019954939090201795;137:0.0019954939090201795,126:68;126:68;128:68;128:68;137:68;137:68,126:0.004152333420748416;126:0.004152333420748416;128:0.004392776546093657;128:0.004392776546093657;137:0.0018430670005790684;137:0.0018430670005790684,0.0106201171875,0.005859375,Yes,ibm_fez,2026-09-30T19:18:56Z
128,149.04704393028996,52.28235228105326,0.0208740234375,,0.020751953125,0.02099609375,1660,0.00018741137330632627,24,0.00018741137330632627,0,0.00018741137330632627,0.00018741137330632627,0.00018741137330632627,127:0.009307395165665644;127:0.009307395165665644;129:0.002695721185427463;129:0.002695721185427463,127:68;127:68;129:68;129:68,127:0.004392776546093657;127:0.004392776546093657;129:0.0026128042641409277;129:0.0026128042641409277,0.0208740234375,0.02099609375,Yes,ibm_fez,2026-09-30T19:18:56Z
129,124.0581860654958,94.87339743904327,0.009765625,,0.014404296875,0.005126953125,1660,0.0001893226021477461,24,0.0001893226021477461,0,0.0001893226021477461,0.0001893226021477461,0.0001893226021477461,130:0.003019410037395698;130:0.003019410037395698;128:0.002695721185427463;128:0.002695721185427463;118:0.002196419746999939;118:0.002196419746999939,130:68;130:68;128:68;128:68;118:68;118:68,130:0.0022007277869893482;130:0.0022007277869893482;128:0.0026128042641409277;128:0.0026128042641409277;118:0.0021435007989605848;118:0.0021435007989605848,0.009765625,0.005126953125,Yes,ibm_fez,2026-09-30T19:18:56Z
130,81.97126297606897,95.54880668073035,0.0013427734375,,0.001953125,0.000732421875,1660,0.0006654191242074513,24,0.0006654191242074513,0,0.0006654191242074513,0.0006654191242074513,0.0006654191242074513,129:0.003019410037395698;129:0.003019410037395698;131:0.003584142204315438;131:0.003584142204315438,129:68;129:68;131:68;131:68,129:0.0022007277869893482;129:0.0022007277869893482;131:0.0018074706965174603;131:0.0018074706965174603,0.0013427734375,0.000732421875,Yes,ibm_fez,2026-09-30T19:18:56Z
131,170.42207785604037,188.28010469177173,0.068115234375,,0.072998046875,0.063232421875,1660,0.00014397472992750077,24,0.00014397472992750077,0,0.00014397472992750077,0.00014397472992750077,0.00014397472992750077,138:0.00353290850184218;138:0.00353290850184218;130:0.003584142204315438;130:0.003584142204315438;132:0.0033805926410414022;132:0.0033805926410414022,138:68;138:68;130:68;130:68;132:68;132:68,138:0.0021625254550553252;138:0.0021625254550553252;130:0.0018074706965174603;130:0.0018074706965174603;132:0.0017313780752011287;132:0.0017313780752011287,0.068115234375,0.063232421875,Yes,ibm_fez,2026-09-30T19:18:56Z
132,175.0467747605247,213.31529165099147,0.0059814453125,,0.010986328125,0.0009765625,1660,0.00014765022655410158,24,0.00014765022655410158,0,0.00014765022655410158,0.00014765022655410158,0.00014765022655410158,133:0.00225781714282014;133:0.00225781714282014;131:0.0033805926410414022;131:0.0033805926410414022,133:68;133:68;131:68;131:68,133:0.0024007578564277654;133:0.0024007578564277654;131:0.0017313780752011287;131:0.0017313780752011287,0.0059814453125,0.0009765625,Yes,ibm_fez,2026-09-30T19:18:56Z
133,116.32458763542502,24.39713102029069,0.010986328125,,0.01708984375,0.0048828125,1660,0.001375876864463729,24,0.001375876864463729,0,0.001375876864463729,0.001375876864463729,0.001375876864463729,132:0.00225781714282014;132:0.00225781714282014;134:0.0020705277446256554;134:0.0020705277446256554;119:0.0032296452372049533;119:0.0032296452372049533,132:68;132:68;134:68;134:68;119:68;119:68,132:0.0024007578564277654;132:0.0024007578564277654;134:0.0022980288611065547;134:0.0022980288611065547;119:0.003040451515234216;119:0.003040451515234216,0.010986328125,0.0048828125,Yes,ibm_fez,2026-09-30T19:18:56Z
134,150.15240586985152,44.46927081971851,0.0062255859375,,0.011474609375,0.0009765625,1660,0.0003418944511180279,24,0.0003418944511180279,0,0.0003418944511180279,0.0003418944511180279,0.0003418944511180279,133:0.0020705277446256554;133:0.0020705277446256554;135:0.00182889397097305;135:0.00182889397097305,133:68;133:68;135:68;135:68,133:0.0022980288611065547;133:0.0022980288611065547;135:0.0022808215151735867;135:0.0022808215151735867,0.0062255859375,0.0009765625,Yes,ibm_fez,2026-09-30T19:18:56Z
135,142.6070765825081,93.41160928276322,0.040771484375,,0.0419921875,0.04345703125,1660,0.0002733385452821719,24,0.0002733385452821719,0,0.0002733385452821719,0.0002733385452821719,0.0002733385452821719,134:0.00182889397097305;134:0.00182889397097305;139:0.0037167516680302326;139:0.0037167516680302326,134:68;134:68;139:68;139:68,134:0.0022808215151735867;134:0.0022808215151735867;139:0.0032046788513623303;139:0.0032046788513623303,0.040771484375,0.04345703125,Yes,ibm_fez,2026-09-30T19:18:56Z
136,144.10434616526365,162.5861600446283,0.0103759765625,,0.014404296875,0.00634765625,1660,0.0002987054835497588,24,0.0002987054835497588,0,0.0002987054835497588,0.0002987054835497588,0.0002987054835497588,123:0.0022521664452466172;123:0.0022521664452466172;143:0.001475493850150028;143:0.001475493850150028,123:68;123:68;143:68;143:68,123:0.001890483954536587;123:0.001890483954536587;143:0.01601249401288901;143:0.01601249401288901,0.0103759765625,0.00634765625,Yes,ibm_fez,2026-09-30T19:18:56Z
137,136.1712350325366,126.04040342738675,0.0050048828125,,0.00927734375,0.000732421875,1660,0.00021331102739047345,24,0.00021331102739047345,0,0.00021331102739047345,0.00021331102739047345,0.00021331102739047345,147:0.013267655905871284;147:0.013267655905871284;127:0.0019954939090201795;127:0.0019954939090201795,147:68;147:68;127:68;127:68,147:0.002243448442690338;147:0.002243448442690338;127:0.0018430670005790684;127:0.0018430670005790684,0.0050048828125,0.000732421875,Yes,ibm_fez,2026-09-30T19:18:56Z
138,83.14930522092705,85.52548256625413,0.0101318359375,,0.01123046875,0.009033203125,1660,0.00030625101861094645,24,0.00030625101861094645,0,0.00030625101861094645,0.00030625101861094645,0.00030625101861094645,151:0.002398025012970567;151:0.002398025012970567;131:0.00353290850184218;131:0.00353290850184218,151:68;151:68;131:68;131:68,151:0.0019689178068751367;151:0.0019689178068751367;131:0.0021625254550553252;131:0.0021625254550553252,0.0101318359375,0.009033203125,Yes,ibm_fez,2026-09-30T19:18:56Z
139,88.79419252811525,28.43980128639196,0.0135498046875,,0.02392578125,0.003173828125,1660,0.0004128622329885966,24,0.0004128622329885966,0,0.0004128622329885966,0.0004128622329885966,0.0004128622329885966,155:0.002982341984268555;155:0.002982341984268555;135:0.0037167516680302326;135:0.0037167516680302326,155:68;155:68;135:68;135:68,155:0.0023800069737407725;155:0.0023800069737407725;135:0.0032046788513623303;135:0.0032046788513623303,0.0135498046875,0.003173828125,Yes,ibm_fez,2026-09-30T19:18:56Z
140,111.60982824300574,181.9318554381314,0.0146484375,,0.014404296875,0.014892578125,1660,0.0003586991324086944,24,0.0003586991324086944,0,0.0003586991324086944,0.0003586991324086944,0.0003586991324086944,141:0.001935943988868094;141:0.001935943988868094,141:68;141:68,141:0.001497589601929028;141:0.001497589601929028,0.0146484375,0.014892578125,Yes,ibm_fez,2026-09-30T19:18:56Z
141,140.70718769690956,92.83305989068444,0.01513671875,,0.021484375,0.0087890625,1660,0.00019057993237568953,24,0.00019057993237568953,0,0.00019057993237568953,0.00019057993237568953,0.00019057993237568953,140:0.001935943988868094;140:0.001935943988868094;142:0.001818074916544704;142:0.001818074916544704,140:68;140:68;142:68;142:68,140:0.001497589601929028;140:0.001497589601929028;142:0.001831009063202077;142:0.001831009063202077,0.01513671875,0.0087890625,Yes,ibm_fez,2026-09-30T19:18:56Z
142,120.29791210205339,178.20361151138718,0.005859375,,0.008544921875,0.003173828125,1660,0.00026465527302080977,24,0.00026465527302080977,0,0.00026465527302080977,0.00026465527302080977,0.00026465527302080977,143:0.0018108016224445411;143:0.0018108016224445411;141:0.001818074916544704;141:0.001818074916544704,143:68;143:68;141:68;141:68,143:0.0020653465770556767;143:0.0020653465770556767;141:0.001831009063202077;141:0.001831009063202077,0.005859375,0.003173828125,Yes,ibm_fez,2026-09-30T19:18:56Z
143,149.10016907186068,153.56762393046222,0.0054931640625,,0.008056640625,0.0029296875,1660,0.00021840750079510512,24,0.00021840750079510512,0,0.00021840750079510512,0.00021840750079510512,0.00021840750079510512,142:0.0018108016224445411;142:0.0018108016224445411;144:0.0018646073832386256;144:0.0018646073832386256;136:0.001475493850150028;136:0.001475493850150028,142:68;142:68;144:68;144:68;136:68;136:68,142:0.0020653465770556767;142:0.0020653465770556767;144:0.0021387316642304532;144:0.0021387316642304532;136:0.01601249401288901;136:0.01601249401288901,0.0054931640625,0.0029296875,Yes,ibm_fez,2026-09-30T19:18:56Z
144,151.23433907334038,200.59280603188643,0.0035400390625,,0.006103515625,0.0009765625,1660,0.0003455859927055531,24,0.0003455859927055531,0,0.0003455859927055531,0.0003455859927055531,0.0003455859927055531,145:0.0021185707981058177;145:0.0021185707981058177;143:0.0018646073832386256;143:0.0018646073832386256,145:68;145:68;143:68;143:68,145:0.0015310631281231502;145:0.0015310631281231502;143:0.0021387316642304532;143:0.0021387316642304532,0.0035400390625,0.0009765625,Yes,ibm_fez,2026-09-30T19:18:56Z
145,116.03838501798164,109.72564575360036,0.011474609375,,0.013427734375,0.009521484375,1660,0.0001999074554139095,24,0.0001999074554139095,0,0.0001999074554139095,0.0001999074554139095,0.0001999074554139095,144:0.0021185707981058177;144:0.0021185707981058177;146:0.0019734390101066035;146:0.0019734390101066035,144:68;144:68;146:68;146:68,144:0.0015310631281231502;144:0.0015310631281231502;146:0.0016901519355933536;146:0.0016901519355933536,0.011474609375,0.009521484375,Yes,ibm_fez,2026-09-30T19:18:56Z
146,177.60533648777115,14.893603808644395,0.0040283203125,,0.005859375,0.002197265625,1660,0.0002024664000491983,24,0.0002024664000491983,0,0.0002024664000491983,0.0002024664000491983,0.0002024664000491983,145:0.0019734390101066035;145:0.0019734390101066035;147:0.013878763776479869;147:0.013878763776479869,145:68;145:68;147:88;147:88,145:0.0016901519355933536;145:0.0016901519355933536;147:0.0021061086562046416;147:0.0021061086562046416,0.0040283203125,0.002197265625,Yes,ibm_fez,2026-09-30T19:18:56Z
147,171.79546717622992,160.10637522643472,0.005615234375,,0.010009765625,0.001220703125,1660,0.0002582300971499312,24,0.0002582300971499312,0,0.0002582300971499312,0.0002582300971499312,0.0002582300971499312,148:0.017488616461539958;148:0.017488616461539958;137:0.013267655905871284;137:0.013267655905871284;146:0.013878763776479869;146:0.013878763776479869,148:68;148:68;137:68;137:68;146:88;146:88,148:0.002848117235342673;148:0.002848117235342673;137:0.002243448442690338;137:0.002243448442690338;146:0.0021061086562046416;146:0.0021061086562046416,0.005615234375,0.001220703125,Yes,ibm_fez,2026-09-30T19:18:56Z
148,98.81757370189219,145.06036747643242,0.007568359375,,0.0126953125,0.00244140625,1660,0.00038415113918513136,24,0.00038415113918513136,0,0.00038415113918513136,0.00038415113918513136,0.00038415113918513136,147:0.017488616461539958;147:0.017488616461539958;149:0.05622639172621299;149:0.05622639172621299,147:68;147:68;149:68;149:68,147:0.002848117235342673;147:0.002848117235342673;149:0.04304081641064969;149:0.04304081641064969,0.007568359375,0.00244140625,Yes,ibm_fez,2026-09-30T19:18:56Z
149,53.61619935067717,4.963886180901645,0.05126953125,,0.074462890625,0.028076171875,1660,0.017060418805944156,24,0.017060418805944156,0,0.017060418805944156,0.017060418805944156,0.017060418805944156,150:0.03877822193769645;150:0.03877822193769645;148:0.05622639172621299;148:0.05622639172621299,150:68;150:68;148:68;148:68,150:0.0442239997394176;150:0.0442239997394176;148:0.04304081641064969;148:0.04304081641064969,0.05126953125,0.028076171875,Yes,ibm_fez,2026-09-30T19:18:56Z
150,151.9279894855073,5.331135038522786,0.0069580078125,,0.013427734375,0.00048828125,1660,0.0006715331841296004,24,0.0006715331841296004,0,0.0006715331841296004,0.0006715331841296004,0.0006715331841296004,149:0.03877822193769645;149:0.03877822193769645;151:0.006514296619592463;151:0.006514296619592463,149:68;149:68;151:68;151:68,149:0.0442239997394176;149:0.0442239997394176;151:0.00769830147414427;151:0.00769830147414427,0.0069580078125,0.00048828125,Yes,ibm_fez,2026-09-30T19:18:56Z
151,96.30138502457103,143.8440656669331,0.0113525390625,,0.016845703125,0.005859375,1660,0.0002683385308702114,24,0.0002683385308702114,0,0.0002683385308702114,0.0002683385308702114,0.0002683385308702114,138:0.002398025012970567;138:0.002398025012970567;152:0.0024100753586886736;152:0.0024100753586886736;150:0.006514296619592463;150:0.006514296619592463,138:68;138:68;152:68;152:68;150:68;150:68,138:0.0019689178068751367;138:0.0019689178068751367;152:0.0019956184349484984;152:0.0019956184349484984;150:0.00769830147414427;150:0.00769830147414427,0.0113525390625,0.005859375,Yes,ibm_fez,2026-09-30T19:18:56Z
152,107.37995342218416,133.022967786062,0.008056640625,,0.01171875,0.00244140625,1660,0.00029894122809317775,24,0.00029894122809317775,0,0.00029894122809317775,0.00029894122809317775,0.00029894122809317775,151:0.0024100753586886736;151:0.0024100753586886736;153:0.0026255958797162804;153:0.0026255958797162804,151:68;151:68;153:68;153:68,151:0.0019956184349484984;151:0.0019956184349484984;153:0.0024371221050227543;153:0.0024371221050227543,0.008056640625,0.00244140625,Yes,ibm_fez,2026-09-30T19:18:56Z
153,62.92135493030833,33.415551500946215,0.03076171875,,0.0556640625,0.005859375,1660,0.00023779652615263074,24,0.00023779652615263074,0,0.00023779652615263074,0.00023779652615263074,0.00023779652615263074,152:0.0026255958797162804;152:0.0026255958797162804;154:0.0030681998209050876;154:0.0030681998209050876,152:68;152:68;154:68;154:68,152:0.0024371221050227543;152:0.0024371221050227543;154:0.0025102134272564913;154:0.0025102134272564913,0.03076171875,0.005859375,Yes,ibm_fez,2026-09-30T19:18:56Z
154,98.49923070159394,128.29446055684673,0.005859375,,0.00830078125,0.00341796875,1660,0.0002303620953202993,24,0.0002303620953202993,0,0.0002303620953202993,0.0002303620953202993,0.0002303620953202993,153:0.0030681998209050876;153:0.0030681998209050876;155:0.0019972460675890813;155:0.0019972460675890813,153:68;153:68;155:68;155:68,153:0.0025102134272564913;153:0.0025102134272564913;155:0.0028344257385511107;155:0.0028344257385511107,0.005859375,0.00341796875,Yes,ibm_fez,2026-09-30T19:18:56Z
155,163.4433721777863,18.31047033132906,0.0106201171875,,0.013671875,0.007568359375,1660,0.00023367458381182133,24,0.00023367458381182133,0,0.00023367458381182133,0.00023367458381182133,0.00023367458381182133,139:0.002982341984268555;139:0.002982341984268555;154:0.0019972460675890813;154:0.0019972460675890813,139:68;139:68;154:68;154:68,139:0.0023800069737407725;139:0.0023800069737407725;154:0.0028344257385511107;154:0.0028344257385511107,0.0106201171875,0.007568359375,Yes,ibm_fez,2026-09-30T19:18:56Z
0,298.08734260342874,395.1067886076953,0.021240234375,,0.019287109375,0.023193359375,2180,0.0004231411526005033,32,0.0004231411526005033,0,0.0004231411526005033,0.0004231411526005033,0.0004231411526005033,1:0.0017836354140109978;1:0.0017836354140109978,1:68;1:68,1:0.000735933282898199;1:0.000735933282898199,0.021240234375,0.023193359375,Yes,ibm_kingston,2026-09-30T19:22:44Z
1,333.64334456138465,508.87639014972154,0.00732421875,,0.007080078125,0.007568359375,2180,0.00023821597892476634,32,0.00023821597892476634,0,0.00023821597892476634,0.00023821597892476634,0.00023821597892476634,2:0.001621931932645232;2:0.001621931932645232;0:0.0017836354140109978;0:0.0017836354140109978,2:68;2:68;0:68;0:68,2:0.0009626237078026456;2:0.0009626237078026456;0:0.000735933282898199;0:0.000735933282898199,0.00732421875,0.007568359375,Yes,ibm_kingston,2026-09-30T19:22:44Z
2,279.64321551860155,92.5860538406291,0.0072021484375,,0.009521484375,0.0048828125,2180,0.00040502855513928625,32,0.00040502855513928625,0,0.00040502855513928625,0.00040502855513928625,0.00040502855513928625,1:0.001621931932645232;1:0.001621931932645232;3:0.0012390763732066656;3:0.0012390763732066656,1:68;1:68;3:68;3:68,1:0.0009626237078026456;1:0.0009626237078026456;3:0.0016411865982131069;3:0.0016411865982131069,0.0072021484375,0.0048828125,Yes,ibm_kingston,2026-09-30T19:22:44Z
3,264.8563032385212,359.645532912216,0.003173828125,,0.00634765625,0,2180,0.0005221099859294426,32,0.0005221099859294426,0,0.0005221099859294426,0.0005221099859294426,0.0005221099859294426,16:0.0011038996790617983;16:0.0011038996790617983;2:0.0012390763732066656;2:0.0012390763732066656;4:0.0019893529769745566;4:0.0019893529769745566,16:68;16:68;2:68;2:68;4:68;4:68,16:0.0013015384968247945;16:0.0013015384968247945;2:0.0016411865982131069;2:0.0016411865982131069;4:0.002374844805885512;4:0.002374844805885512,0.003173828125,0,Yes,ibm_kingston,2026-09-30T19:22:44Z
4,287.5290011283861,54.71846025044048,0.008544921875,,0.0126953125,0.00439453125,2180,0.00032547844635127693,32,0.00032547844635127693,0,0.00032547844635127693,0.00032547844635127693,0.00032547844635127693,3:0.0019893529769745566;3:0.0019893529769745566;5:0.002732316811005858;5:0.002732316811005858,3:68;3:68;5:68;5:68,3:0.002374844805885512;3:0.002374844805885512;5:0.0034372236275573564;5:0.0034372236275573564,0.008544921875,0.00439453125,Yes,ibm_kingston,2026-09-30T19:22:44Z
5,127.30831340296709,54.83611281738725,0.0040283203125,,0.007568359375,0.00048828125,2180,0.00046501204253267443,32,0.00046501204253267443,0,0.00046501204253267443,0.00046501204253267443,0.00046501204253267443,6:0.0024804497776211576;6:0.0024804497776211576;4:0.002732316811005858;4:0.002732316811005858,6:68;6:68;4:68;4:68,6:0.0027360634658503136;6:0.0027360634658503136;4:0.0034372236275573564;4:0.0034372236275573564,0.0040283203125,0.00048828125,Yes,ibm_kingston,2026-09-30T19:22:44Z
6,326.78256111131446,116.3575517420107,0.008544921875,,0.011962890625,0.005126953125,2180,0.0001897231860622695,32,0.0001897231860622695,0,0.0001897231860622695,0.0001897231860622695,0.0001897231860622695,5:0.0024804497776211576;5:0.0024804497776211576;7:0.010369261114738182;7:0.010369261114738182,5:68;5:68;7:80;7:80,5:0.0027360634658503136;5:0.0027360634658503136;7:0.008185771778484369;7:0.008185771778484369,0.008544921875,0.005126953125,Yes,ibm_kingston,2026-09-30T19:22:44Z
7,367.15343705584576,70.72522773488446,0.01513671875,,0.028564453125,0.001708984375,2180,0.0002941578887275825,32,0.0002941578887275825,0,0.0002941578887275825,0.0002941578887275825,0.0002941578887275825,17:0.006938519231023316;17:0.006938519231023316;6:0.010369261114738182;6:0.010369261114738182;8:0.007632062820406682;8:0.007632062820406682,17:68;17:68;6:80;6:80;8:68;8:68,17:0.006599562593053859;17:0.006599562593053859;6:0.008185771778484369;6:0.008185771778484369;8:0.004535053391356236;8:0.004535053391356236,0.01513671875,0.001708984375,Yes,ibm_kingston,2026-09-30T19:22:44Z
8,267.83694620062795,101.29085194984182,0.0125732421875,,0.0166015625,0.008544921875,2180,0.0003526111253516386,32,0.0003526111253516386,0,0.0003526111253516386,0.0003526111253516386,0.0003526111253516386,9:0.0026735478696544024;9:0.0026735478696544024;7:0.007632062820406682;7:0.007632062820406682,9:68;9:68;7:68;7:68,9:0.0019083798433571775;9:0.0019083798433571775;7:0.004535053391356236;7:0.004535053391356236,0.0125732421875,0.008544921875,Yes,ibm_kingston,2026-09-30T19:22:44Z
9,140.6149062247604,44.43468990059465,0.0054931640625,,0.00732421875,0.003662109375,2180,0.0006042935952399334,32,0.0006042935952399334,0,0.0006042935952399334,0.0006042935952399334,0.0006042935952399334,8:0.0026735478696544024;8:0.0026735478696544024;10:0.0031013802120826994;10:0.0031013802120826994,8:68;8:68;10:68;10:68,8:0.0019083798433571775;8:0.0019083798433571775;10:0.002053108252768693;10:0.002053108252768693,0.0054931640625,0.003662109375,Yes,ibm_kingston,2026-09-30T19:22:44Z
10,259.5575431673766,24.480457057974746,0.004150390625,,0.005859375,0.00244140625,2180,0.00034132226109707264,32,0.00034132226109707264,0,0.00034132226109707264,0.00034132226109707264,0.00034132226109707264,9:0.0031013802120826994;9:0.0031013802120826994;11:0.0011069442434695487;11:0.0011069442434695487,9:68;9:68;11:68;11:68,9:0.002053108252768693;9:0.002053108252768693;11:0.00141371191042719;11:0.00141371191042719,0.004150390625,0.00244140625,Yes,ibm_kingston,2026-09-30T19:22:44Z
11,373.49946318987764,114.66530242351851,0.012451171875,,0.0126953125,0.01220703125,2180,0.000409008496049155,32,0.000409008496049155,0,0.000409008496049155,0.000409008496049155,0.000409008496049155,18:0.0019501423823023167;18:0.0019501423823023167;10:0.0011069442434695487;10:0.0011069442434695487;12:0.0009348124632634069;12:0.0009348124632634069,18:68;18:68;10:68;10:68;12:68;12:68,18:0.001782542214081917;18:0.001782542214081917;10:0.00141371191042719;10:0.00141371191042719;12:0.0010562390393940857;12:0.0010562390393940857,0.012451171875,0.01220703125,Yes,ibm_kingston,2026-09-30T19:22:44Z
12,209.81119480634845,198.7749706898711,0.029296875,,0.0283203125,0.0302734375,2180,0.0003923601482525396,32,0.0003923601482525396,0,0.0003923601482525396,0.0003923601482525396,0.0003923601482525396,13:0.0019604931186321117;13:0.0019604931186321117;11:0.0009348124632634069;11:0.0009348124632634069,13:68;13:68;11:68;11:68,13:0.0014517396805253102;13:0.0014517396805253102;11:0.0010562390393940857;11:0.0010562390393940857,0.029296875,0.0302734375,Yes,ibm_kingston,2026-09-30T19:22:44Z
13,315.70160189215096,162.39000228875372,0.004150390625,,0.004150390625,0.004150390625,2180,0.0006655648106866771,32,0.0006655648106866771,0,0.0006655648106866771,0.0006655648106866771,0.0006655648106866771,12:0.0019604931186321117;12:0.0019604931186321117;14:0.0013450973042335723;14:0.0013450973042335723,12:68;12:68;14:68;14:68,12:0.0014517396805253102;12:0.0014517396805253102;14:0.001826214413148508;14:0.001826214413148508,0.004150390625,0.004150390625,Yes,ibm_kingston,2026-09-30T19:22:44Z
14,290.89443388072795,445.72614327023206,0.015869140625,,0.022705078125,0.009033203125,2180,0.00033794334938572077,32,0.00033794334938572077,0,0.00033794334938572077,0.00033794334938572077,0.00033794334938572077,15:0.0016278026105890908;15:0.0016278026105890908;13:0.0013450973042335723;13:0.0013450973042335723,15:68;15:68;13:68;13:68,15:0.003012438647480936;15:0.003012438647480936;13:0.001826214413148508;13:0.001826214413148508,0.015869140625,0.009033203125,Yes,ibm_kingston,2026-09-30T19:22:44Z
15,264.646527775524,293.6530385130976,0.0052490234375,,0.0068359375,0.003662109375,2180,0.00021552415853009604,32,0.00021552415853009604,0,0.00021552415853009604,0.00021552415853009604,0.00021552415853009604,14:0.0016278026105890908;14:0.0016278026105890908;19:0.001392391141010224;19:0.001392391141010224,14:68;14:68;19:68;19:68,14:0.003012438647480936;14:0.003012438647480936;19:0.001957763755180114;19:0.001957763755180114,0.0052490234375,0.003662109375,Yes,ibm_kingston,2026-09-30T19:22:44Z
16,198.74429349566404,200.10747042969737,0.0084228515625,,0.01025390625,0.0048828125,2180,0.00019273899070868227,32,0.00019273899070868227,0,0.00019273899070868227,0.00019273899070868227,0.00019273899070868227,23:0.0013041625261203948;23:0.0013041625261203948;3:0.0011038996790617983;3:0.0011038996790617983,23:68;23:68;3:68;3:68,23:0.0012872444781162895;23:0.0012872444781162895;3:0.0013015384968247945;3:0.0013015384968247945,0.0084228515625,0.0048828125,Yes,ibm_kingston,2026-09-30T19:22:44Z
17,229.76788911148523,107.86373013656106,0.005859375,,0.010498046875,0.001220703125,2180,0.0005203973180867452,32,0.0005203973180867452,0,0.0005203973180867452,0.0005203973180867452,0.0005203973180867452,7:0.006938519231023316;7:0.006938519231023316;27:0.0013832688416244299;27:0.0013832688416244299,7:68;7:68;27:68;27:68,7:0.006599562593053859;7:0.006599562593053859;27:0.0013461193350552958;27:0.0013461193350552958,0.005859375,0.001220703125,Yes,ibm_kingston,2026-09-30T19:22:44Z
18,135.92267982979612,118.80690197275504,0.009033203125,,0.01416015625,0.00390625,2180,0.0006565825271109378,32,0.0006565825271109378,0,0.0006565825271109378,0.0006565825271109378,0.0006565825271109378,11:0.0019501423823023167;11:0.0019501423823023167;31:0.00212991603124002;31:0.00212991603124002,11:68;11:68;31:68;31:68,11:0.001782542214081917;11:0.001782542214081917;31:0.0016440156744891021;31:0.0016440156744891021,0.009033203125,0.00390625,Yes,ibm_kingston,2026-09-30T19:22:44Z
19,335.7048993791843,284.3506318075405,0.008056640625,,0.010986328125,0.005126953125,2180,0.0005473919011707792,32,0.0005473919011707792,0,0.0005473919011707792,0.0005473919011707792,0.0005473919011707792,35:0.0012608100594095617;35:0.0012608100594095617;15:0.001392391141010224;15:0.001392391141010224,35:68;35:68;15:68;15:68,35:0.001222579689993536;35:0.001222579689993536;15:0.001957763755180114;15:0.001957763755180114,0.008056640625,0.005126953125,Yes,ibm_kingston,2026-09-30T19:22:44Z
20,247.62735160987722,30.021480907839475,0.00927734375,,0.01611328125,0.00244140625,2180,0.0005308799971302689,32,0.0005308799971302689,0,0.0005308799971302689,0.0005308799971302689,0.0005308799971302689,21:0.0020254143116880674;21:0.0020254143116880674,21:68;21:68,21:0.0017121939797372643;21:0.0017121939797372643,0.00927734375,0.00244140625,Yes,ibm_kingston,2026-09-30T19:22:44Z
21,321.29684494504266,408.6065865068243,0.005615234375,,0.010009765625,0.001220703125,2180,0.00045659230167591295,32,0.00045659230167591295,0,0.00045659230167591295,0.00045659230167591295,0.00045659230167591295,36:0.0013992499628769361;36:0.0013992499628769361;20:0.0020254143116880674;20:0.0020254143116880674;22:0.0017048532371666258;22:0.0017048532371666258,36:68;36:68;20:68;20:68;22:68;22:68,36:0.0013890178225773875;36:0.0013890178225773875;20:0.0017121939797372643;20:0.0017121939797372643;22:0.0018202530430137254;22:0.0018202530430137254,0.005615234375,0.001220703125,Yes,ibm_kingston,2026-09-30T19:22:44Z
22,71.15528393509751,83.9815838884413,0.013671875,,0.01708984375,0.01025390625,2180,0.0003310544526642897,32,0.0003310544526642897,0,0.0003310544526642897,0.0003310544526642897,0.0003310544526642897,23:0.0016053919273093797;23:0.0016053919273093797;21:0.0017048532371666258;21:0.0017048532371666258,23:68;23:68;21:68;21:68,23:0.0017657310184722441;23:0.0017657310184722441;21:0.0018202530430137254;21:0.0018202530430137254,0.013671875,0.01025390625,Yes,ibm_kingston,2026-09-30T19:22:44Z
23,227.98185392308798,72.79180602821529,0.0108642578125,,0.01904296875,0.002685546875,2180,0.00018329146936819031,32,0.00018329146936819031,0,0.00018329146936819031,0.00018329146936819031,0.00018329146936819031,22:0.0016053919273093797;22:0.0016053919273093797;24:0.0018808609588751024;24:0.0018808609588751024;16:0.0013041625261203948;16:0.0013041625261203948,22:68;22:68;24:68;24:68;16:68;16:68,22:0.0017657310184722441;22:0.0017657310184722441;24:0.0013869635966924088;24:0.0013869635966924088;16:0.0012872444781162895;16:0.0012872444781162895,0.0108642578125,0.002685546875,Yes,ibm_kingston,2026-09-30T19:22:44Z
24,250.2487727673215,60.97222755306054,0.0157470703125,,0.026123046875,0.00537109375,2180,0.000434425021789645,32,0.000434425021789645,0,0.000434425021789645,0.000434425021789645,0.000434425021789645,23:0.0018808609588751024;23:0.0018808609588751024;25:0.0022327282638359702;25:0.0022327282638359702,23:68;23:68;25:68;25:68,23:0.0013869635966924088;23:0.0013869635966924088;25:0.0019035549999484591;25:0.0019035549999484591,0.0157470703125,0.00537109375,Yes,ibm_kingston,2026-09-30T19:22:44Z
25,333.02392345209194,25.313951968855548,0.0057373046875,,0.0107421875,0.000732421875,2180,0.00020404437660291068,32,0.00020404437660291068,0,0.00020404437660291068,0.00020404437660291068,0.00020404437660291068,24:0.0022327282638359702;24:0.0022327282638359702;26:0.0020333692235676992;26:0.0020333692235676992;37:0.00203409806759125;37:0.00203409806759125,24:68;24:68;26:68;26:68;37:68;37:68,24:0.0019035549999484591;24:0.0019035549999484591;26:0.0013028663469201729;26:0.0013028663469201729;37:0.0015945091696998037;37:0.0015945091696998037,0.0057373046875,0.000732421875,Yes,ibm_kingston,2026-09-30T19:22:44Z
26,160.30595840994457,116.88379691695799,0.0098876953125,,0.017578125,0.002197265625,2180,0.000288143299355697,32,0.000288143299355697,0,0.000288143299355697,0.000288143299355697,0.000288143299355697,25:0.0020333692235676992;25:0.0020333692235676992;27:0.0018201786885373161;27:0.0018201786885373161,25:68;25:68;27:68;27:68,25:0.0013028663469201729;25:0.0013028663469201729;27:0.0014587265687013296;27:0.0014587265687013296,0.0098876953125,0.002197265625,Yes,ibm_kingston,2026-09-30T19:22:44Z
27,347.8053756726015,62.39844719080956,0.011962890625,,0.0146484375,0.00927734375,2180,0.0002568692106779182,32,0.0002568692106779182,0,0.0002568692106779182,0.0002568692106779182,0.0002568692106779182,26:0.0018201786885373161;26:0.0018201786885373161;28:0.0014427459899507;28:0.0014427459899507;17:0.0013832688416244299;17:0.0013832688416244299,26:68;26:68;28:68;28:68;17:68;17:68,26:0.0014587265687013296;26:0.0014587265687013296;28:0.0012945693926671165;28:0.0012945693926671165;17:0.0013461193350552958;17:0.0013461193350552958,0.011962890625,0.00927734375,Yes,ibm_kingston,2026-09-30T19:22:44Z
28,225.8450341910739,272.43020859572783,0.0133056640625,,0.01708984375,0.009521484375,2180,0.0002113606067285054,32,0.0002113606067285054,0,0.0002113606067285054,0.0002113606067285054,0.0002113606067285054,27:0.0014427459899507;27:0.0014427459899507;29:0.0031833238376993422;29:0.0031833238376993422,27:68;27:68;29:68;29:68,27:0.0012945693926671165;27:0.0012945693926671165;29:0.002573075935572766;29:0.002573075935572766,0.0133056640625,0.009521484375,Yes,ibm_kingston,2026-09-30T19:22:44Z
29,192.41403215910674,82.11384539763868,0.0107421875,,0.014404296875,0.007080078125,2180,0.00017784547991440652,32,0.00017784547991440652,0,0.00017784547991440652,0.00017784547991440652,0.00017784547991440652,38:0.00516029295720008;38:0.00516029295720008;28:0.0031833238376993422;28:0.0031833238376993422;30:0.0015214870258977164;30:0.0015214870258977164,38:68;38:68;28:68;28:68;30:80;30:80,38:0.002464838135779135;38:0.002464838135779135;28:0.002573075935572766;28:0.002573075935572766;30:0.006269559981210204;30:0.006269559981210204,0.0107421875,0.007080078125,Yes,ibm_kingston,2026-09-30T19:22:44Z
30,274.57306727924,98.598165398421,0.0050048828125,,0.009033203125,0.0009765625,2180,0.0005166488959003513,32,0.0005166488959003513,0,0.0005166488959003513,0.0005166488959003513,0.0005166488959003513,31:0.003176657803683647;31:0.003176657803683647;29:0.0015214870258977164;29:0.0015214870258977164,31:68;31:68;29:80;29:80,31:0.00448337022560788;31:0.00448337022560788;29:0.006269559981210204;29:0.006269559981210204,0.0050048828125,0.0009765625,Yes,ibm_kingston,2026-09-30T19:22:44Z
31,163.12174846339911,202.82932989410148,0.0404052734375,,0.030517578125,0.05029296875,2180,0.00020741825050432598,32,0.00020741825050432598,0,0.00020741825050432598,0.00020741825050432598,0.00020741825050432598,30:0.003176657803683647;30:0.003176657803683647;32:0.002279139039237682;32:0.002279139039237682;18:0.00212991603124002;18:0.00212991603124002,30:68;30:68;32:68;32:68;18:68;18:68,30:0.00448337022560788;30:0.00448337022560788;32:0.001720229689125663;32:0.001720229689125663;18:0.0016440156744891021;18:0.0016440156744891021,0.0404052734375,0.05029296875,Yes,ibm_kingston,2026-09-30T19:22:44Z
32,97.37514371340096,152.6249928385485,0.047607421875,,0.05859375,0.03662109375,2180,0.0005769833677624226,32,0.0005769833677624226,0,0.0005769833677624226,0.0005769833677624226,0.0005769833677624226,31:0.002279139039237682;31:0.002279139039237682;33:0.005773964376827062;33:0.005773964376827062,31:68;31:68;33:68;33:68,31:0.001720229689125663;31:0.001720229689125663;33:0.0015179413864499225;33:0.0015179413864499225,0.047607421875,0.03662109375,Yes,ibm_kingston,2026-09-30T19:22:44Z
33,359.23378953094544,398.93337301796765,0.009765625,,0.00927734375,0.001953125,2180,0.00013194483586372974,32,0.00013194483586372974,0,0.00013194483586372974,0.00013194483586372974,0.00013194483586372974,39:0.0022474254108090785;39:0.0022474254108090785;32:0.005773964376827062;32:0.005773964376827062;34:0.002075713749234487;34:0.002075713749234487,39:68;39:68;32:68;32:68;34:108;34:108,39:0.0014044395657442088;39:0.0014044395657442088;32:0.0015179413864499225;32:0.0015179413864499225;34:0.0021341616570770827;34:0.0021341616570770827,0.009765625,0.001953125,Yes,ibm_kingston,2026-09-30T19:22:44Z
34,238.8798710602399,223.01803565075667,0.017333984375,,0.01904296875,0.015625,2180,0.0003255163294581154,32,0.0003255163294581154,0,0.0003255163294581154,0.0003255163294581154,0.0003255163294581154,33:0.002075713749234487;33:0.002075713749234487;35:0.0012958469063122369;35:0.0012958469063122369,33:108;33:108;35:68;35:68,33:0.0021341616570770827;33:0.0021341616570770827;35:0.0013554552720567714;35:0.0013554552720567714,0.017333984375,0.015625,Yes,ibm_kingston,2026-09-30T19:22:44Z
35,296.6489336059894,338.58926134812697,0.014892578125,,0.014404296875,0.015380859375,2180,0.00040775090194556724,32,0.00040775090194556724,0,0.00040775090194556724,0.00040775090194556724,0.00040775090194556724,19:0.0012608100594095617;19:0.0012608100594095617;34:0.0012958469063122369;34:0.0012958469063122369,19:68;19:68;34:68;34:68,19:0.001222579689993536;19:0.001222579689993536;34:0.0013554552720567714;34:0.0013554552720567714,0.014892578125,0.015380859375,Yes,ibm_kingston,2026-09-30T19:22:44Z
36,313.1273813057456,241.62927431021382,0.0047607421875,,0.006591796875,0.0029296875,2180,0.000356727855660777,32,0.000356727855660777,0,0.000356727855660777,0.000356727855660777,0.000356727855660777,41:0.002332308424968371;41:0.002332308424968371;21:0.0013992499628769361;21:0.0013992499628769361,41:68;41:68;21:68;21:68,41:0.002798280362544342;41:0.002798280362544342;21:0.0013890178225773875;21:0.0013890178225773875,0.0047607421875,0.0029296875,Yes,ibm_kingston,2026-09-30T19:22:44Z
37,175.36104495376972,30.761737514124796,0.0050048828125,,0.008056640625,0.001953125,2180,0.0003547579648199301,32,0.0003547579648199301,0,0.0003547579648199301,0.0003547579648199301,0.0003547579648199301,45:0.0026373947806740405;45:0.0026373947806740405;25:0.00203409806759125;25:0.00203409806759125,45:68;45:68;25:68;25:68,45:0.0020948564475691267;45:0.0020948564475691267;25:0.0015945091696998037;25:0.0015945091696998037,0.0050048828125,0.001953125,Yes,ibm_kingston,2026-09-30T19:22:44Z
38,294.33835852755374,110.82162087608056,0.0078125,,0.00927734375,0.00634765625,2180,0.00035228173265609445,32,0.00035228173265609445,0,0.00035228173265609445,0.00035228173265609445,0.00035228173265609445,29:0.00516029295720008;29:0.00516029295720008;49:0.0016264225469701243;49:0.0016264225469701243,29:68;29:68;49:68;49:68,29:0.002464838135779135;29:0.002464838135779135;49:0.0012251946320679108;49:0.0012251946320679108,0.0078125,0.00634765625,Yes,ibm_kingston,2026-09-30T19:22:44Z
39,186.91155959550562,120.32529783414378,0.0096435546875,,0.009521484375,0.009765625,2180,0.0004507712200197287,32,0.0004507712200197287,0,0.0004507712200197287,0.0004507712200197287,0.0004507712200197287,53:0.0012987488361186905;53:0.0012987488361186905;33:0.0022474254108090785;33:0.0022474254108090785,53:68;53:68;33:68;33:68,53:0.001550385128090831;53:0.001550385128090831;33:0.0014044395657442088;33:0.0014044395657442088,0.0096435546875,0.009765625,Yes,ibm_kingston,2026-09-30T19:22:44Z
40,248.06976096921701,36.61444171744261,0.007568359375,,0.013916015625,0.001220703125,2180,0.00044395788047521653,32,0.00044395788047521653,0,0.00044395788047521653,0.00044395788047521653,0.00044395788047521653,41:0.002543732417045419;41:0.002543732417045419,41:68;41:68,41:0.0026578582566824938;41:0.0026578582566824938,0.007568359375,0.001220703125,Yes,ibm_kingston,2026-09-30T19:22:44Z
41,284.31483564546346,42.43411484617899,0.005859375,,0.009765625,0.001953125,2180,0.0006753926432785887,32,0.0006753926432785887,0,0.0006753926432785887,0.0006753926432785887,0.0006753926432785887,40:0.002543732417045419;40:0.002543732417045419;42:0.0025964056288005355;42:0.0025964056288005355;36:0.002332308424968371;36:0.002332308424968371,40:68;40:68;42:68;42:68;36:68;36:68,40:0.0026578582566824938;40:0.0026578582566824938;42:0.0030367176511293947;42:0.0030367176511293947;36:0.002798280362544342;36:0.002798280362544342,0.005859375,0.001953125,Yes,ibm_kingston,2026-09-30T19:22:44Z
42,214.3520810019932,87.07301129839483,0.0029296875,,0.005126953125,0.000732421875,2180,0.0003778538715601566,32,0.0003778538715601566,0,0.0003778538715601566,0.0003778538715601566,0.0003778538715601566,41:0.0025964056288005355;41:0.0025964056288005355;43:0.0026232540763518886;43:0.0026232540763518886,41:68;41:68;43:68;43:68,41:0.0030367176511293947;41:0.0030367176511293947;43:0.002310502107980922;43:0.002310502107980922,0.0029296875,0.000732421875,Yes,ibm_kingston,2026-09-30T19:22:44Z
43,253.98616894622353,42.453246997824465,0.004150390625,,0.0068359375,0.00146484375,2180,0.0006129853963763778,32,0.0006129853963763778,0,0.0006129853963763778,0.0006129853963763778,0.0006129853963763778,42:0.0026232540763518886;42:0.0026232540763518886;56:0.006206177681817748;56:0.006206177681817748;44:0.002569130576479589;44:0.002569130576479589,42:68;42:68;56:68;56:68;44:68;44:68,42:0.002310502107980922;42:0.002310502107980922;56:0.004377742702088044;56:0.004377742702088044;44:0.002530390112767844;44:0.002530390112767844,0.004150390625,0.00146484375,Yes,ibm_kingston,2026-09-30T19:22:44Z
44,271.9086399454198,263.35595116350805,0.008056640625,,0.013671875,0.00244140625,2180,0.00025436534239359096,32,0.00025436534239359096,0,0.00025436534239359096,0.00025436534239359096,0.00025436534239359096,45:0.0016187880969308066;45:0.0016187880969308066;43:0.002569130576479589;43:0.002569130576479589,45:68;45:68;43:68;43:68,45:0.0022184480789718686;45:0.0022184480789718686;43:0.002530390112767844;43:0.002530390112767844,0.008056640625,0.00244140625,Yes,ibm_kingston,2026-09-30T19:22:44Z
45,206.1975682164392,169.0274474436638,0.006591796875,,0.007568359375,0.005615234375,2180,0.0003624261306158665,32,0.0003624261306158665,0,0.0003624261306158665,0.0003624261306158665,0.0003624261306158665,44:0.0016187880969308066;44:0.0016187880969308066;46:0.0015122126750011233;46:0.0015122126750011233;37:0.0026373947806740405;37:0.0026373947806740405,44:68;44:68;46:68;46:68;37:68;37:68,44:0.0022184480789718686;44:0.0022184480789718686;46:0.0015471827661909243;46:0.0015471827661909243;37:0.0020948564475691267;37:0.0020948564475691267,0.006591796875,0.005615234375,Yes,ibm_kingston,2026-09-30T19:22:44Z
46,136.5665489220658,92.38169785650025,0.0072021484375,,0.011962890625,0.00244140625,2180,0.000583892143505662,32,0.000583892143505662,0,0.000583892143505662,0.000583892143505662,0.000583892143505662,45:0.0015122126750011233;45:0.0015122126750011233;47:0.0016730289724763703;47:0.0016730289724763703,45:68;45:68;47:68;47:68,45:0.0015471827661909243;45:0.0015471827661909243;47:0.001903769152841961;47:0.001903769152841961,0.0072021484375,0.00244140625,Yes,ibm_kingston,2026-09-30T19:22:44Z
47,307.1835609357145,301.60650401600253,0.0048828125,,0.00537109375,0.00439453125,2180,0.00039505227974447873,32,0.00039505227974447873,0,0.00039505227974447873,0.00039505227974447873,0.00039505227974447873,48:0.002336815375220458;48:0.002336815375220458;57:0.0016863155253114825;57:0.0016863155253114825;46:0.0016730289724763703;46:0.0016730289724763703,48:68;48:68;57:68;57:68;46:68;46:68,48:0.0027995191091160776;48:0.0027995191091160776;57:0.0016063801707054126;57:0.0016063801707054126;46:0.001903769152841961;46:0.001903769152841961,0.0048828125,0.00439453125,Yes,ibm_kingston,2026-09-30T19:22:44Z
48,129.88734613751438,18.58823543728246,0.0030517578125,,0.004638671875,0.00146484375,2180,0.00034842532074549985,32,0.00034842532074549985,0,0.00034842532074549985,0.00034842532074549985,0.00034842532074549985,47:0.002336815375220458;47:0.002336815375220458;49:0.0019297157462463688;49:0.0019297157462463688,47:68;47:68;49:68;49:68,47:0.0027995191091160776;47:0.0027995191091160776;49:0.0021443687600617434;49:0.0021443687600617434,0.0030517578125,0.00146484375,Yes,ibm_kingston,2026-09-30T19:22:44Z
49,331.1707721950338,107.69027752209364,0.0067138671875,,0.010986328125,0.00244140625,2180,0.0005198358582517515,32,0.0005198358582517515,0,0.0005198358582517515,0.0005198358582517515,0.0005198358582517515,48:0.0019297157462463688;48:0.0019297157462463688;50:0.0017439058349650316;50:0.0017439058349650316;38:0.0016264225469701243;38:0.0016264225469701243,48:68;48:68;50:68;50:68;38:68;38:68,48:0.0021443687600617434;48:0.0021443687600617434;50:0.001874771037977535;50:0.001874771037977535;38:0.0012251946320679108;38:0.0012251946320679108,0.0067138671875,0.00244140625,Yes,ibm_kingston,2026-09-30T19:22:44Z
50,254.29827284624753,263.8605289206436,0.002197265625,,0.013671875,0.0009765625,2180,0.00015999721456156545,32,0.00015999721456156545,0,0.00015999721456156545,0.00015999721456156545,0.00015999721456156545,49:0.0017439058349650316;49:0.0017439058349650316;51:0.0014281270482505992;51:0.0014281270482505992,49:68;49:68;51:68;51:68,49:0.001874771037977535;49:0.001874771037977535;51:0.0011268156133793505;51:0.0011268156133793505,0.002197265625,0.0009765625,Yes,ibm_kingston,2026-09-30T19:22:44Z
51,356.98681114305543,283.8279560838782,0.013671875,,0.02001953125,0.00732421875,2180,0.0002494902044434404,32,0.0002494902044434404,0,0.0002494902044434404,0.0002494902044434404,0.0002494902044434404,50:0.0014281270482505992;50:0.0014281270482505992;52:0.0021951312712477633;52:0.0021951312712477633;58:0.001965329904512342;58:0.001965329904512342,50:68;50:68;52:68;52:68;58:68;58:68,50:0.0011268156133793505;50:0.0011268156133793505;52:0.0018928990072791252;52:0.0018928990072791252;58:0.0016483308137769936;58:0.0016483308137769936,0.013671875,0.00732421875,Yes,ibm_kingston,2026-09-30T19:22:44Z
52,287.73765746823705,49.42601545271095,0.0147705078125,,0.025146484375,0.00439453125,2180,0.00072474427097862,32,0.00072474427097862,0,0.00072474427097862,0.00072474427097862,0.00072474427097862,51:0.0021951312712477633;51:0.0021951312712477633;53:0.0015020452743361445;53:0.0015020452743361445,51:68;51:68;53:68;53:68,51:0.0018928990072791252;51:0.0018928990072791252;53:0.001982921889799094;53:0.001982921889799094,0.0147705078125,0.00439453125,Yes,ibm_kingston,2026-09-30T19:22:44Z
53,329.88344894616074,40.11588949207457,0.004150390625,,0.007080078125,0.001220703125,2180,0.0002290557870258177,32,0.0002290557870258177,0,0.0002290557870258177,0.0002290557870258177,0.0002290557870258177,39:0.0012987488361186905;39:0.0012987488361186905;52:0.0015020452743361445;52:0.0015020452743361445;54:0.0010395939245584629;54:0.0010395939245584629,39:68;39:68;52:68;52:68;54:68;54:68,39:0.001550385128090831;39:0.001550385128090831;52:0.001982921889799094;52:0.001982921889799094;54:0.0031452774154224206;54:0.0031452774154224206,0.004150390625,0.001220703125,Yes,ibm_kingston,2026-09-30T19:22:44Z
54,313.47507306573976,197.31865595794662,0.021484375,,0.03564453125,0.00732421875,2180,0.00035227605307002315,32,0.00035227605307002315,0,0.00035227605307002315,0.00035227605307002315,0.00035227605307002315,53:0.0010395939245584629;53:0.0010395939245584629;55:0.005887573829827852;55:0.005887573829827852,53:68;53:68;55:68;55:68,53:0.0031452774154224206;53:0.0031452774154224206;55:0.0013766769038789373;55:0.0013766769038789373,0.021484375,0.00732421875,Yes,ibm_kingston,2026-09-30T19:22:44Z
55,387.7404596049653,87.2115012579337,0.008056640625,,0.009765625,0.00634765625,2180,0.00013006900748432017,32,0.00013006900748432017,0,0.00013006900748432017,0.00013006900748432017,0.00013006900748432017,59:0.0009170194501529338;59:0.0009170194501529338;54:0.005887573829827852;54:0.005887573829827852,59:68;59:68;54:68;54:68,59:0.0013122987953489984;59:0.0013122987953489984;54:0.0013766769038789373;54:0.0013766769038789373,0.008056640625,0.00634765625,Yes,ibm_kingston,2026-09-30T19:22:44Z
56,236.28664325302512,40.376815482643494,0.01416015625,,0.021484375,0.0068359375,2180,0.00031744992243654336,32,0.00031744992243654336,0,0.00031744992243654336,0.00031744992243654336,0.00031744992243654336,63:0.0022120527216935304;63:0.0022120527216935304;43:0.006206177681817748;43:0.006206177681817748,63:68;63:68;43:68;43:68,63:0.0017375326363262;63:0.0017375326363262;43:0.004377742702088044;43:0.004377742702088044,0.01416015625,0.0068359375,Yes,ibm_kingston,2026-09-30T19:22:44Z
57,218.28212979430734,239.73727558149477,0.005859375,,0.00732421875,0.00439453125,2180,0.0003790543123360111,32,0.0003790543123360111,0,0.0003790543123360111,0.0003790543123360111,0.0003790543123360111,47:0.0016863155253114825;47:0.0016863155253114825;67:0.0018239499474953513;67:0.0018239499474953513,47:68;47:68;67:68;67:68,47:0.0016063801707054126;47:0.0016063801707054126;67:0.0013096515716355117;67:0.0013096515716355117,0.005859375,0.00439453125,Yes,ibm_kingston,2026-09-30T19:22:44Z
58,237.9980630444963,156.7301505684366,0.02197265625,,0.013427734375,0.030517578125,2180,0.00028012905718006076,32,0.00028012905718006076,0,0.00028012905718006076,0.00028012905718006076,0.00028012905718006076,71:0.002615072767516907;71:0.002615072767516907;51:0.001965329904512342;51:0.001965329904512342,71:68;71:68;51:68;51:68,71:0.0012479612020394881;71:0.0012479612020394881;51:0.0016483308137769936;51:0.0016483308137769936,0.02197265625,0.030517578125,Yes,ibm_kingston,2026-09-30T19:22:44Z
59,285.7873325599347,444.6729063000512,0.00390625,,0.007568359375,0.000244140625,2180,0.00018806337058017213,32,0.00018806337058017213,0,0.00018806337058017213,0.00018806337058017213,0.00018806337058017213,55:0.0009170194501529338;55:0.0009170194501529338;75:0.0025836835789152246;75:0.0025836835789152246,55:68;55:68;75:68;75:68,55:0.0013122987953489984;55:0.0013122987953489984;75:0.0014440034239462107;75:0.0014440034239462107,0.00390625,0.000244140625,Yes,ibm_kingston,2026-09-30T19:22:44Z
60,151.64697700980287,33.62956158105293,0.004150390625,,0.007080078125,0.001220703125,2180,0.0006692880402796753,32,0.0006692880402796753,0,0.0006692880402796753,0.0006692880402796753,0.0006692880402796753,61:0.00491960428921237;61:0.00491960428921237,61:68;61:68,61:0.0021990880720425265;61:0.0021990880720425265,0.004150390625,0.001220703125,Yes,ibm_kingston,2026-09-30T19:22:44Z
61,193.23289937881836,41.771873093445926,0.0057373046875,,0.009033203125,0.00244140625,2180,0.00044453358899981213,32,0.00044453358899981213,0,0.00044453358899981213,0.00044453358899981213,0.00044453358899981213,76:0.002709698654003778;76:0.002709698654003778;60:0.00491960428921237;60:0.00491960428921237;62:0.0014404678097831858;62:0.0014404678097831858,76:68;76:68;60:68;60:68;62:68;62:68,76:0.0021259158176147597;76:0.0021259158176147597;60:0.0021990880720425265;60:0.0021990880720425265;62:0.0019063990741138015;62:0.0019063990741138015,0.0057373046875,0.00244140625,Yes,ibm_kingston,2026-09-30T19:22:44Z
62,211.94213447945785,98.5229086372261,0.0076904296875,,0.0048828125,0.010498046875,2180,0.0002577543226613046,32,0.0002577543226613046,0,0.0002577543226613046,0.0002577543226613046,0.0002577543226613046,61:0.0014404678097831858;61:0.0014404678097831858;63:0.001715863064984141;63:0.001715863064984141,61:68;61:68;63:68;63:68,61:0.0019063990741138015;61:0.0019063990741138015;63:0.0018720953494059112;63:0.0018720953494059112,0.0076904296875,0.010498046875,Yes,ibm_kingston,2026-09-30T19:22:44Z
63,363.315499381214,57.036072104155735,0.0057373046875,,0.00830078125,0.003173828125,2180,0.0003508676730171491,32,0.0003508676730171491,0,0.0003508676730171491,0.0003508676730171491,0.0003508676730171491,56:0.0022120527216935304;56:0.0022120527216935304;62:0.001715863064984141;62:0.001715863064984141;64:0.001954906154485625;64:0.001954906154485625,56:68;56:68;62:68;62:68;64:68;64:68,56:0.0017375326363262;56:0.0017375326363262;62:0.0018720953494059112;62:0.0018720953494059112;64:0.0021215339033295866;64:0.0021215339033295866,0.0057373046875,0.003173828125,Yes,ibm_kingston,2026-09-30T19:22:44Z
64,172.0301540913897,127.09259010827209,0.0047607421875,,0.00732421875,0.002197265625,2180,0.00023460692326880057,32,0.00023460692326880057,0,0.00023460692326880057,0.00023460692326880057,0.00023460692326880057,65:0.0020060201117623744;65:0.0020060201117623744;63:0.001954906154485625;63:0.001954906154485625,65:68;65:68;63:68;63:68,65:0.0022917891292749126;65:0.0022917891292749126;63:0.0021215339033295866;63:0.0021215339033295866,0.0047607421875,0.002197265625,Yes,ibm_kingston,2026-09-30T19:22:44Z
65,249.03487405870652,204.5261881515198,0.0169677734375,,0.01953125,0.014404296875,2180,0.00047824408053013276,32,0.00047824408053013276,0,0.00047824408053013276,0.00047824408053013276,0.00047824408053013276,64:0.0020060201117623744;64:0.0020060201117623744;66:0.001893957009469066;66:0.001893957009469066;77:0.004798408149190386;77:0.004798408149190386,64:68;64:68;66:68;66:68;77:68;77:68,64:0.0022917891292749126;64:0.0022917891292749126;66:0.0021057394841800248;66:0.0021057394841800248;77:0.0033524926231619234;77:0.0033524926231619234,0.0169677734375,0.014404296875,Yes,ibm_kingston,2026-09-30T19:22:44Z
66,117.23971822463348,158.06055863679094,0.0084228515625,,0.0146484375,0.002197265625,2180,0.0005623726205318696,32,0.0005623726205318696,0,0.0005623726205318696,0.0005623726205318696,0.0005623726205318696,65:0.001893957009469066;65:0.001893957009469066;67:0.00222255063304283;67:0.00222255063304283,65:68;65:68;67:68;67:68,65:0.0021057394841800248;65:0.0021057394841800248;67:0.0021927730099221276;67:0.0021927730099221276,0.0084228515625,0.002197265625,Yes,ibm_kingston,2026-09-30T19:22:44Z
67,268.2557570169282,245.6069605216415,0.0052490234375,,0.0087890625,0.002197265625,2180,0.0003418795494186989,32,0.0003418795494186989,0,0.0003418795494186989,0.0003418795494186989,0.0003418795494186989,68:0.0017467044439335166;68:0.0017467044439335166;57:0.0018239499474953513;57:0.0018239499474953513;66:0.00222255063304283;66:0.00222255063304283,68:68;68:68;57:68;57:68;66:68;66:68,68:0.001156767151572563;68:0.001156767151572563;57:0.0013096515716355117;57:0.0013096515716355117;66:0.0021927730099221276;66:0.0021927730099221276,0.0052490234375,0.002197265625,Yes,ibm_kingston,2026-09-30T19:22:44Z
68,242.37877282213955,144.0414049463141,0.007568359375,,0.01025390625,0.0048828125,2180,0.0001685115496623777,32,0.0001685115496623777,0,0.0001685115496623777,0.0001685115496623777,0.0001685115496623777,67:0.0017467044439335166;67:0.0017467044439335166;69:0.0015441268181550505;69:0.0015441268181550505,67:68;67:68;69:68;69:68,67:0.001156767151572563;67:0.001156767151572563;69:0.0013259708584385799;69:0.0013259708584385799,0.007568359375,0.0048828125,Yes,ibm_kingston,2026-09-30T19:22:44Z
69,407.79293587439605,293.2686378372881,0.0106201171875,,0.014404296875,0.0068359375,2180,0.00021105247156805821,32,0.00021105247156805821,0,0.00021105247156805821,0.00021105247156805821,0.00021105247156805821,78:0.0021884214584365624;78:0.0021884214584365624;68:0.0015441268181550505;68:0.0015441268181550505;70:0.0025231513849047205;70:0.0025231513849047205,78:68;78:68;68:68;68:68;70:68;70:68,78:0.0017889818723106632;78:0.0017889818723106632;68:0.0013259708584385799;68:0.0013259708584385799;70:0.0017309437030675334;70:0.0017309437030675334,0.0106201171875,0.0068359375,Yes,ibm_kingston,2026-09-30T19:22:44Z
70,298.781073060627,52.45240867833392,0.0157470703125,,0.017578125,0.013916015625,2180,0.0002318053763106288,32,0.0002318053763106288,0,0.0002318053763106288,0.0002318053763106288,0.0002318053763106288,69:0.0025231513849047205;69:0.0025231513849047205;71:0.002455213526241451;71:0.002455213526241451,69:68;69:68;71:68;71:68,69:0.0017309437030675334;69:0.0017309437030675334;71:0.0015662580998011821;71:0.0015662580998011821,0.0157470703125,0.013916015625,Yes,ibm_kingston,2026-09-30T19:22:44Z
71,221.79753718648803,164.1589993459153,0.0057373046875,,0.00830078125,0.003173828125,2180,0.0002607985447231654,32,0.0002607985447231654,0,0.0002607985447231654,0.0002607985447231654,0.0002607985447231654,72:0.0020653470846630495;72:0.0020653470846630495;58:0.002615072767516907;58:0.002615072767516907;70:0.002455213526241451;70:0.002455213526241451,72:68;72:68;58:68;58:68;70:68;70:68,72:0.0011452250880897574;72:0.0011452250880897574;58:0.0012479612020394881;58:0.0012479612020394881;70:0.0015662580998011821;70:0.0015662580998011821,0.0057373046875,0.003173828125,Yes,ibm_kingston,2026-09-30T19:22:44Z
72,105.58141840347761,103.14989595655842,0.04443359375,,0.048583984375,0.040283203125,2180,0.00028074643976335655,32,0.00028074643976335655,0,0.00028074643976335655,0.00028074643976335655,0.00028074643976335655,73:0.0030413501884929417;73:0.0030413501884929417;71:0.0020653470846630495;71:0.0020653470846630495,73:68;73:68;71:68;71:68,73:0.0019276786844712734;73:0.0019276786844712734;71:0.0011452250880897574;71:0.0011452250880897574,0.04443359375,0.040283203125,Yes,ibm_kingston,2026-09-30T19:22:44Z
73,212.0525293539613,167.93892274036216,0.020751953125,,0.031494140625,0.010009765625,2180,0.00033501987126693266,32,0.00033501987126693266,0,0.00033501987126693266,0.00033501987126693266,0.00033501987126693266,72:0.0030413501884929417;72:0.0030413501884929417;74:0.0010841289508394802;74:0.0010841289508394802;79:0.0012006266086002082;79:0.0012006266086002082,72:68;72:68;74:68;74:68;79:68;79:68,72:0.0019276786844712734;72:0.0019276786844712734;74:0.0012888195409813397;74:0.0012888195409813397;79:0.0014709687591693554;79:0.0014709687591693554,0.020751953125,0.010009765625,Yes,ibm_kingston,2026-09-30T19:22:44Z
74,314.3153010716654,212.69653415459203,0.005126953125,,0.00927734375,0.0009765625,2180,0.00038513991662799454,32,0.00038513991662799454,0,0.00038513991662799454,0.00038513991662799454,0.00038513991662799454,73:0.0010841289508394802;73:0.0010841289508394802;75:0.0013283419632843796;75:0.0013283419632843796,73:68;73:68;75:68;75:68,73:0.0012888195409813397;73:0.0012888195409813397;75:0.004543679294636643;75:0.004543679294636643,0.005126953125,0.0009765625,Yes,ibm_kingston,2026-09-30T19:22:44Z
75,270.41385205819324,157.48239598616237,0.0125732421875,,0.01513671875,0.010009765625,2180,0.00022718615407651196,32,0.00022718615407651196,0,0.00022718615407651196,0.00022718615407651196,0.00022718615407651196,59:0.0025836835789152246;59:0.0025836835789152246;74:0.0013283419632843796;74:0.0013283419632843796,59:68;59:68;74:68;74:68,59:0.0014440034239462107;59:0.0014440034239462107;74:0.004543679294636643;74:0.004543679294636643,0.0125732421875,0.010009765625,Yes,ibm_kingston,2026-09-30T19:22:44Z
76,110.8638760682806,45.473297269279875,0.0379638671875,,0.060791015625,0.01513671875,2180,0.0008234926283366698,32,0.0008234926283366698,0,0.0008234926283366698,0.0008234926283366698,0.0008234926283366698,81:0.005358194708354719;81:0.005358194708354719;61:0.002709698654003778;61:0.002709698654003778,81:68;81:68;61:68;61:68,81:0.002086362457772023;81:0.002086362457772023;61:0.0021259158176147597;61:0.0021259158176147597,0.0379638671875,0.01513671875,Yes,ibm_kingston,2026-09-30T19:22:44Z
77,77.79667215555797,141.242268961317,0.0050048828125,,0.007568359375,0.00244140625,2180,0.0020017704873445306,32,0.0020017704873445306,0,0.0020017704873445306,0.0020017704873445306,0.0020017704873445306,85:0.004979207945657205;85:0.004979207945657205;65:0.004798408149190386;65:0.004798408149190386,85:68;85:68;65:68;65:68,85:0.004273015662019514;85:0.004273015662019514;65:0.0033524926231619234;65:0.0033524926231619234,0.0050048828125,0.00244140625,Yes,ibm_kingston,2026-09-30T19:22:44Z
78,170.72264093319816,33.28288258085012,0.025390625,,0.02685546875,0.02392578125,2180,0.00035245233367155887,32,0.00035245233367155887,0,0.00035245233367155887,0.00035245233367155887,0.00035245233367155887,69:0.0021884214584365624;69:0.0021884214584365624;89:0.0018719416647076104;89:0.0018719416647076104,69:68;69:68;89:68;89:68,69:0.0017889818723106632;69:0.0017889818723106632;89:0.002006305223337973;89:0.002006305223337973,0.025390625,0.02392578125,Yes,ibm_kingston,2026-09-30T19:22:44Z
79,400.94297684891285,80.07526326631293,0.0045166015625,,0.007080078125,0.001953125,2180,0.00017940634148337476,32,0.00017940634148337476,0,0.00017940634148337476,0.00017940634148337476,0.00017940634148337476,93:0.0019557386575786706;93:0.0019557386575786706;73:0.0012006266086002082;73:0.0012006266086002082,93:68;93:68;73:68;73:68,93:0.0015749378100963496;93:0.0015749378100963496;73:0.0014709687591693554;73:0.0014709687591693554,0.0045166015625,0.001953125,Yes,ibm_kingston,2026-09-30T19:22:44Z
80,327.205179284543,347.50712471818946,0.0184326171875,,0.015625,0.021240234375,2180,0.00019123628775619063,32,0.00019123628775619063,0,0.00019123628775619063,0.00019123628775619063,0.00019123628775619063,81:0.0011316775912922905;81:0.0011316775912922905,81:68;81:68,81:0.0012242171710920846;81:0.0012242171710920846,0.0184326171875,0.021240234375,Yes,ibm_kingston,2026-09-30T19:22:44Z
81,281.25181907374804,278.8808232396443,0.010986328125,,0.012451171875,0.009521484375,2180,0.00031972247128218226,32,0.00031972247128218226,0,0.00031972247128218226,0.00031972247128218226,0.00031972247128218226,80:0.0011316775912922905;80:0.0011316775912922905;82:0.0015912726259550425;82:0.0015912726259550425;76:0.005358194708354719;76:0.005358194708354719,80:68;80:68;82:68;82:68;76:68;76:68,80:0.0012242171710920846;80:0.0012242171710920846;82:0.0011159149263178514;82:0.0011159149263178514;76:0.002086362457772023;76:0.002086362457772023,0.010986328125,0.009521484375,Yes,ibm_kingston,2026-09-30T19:22:44Z
82,243.89242693140775,288.0090835335595,0.0087890625,,0.0087890625,0.0087890625,2180,0.0001957052613028737,32,0.0001957052613028737,0,0.0001957052613028737,0.0001957052613028737,0.0001957052613028737,81:0.0015912726259550425;81:0.0015912726259550425;83:0.001150293160170679;83:0.001150293160170679,81:68;81:68;83:68;83:68,81:0.0011159149263178514;81:0.0011159149263178514;83:0.0010585914980328903;83:0.0010585914980328903,0.0087890625,0.0087890625,Yes,ibm_kingston,2026-09-30T19:22:44Z
83,267.135460491272,198.34303453613947,0.037353515625,,0.02685546875,0.0478515625,2180,0.00018361089928844675,32,0.00018361089928844675,0,0.00018361089928844675,0.00018361089928844675,0.00018361089928844675,96:0.0012868517861047979;96:0.0012868517861047979;82:0.001150293160170679;82:0.001150293160170679;84:0.0021693503377635537;84:0.0021693503377635537,96:68;96:68;82:68;82:68;84:68;84:68,96:0.0016482926195477976;96:0.0016482926195477976;82:0.0010585914980328903;82:0.0010585914980328903;84:0.0019281325475044298;84:0.0019281325475044298,0.037353515625,0.0478515625,Yes,ibm_kingston,2026-09-30T19:22:44Z
84,270.0468904964507,64.12426579111437,0.004638671875,,0.01513671875,0.0009765625,2180,0.0005917861732693059,32,0.0005917861732693059,0,0.0005917861732693059,0.0005917861732693059,0.0005917861732693059,83:0.0021693503377635537;83:0.0021693503377635537;85:0.03835036525077498;85:0.03835036525077498,83:68;83:68;85:68;85:68,83:0.0019281325475044298;83:0.0019281325475044298;85:0.04009503958312424;85:0.04009503958312424,0.004638671875,0.0009765625,Yes,ibm_kingston,2026-09-30T19:22:44Z
85,176.31596495225693,118.73853873911644,0.01025390625,,0.01416015625,0.00634765625,2180,0.000622718779060626,32,0.000622718779060626,0,0.000622718779060626,0.000622718779060626,0.000622718779060626,77:0.004979207945657205;77:0.004979207945657205;86:0.040695096781663165;86:0.040695096781663165;84:0.03835036525077498;84:0.03835036525077498,77:68;77:68;86:68;86:68;84:68;84:68,77:0.004273015662019514;77:0.004273015662019514;86:0.020969362118993223;86:0.020969362118993223;84:0.04009503958312424;84:0.04009503958312424,0.01025390625,0.00634765625,Yes,ibm_kingston,2026-09-30T19:22:44Z
86,162.75430442868557,23.487985914056466,0.002685546875,,0.00537109375,0,2180,0.00038947420090521863,32,0.00038947420090521863,0,0.00038947420090521863,0.00038947420090521863,0.00038947420090521863,85:0.040695096781663165;85:0.040695096781663165;87:0.05074134352285323;87:0.05074134352285323,85:68;85:68;87:68;87:68,85:0.020969362118993223;85:0.020969362118993223;87:0.019160005044849326;87:0.019160005044849326,0.002685546875,0,Yes,ibm_kingston,2026-09-30T19:22:44Z
87,103.51026163589708,56.1720747644185,0.0072021484375,,0.012939453125,0.00146484375,2180,0.000397147748305261,32,0.000397147748305261,0,0.000397147748305261,0.000397147748305261,0.000397147748305261,86:0.05074134352285323;86:0.05074134352285323;88:0.002078495935204011;88:0.002078495935204011;97:0.0016085264827902235;97:0.0016085264827902235,86:68;86:68;88:68;88:68;97:68;97:68,86:0.019160005044849326;86:0.019160005044849326;88:0.0031877248236069633;88:0.0031877248236069633;97:0.0020167792852063826;97:0.0020167792852063826,0.0072021484375,0.00146484375,Yes,ibm_kingston,2026-09-30T19:22:44Z
88,239.51480277757918,19.59147164928083,0.0045166015625,,0.008544921875,0.00048828125,2180,0.0003508562511074069,32,0.0003508562511074069,0,0.0003508562511074069,0.0003508562511074069,0.0003508562511074069,87:0.002078495935204011;87:0.002078495935204011;89:0.001838263973209825;89:0.001838263973209825,87:68;87:68;89:68;89:68,87:0.0031877248236069633;87:0.0031877248236069633;89:0.0021969584824614308;89:0.0021969584824614308,0.0045166015625,0.00048828125,Yes,ibm_kingston,2026-09-30T19:22:44Z
89,318.0259696001544,186.19835642667445,0.00390625,,0.005859375,0.001953125,2180,0.0003494635893304038,32,0.0003494635893304038,0,0.0003494635893304038,0.0003494635893304038,0.0003494635893304038,90:0.0013476661482273444;90:0.0013476661482273444;88:0.001838263973209825;88:0.001838263973209825;78:0.0018719416647076104;78:0.0018719416647076104,90:68;90:68;88:68;88:68;78:68;78:68,90:0.0020493826635747114;90:0.0020493826635747114;88:0.0021969584824614308;88:0.0021969584824614308;78:0.002006305223337973;78:0.002006305223337973,0.00390625,0.001953125,Yes,ibm_kingston,2026-09-30T19:22:44Z
90,186.0097638085796,142.48754304001767,0.0045166015625,,0.007568359375,0.00146484375,2180,0.0002816499660678604,32,0.0002816499660678604,0,0.0002816499660678604,0.0002816499660678604,0.0002816499660678604,89:0.0013476661482273444;89:0.0013476661482273444;91:0.0018884518578555776;91:0.0018884518578555776,89:68;89:68;91:68;91:68,89:0.0020493826635747114;89:0.0020493826635747114;91:0.0021868561746342385;91:0.0021868561746342385,0.0045166015625,0.00146484375,Yes,ibm_kingston,2026-09-30T19:22:44Z
91,143.20712042665411,71.16229555495718,0.003173828125,,0.005615234375,0.000732421875,2180,0.00045131276791551345,32,0.00045131276791551345,0,0.00045131276791551345,0.00045131276791551345,0.00045131276791551345,98:0.0018822476447126757;98:0.0018822476447126757;90:0.0018884518578555776;90:0.0018884518578555776;92:0.001703301054612888;92:0.001703301054612888,98:68;98:68;90:68;90:68;92:68;92:68,98:0.001717407496391321;98:0.001717407496391321;90:0.0021868561746342385;90:0.0021868561746342385;92:0.00446441474258491;92:0.00446441474258491,0.003173828125,0.000732421875,Yes,ibm_kingston,2026-09-30T19:22:44Z
92,159.95765112627413,322.69954411682335,0.0443115234375,,0.034423828125,0.05419921875,2180,0.00020876744294138504,32,0.00020876744294138504,0,0.00020876744294138504,0.00020876744294138504,0.00020876744294138504,91:0.001703301054612888;91:0.001703301054612888;93:0.0022994249474808104;93:0.0022994249474808104,91:68;91:68;93:68;93:68,91:0.00446441474258491;91:0.00446441474258491;93:0.0043714738000968645;93:0.0043714738000968645,0.0443115234375,0.05419921875,Yes,ibm_kingston,2026-09-30T19:22:44Z
93,267.59069860017274,112.09875859952413,0.0086669921875,,0.007080078125,0.01025390625,2180,0.0002568661905326941,32,0.0002568661905326941,0,0.0002568661905326941,0.0002568661905326941,0.0002568661905326941,94:0.0020314191694071337;94:0.0020314191694071337;79:0.0019557386575786706;79:0.0019557386575786706;92:0.0022994249474808104;92:0.0022994249474808104,94:68;94:68;79:68;79:68;92:68;92:68,94:0.0011530540717733517;94:0.0011530540717733517;79:0.0015749378100963496;79:0.0015749378100963496;92:0.0043714738000968645;92:0.0043714738000968645,0.0086669921875,0.01025390625,Yes,ibm_kingston,2026-09-30T19:22:44Z
94,266.92847722452063,241.4327589308151,0.0118408203125,,0.010986328125,0.0126953125,2180,0.00013640707329864508,32,0.00013640707329864508,0,0.00013640707329864508,0.00013640707329864508,0.00013640707329864508,93:0.0020314191694071337;93:0.0020314191694071337;95:0.0014948162270257137;95:0.0014948162270257137,93:68;93:68;95:68;95:68,93:0.0011530540717733517;93:0.0011530540717733517;95:0.0019297576130491434;95:0.0019297576130491434,0.0118408203125,0.0126953125,Yes,ibm_kingston,2026-09-30T19:22:44Z
95,252.23346739669716,274.784658299271,0.006103515625,,0.005615234375,0.006591796875,2180,0.00031328991100159205,32,0.00031328991100159205,0,0.00031328991100159205,0.00031328991100159205,0.00031328991100159205,99:0.002159725985707822;99:0.002159725985707822;94:0.0014948162270257137;94:0.0014948162270257137,99:68;99:68;94:68;94:68,99:0.0022650151599704627;99:0.0022650151599704627;94:0.0019297576130491434;94:0.0019297576130491434,0.006103515625,0.006591796875,Yes,ibm_kingston,2026-09-30T19:22:44Z
96,213.63128461717002,158.0519611332466,0.0106201171875,,0.013427734375,0.0078125,2180,0.0002238328357645487,32,0.0002238328357645487,0,0.0002238328357645487,0.0002238328357645487,0.0002238328357645487,83:0.0012868517861047979;83:0.0012868517861047979;103:0.0010581244635615439;103:0.0010581244635615439,83:68;83:68;103:68;103:68,83:0.0016482926195477976;83:0.0016482926195477976;103:0.0010547435741039835;103:0.0010547435741039835,0.0106201171875,0.0078125,Yes,ibm_kingston,2026-09-30T19:22:44Z
97,263.2332240257563,81.59963370114049,0.0081787109375,,0.012451171875,0.00390625,2180,0.00024610574758268384,32,0.00024610574758268384,0,0.00024610574758268384,0.00024610574758268384,0.00024610574758268384,87:0.0016085264827902235;87:0.0016085264827902235;107:0.0014436518044066426;107:0.0014436518044066426,87:68;87:68;107:68;107:68,87:0.0020167792852063826;87:0.0020167792852063826;107:0.0010166778257707232;107:0.0010166778257707232,0.0081787109375,0.00390625,Yes,ibm_kingston,2026-09-30T19:22:44Z
98,120.78123519259597,56.85191766402842,0.0048828125,,0.00830078125,0.00146484375,2180,0.0002872984560543698,32,0.0002872984560543698,0,0.0002872984560543698,0.0002872984560543698,0.0002872984560543698,91:0.0018822476447126757;91:0.0018822476447126757;111:0.0022419598168853805;111:0.0022419598168853805,91:68;91:68;111:68;111:68,91:0.001717407496391321;91:0.001717407496391321;111:0.0013309685455089315;111:0.0013309685455089315,0.0048828125,0.00146484375,Yes,ibm_kingston,2026-09-30T19:22:44Z
99,101.56558483551488,92.67158870652118,0.0233154296875,,0.028076171875,0.0185546875,2180,0.000375730796112815,32,0.000375730796112815,0,0.000375730796112815,0.000375730796112815,0.000375730796112815,115:0.004503430818757842;115:0.004503430818757842;95:0.002159725985707822;95:0.002159725985707822,115:68;115:68;95:68;95:68,115:0.002980464367756702;115:0.002980464367756702;95:0.0022650151599704627;95:0.0022650151599704627,0.0233154296875,0.0185546875,Yes,ibm_kingston,2026-09-30T19:22:44Z
100,174.2916140768027,168.88866344751747,0.013671875,,0.0126953125,0.0146484375,2180,0.0004074297912562584,32,0.0004074297912562584,0,0.0004074297912562584,0.0004074297912562584,0.0004074297912562584,101:0.0016283503247652709;101:0.0016283503247652709,101:68;101:68,101:0.0011948572641655997;101:0.0011948572641655997,0.013671875,0.0146484375,Yes,ibm_kingston,2026-09-30T19:22:44Z
101,254.2782956587273,188.19965122162088,0.0203857421875,,0.029296875,0.021728515625,2180,0.00015830782348569703,32,0.00015830782348569703,0,0.00015830782348569703,0.00015830782348569703,0.00015830782348569703,100:0.0016283503247652709;100:0.0016283503247652709;116:0.0012032323867691153;116:0.0012032323867691153;102:0.00144485360619806;102:0.00144485360619806,100:68;100:68;116:68;116:68;102:68;102:68,100:0.0011948572641655997;100:0.0011948572641655997;116:0.000952620458350123;116:0.000952620458350123;102:0.0010259337340877694;102:0.0010259337340877694,0.0203857421875,0.021728515625,Yes,ibm_kingston,2026-09-30T19:22:44Z
102,208.00552559496683,217.1283313790267,0.0245361328125,,0.04345703125,0.005615234375,2180,0.0002917358962612126,32,0.0002917358962612126,0,0.0002917358962612126,0.0002917358962612126,0.0002917358962612126,101:0.00144485360619806;101:0.00144485360619806;103:0.00996664171295783;103:0.00996664171295783,101:68;101:68;103:68;103:68,101:0.0010259337340877694;101:0.0010259337340877694;103:0.005340293998644108;103:0.005340293998644108,0.0245361328125,0.005615234375,Yes,ibm_kingston,2026-09-30T19:22:44Z
103,366.24561493234575,131.80330456655076,0.0118408203125,,0.010498046875,0.01318359375,2180,0.00014861450120641194,32,0.00014861450120641194,0,0.00014861450120641194,0.00014861450120641194,0.00014861450120641194,104:0.0019922368847199168;104:0.0019922368847199168;96:0.0010581244635615439;96:0.0010581244635615439;102:0.00996664171295783;102:0.00996664171295783,104:68;104:68;96:68;96:68;102:68;102:68,104:0.0014361498554002206;104:0.0014361498554002206;96:0.0010547435741039835;96:0.0010547435741039835;102:0.005340293998644108;102:0.005340293998644108,0.0118408203125,0.01318359375,Yes,ibm_kingston,2026-09-30T19:22:44Z
104,237.48528751676483,380.05809759878736,0.0126953125,,0.018310546875,0.007080078125,2180,0.00048684736738906264,32,0.00048684736738906264,0,0.00048684736738906264,0.00048684736738906264,0.00048684736738906264,103:0.0019922368847199168;103:0.0019922368847199168;105:0.0017731749779905381;105:0.0017731749779905381,103:68;103:68;105:68;105:68,103:0.0014361498554002206;103:0.0014361498554002206;105:0.001544812631789766;105:0.001544812631789766,0.0126953125,0.007080078125,Yes,ibm_kingston,2026-09-30T19:22:44Z
105,200.63660555329002,231.01640704574947,0.0048828125,,0.009033203125,0.000732421875,2180,0.00030701530814880796,32,0.00030701530814880796,0,0.00030701530814880796,0.00030701530814880796,0.00030701530814880796,104:0.0017731749779905381;104:0.0017731749779905381;106:0.0019166198604902984;106:0.0019166198604902984;117:0.0011341166551675774;117:0.0011341166551675774,104:68;104:68;106:68;106:68;117:68;117:68,104:0.001544812631789766;104:0.001544812631789766;106:0.0013289390539422963;106:0.0013289390539422963;117:0.0009798968306786726;117:0.0009798968306786726,0.0048828125,0.000732421875,Yes,ibm_kingston,2026-09-30T19:22:44Z
106,107.3891262563841,143.55466907942628,0.0064697265625,,0.010986328125,0.001953125,2180,0.00039987574853996585,32,0.00039987574853996585,0,0.00039987574853996585,0.00039987574853996585,0.00039987574853996585,107:0.0023719368468097246;107:0.0023719368468097246;105:0.0019166198604902984;105:0.0019166198604902984,107:68;107:68;105:68;105:68,107:0.0017259915395789194;107:0.0017259915395789194;105:0.0013289390539422963;105:0.0013289390539422963,0.0064697265625,0.001953125,Yes,ibm_kingston,2026-09-30T19:22:44Z
107,257.1519000659173,273.2366036597039,0.013427734375,,0.012939453125,0.013916015625,2180,0.00028262513041117995,32,0.00028262513041117995,0,0.00028262513041117995,0.00028262513041117995,0.00028262513041117995,106:0.0023719368468097246;106:0.0023719368468097246;108:0.0018498451125979753;108:0.0018498451125979753;97:0.0014436518044066426;97:0.0014436518044066426,106:68;106:68;108:68;108:68;97:68;97:68,106:0.0017259915395789194;106:0.0017259915395789194;108:0.002577608957967048;108:0.002577608957967048;97:0.0010166778257707232;97:0.0010166778257707232,0.013427734375,0.013916015625,Yes,ibm_kingston,2026-09-30T19:22:44Z
108,225.94664551582363,186.82833243572077,0.008056640625,,0.010986328125,0.005126953125,2180,0.0005892122597995885,32,0.0005892122597995885,0,0.0005892122597995885,0.0005892122597995885,0.0005892122597995885,107:0.0018498451125979753;107:0.0018498451125979753;109:0.0015034581843667016;109:0.0015034581843667016,107:68;107:68;109:68;109:68,107:0.002577608957967048;107:0.002577608957967048;109:0.0023909376665564863;109:0.0023909376665564863,0.008056640625,0.005126953125,Yes,ibm_kingston,2026-09-30T19:22:44Z
109,280.2076861437017,250.9991922204387,0.0042724609375,,0.007568359375,0.0009765625,2180,0.0002167986959144229,32,0.0002167986959144229,0,0.0002167986959144229,0.0002167986959144229,0.0002167986959144229,108:0.0015034581843667016;108:0.0015034581843667016;110:0.0018703669135453072;110:0.0018703669135453072;118:0.0023040016401522367;118:0.0023040016401522367,108:68;108:68;110:68;110:68;118:68;118:68,108:0.0023909376665564863;108:0.0023909376665564863;110:0.0015776574153675005;110:0.0015776574153675005;118:0.0026616214455468523;118:0.0026616214455468523,0.0042724609375,0.0009765625,Yes,ibm_kingston,2026-09-30T19:22:44Z
110,206.50238343461135,135.25390999205828,0.0067138671875,,0.009033203125,0.00439453125,2180,0.0003095516055663343,32,0.0003095516055663343,0,0.0003095516055663343,0.0003095516055663343,0.0003095516055663343,109:0.0018703669135453072;109:0.0018703669135453072;111:0.001728947208950421;111:0.001728947208950421,109:68;109:68;111:68;111:68,109:0.0015776574153675005;109:0.0015776574153675005;111:0.01300626055055154;111:0.01300626055055154,0.0067138671875,0.00439453125,Yes,ibm_kingston,2026-09-30T19:22:44Z
111,261.7351337088978,217.51361108623928,0.007568359375,,0.00927734375,0.005859375,2180,0.0004035859838970583,32,0.0004035859838970583,0,0.0004035859838970583,0.0004035859838970583,0.0004035859838970583,112:0.18206003005977708;112:0.18206003005977708;110:0.001728947208950421;110:0.001728947208950421;98:0.0022419598168853805;98:0.0022419598168853805,112:68;112:68;110:68;110:68;98:68;98:68,112:1;112:1;110:0.01300626055055154;110:0.01300626055055154;98:0.0013309685455089315;98:0.0013309685455089315,0.007568359375,0.005859375,Yes,ibm_kingston,2026-09-30T19:22:44Z
112,214.12214438837796,171.72062281824034,0.0458984375,,0.071044921875,0.020751953125,2180,0.0024543475992497696,32,0.0024543475992497696,0,0.0024543475992497696,0.0024543475992497696,0.0024543475992497696,111:0.18206003005977708;111:0.18206003005977708;113:1;113:1,111:68;111:68;113:68;113:68,111:1;111:1;113:1;113:1,0.0458984375,0.020751953125,Yes,ibm_kingston,2026-09-30T19:22:44Z
113,166.76387893693254,53.29001241583831,0.2015380859375,,0.28271484375,0.120361328125,2180,1,32,1,0,1,1,1,119:0.003962204595623436;119:0.003962204595623436;112:1;112:1;114:0.0020273895646810702;114:0.0020273895646810702,119:68;119:68;112:68;112:68;114:68;114:68,119:0.0033502276991335123;119:0.0033502276991335123;112:1;112:1;114:0.005452442852035805;114:0.005452442852035805,0.2015380859375,0.120361328125,Yes,ibm_kingston,2026-09-30T19:22:44Z
114,329.5438544800401,83.2748761121704,0.0115966796875,,0.0126953125,0.010498046875,2180,0.0002094495203727459,32,0.0002094495203727459,0,0.0002094495203727459,0.0002094495203727459,0.0002094495203727459,115:0.005209088216326013;115:0.005209088216326013;113:0.0020273895646810702;113:0.0020273895646810702,115:68;115:68;113:68;113:68,115:0.0037974406212220035;115:0.0037974406212220035;113:0.005452442852035805;113:0.005452442852035805,0.0115966796875,0.010498046875,Yes,ibm_kingston,2026-09-30T19:22:44Z
115,261.08557394893734,15.883335666622528,0.018798828125,,0.017822265625,0.019775390625,2180,0.0001304511849251469,32,0.0001304511849251469,0,0.0001304511849251469,0.0001304511849251469,0.0001304511849251469,99:0.004503430818757842;99:0.004503430818757842;114:0.005209088216326013;114:0.005209088216326013,99:68;99:68;114:68;114:68,99:0.002980464367756702;99:0.002980464367756702;114:0.0037974406212220035;114:0.0037974406212220035,0.018798828125,0.019775390625,Yes,ibm_kingston,2026-09-30T19:22:44Z
116,224.58524459087238,116.56155754560652,0.017822265625,,0.022216796875,0.013427734375,2180,0.0002781170050685592,32,0.0002781170050685592,0,0.0002781170050685592,0.0002781170050685592,0.0002781170050685592,101:0.0012032323867691153;101:0.0012032323867691153;121:0.034769655993626414;121:0.034769655993626414,101:68;101:68;121:68;121:68,101:0.000952620458350123;101:0.000952620458350123;121:0.05054547745915827;121:0.05054547745915827,0.017822265625,0.013427734375,Yes,ibm_kingston,2026-09-30T19:22:44Z
117,243.98249565372367,203.93409450160226,0.004150390625,,0.007568359375,0.000732421875,2180,0.0002513228309362361,32,0.0002513228309362361,0,0.0002513228309362361,0.0002513228309362361,0.0002513228309362361,105:0.0011341166551675774;105:0.0011341166551675774;125:0.0012348982242063877;125:0.0012348982242063877,105:68;105:68;125:68;125:68,105:0.0009798968306786726;105:0.0009798968306786726;125:0.0012040821599720863;125:0.0012040821599720863,0.004150390625,0.000732421875,Yes,ibm_kingston,2026-09-30T19:22:44Z
118,167.57707967989867,151.61331395412606,0.0047607421875,,0.00634765625,0.001220703125,2180,0.00025139591713417504,32,0.00025139591713417504,0,0.00025139591713417504,0.00025139591713417504,0.00025139591713417504,109:0.0023040016401522367;109:0.0023040016401522367;129:0.0015123554707263676;129:0.0015123554707263676,109:68;109:68;129:68;129:68,109:0.0026616214455468523;109:0.0026616214455468523;129:0.0013665420947325257;129:0.0013665420947325257,0.0047607421875,0.001220703125,Yes,ibm_kingston,2026-09-30T19:22:44Z
119,105.65085342271507,109.37847712319366,0.01904296875,,0.025146484375,0.012939453125,2180,0.0008858540618217538,32,0.0008858540618217538,0,0.0008858540618217538,0.0008858540618217538,0.0008858540618217538,113:0.003962204595623436;113:0.003962204595623436;133:0.03423759132514359;133:0.03423759132514359,113:68;113:68;133:68;133:68,113:0.0033502276991335123;113:0.0033502276991335123;133:0.06588991418403425;133:0.06588991418403425,0.01904296875,0.012939453125,Yes,ibm_kingston,2026-09-30T19:22:44Z
120,211.3695154079866,154.8663474079658,0.0428466796875,,0.047607421875,0.0380859375,2180,0.002082378985376929,32,0.002082378985376929,0,0.002082378985376929,0.002082378985376929,0.002082378985376929,121:0.18379168875398047;121:0.18379168875398047,121:68;121:68,121:0.07604973426669609;121:0.07604973426669609,0.0428466796875,0.0380859375,Yes,ibm_kingston,2026-09-30T19:22:44Z
121,12.059912611809882,25.636631187774977,0.1927490234375,,0.250732421875,0.134765625,2180,1,32,1,0,1,1,1,120:0.18379168875398047;120:0.18379168875398047;122:0.033754918617785346;122:0.033754918617785346;116:0.034769655993626414;116:0.034769655993626414,120:68;120:68;122:68;122:68;116:68;116:68,120:0.07604973426669609;120:0.07604973426669609;122:0.04440895229766462;122:0.04440895229766462;116:0.05054547745915827;116:0.05054547745915827,0.1927490234375,0.134765625,Yes,ibm_kingston,2026-09-30T19:22:44Z
122,350.8323345542221,351.08513883638335,0.0062255859375,,0.010498046875,0.001953125,2180,0.0003402251319096792,32,0.0003402251319096792,0,0.0003402251319096792,0.0003402251319096792,0.0003402251319096792,121:0.033754918617785346;121:0.033754918617785346;123:0.0026166547053014244;123:0.0026166547053014244,121:68;121:68;123:68;123:68,121:0.04440895229766462;121:0.04440895229766462;123:0.0021712316956067346;123:0.0021712316956067346,0.0062255859375,0.001953125,Yes,ibm_kingston,2026-09-30T19:22:44Z
123,251.89611118145683,25.79254513818654,0.0089111328125,,0.014404296875,0.00341796875,2180,0.00038538497642966906,32,0.00038538497642966906,0,0.00038538497642966906,0.00038538497642966906,0.00038538497642966906,136:0.0014858893280980667;136:0.0014858893280980667;124:0.0016325654164816017;124:0.0016325654164816017;122:0.0026166547053014244;122:0.0026166547053014244,136:68;136:68;124:68;124:68;122:68;122:68,136:0.0028125806759966565;136:0.0028125806759966565;124:0.002624271923978655;124:0.002624271923978655;122:0.0021712316956067346;122:0.0021712316956067346,0.0089111328125,0.00341796875,Yes,ibm_kingston,2026-09-30T19:22:44Z
124,287.3446054312566,169.74399419324294,0.013427734375,,0.0146484375,0.01220703125,2180,0.00022378055859940932,32,0.00022378055859940932,0,0.00022378055859940932,0.00022378055859940932,0.00022378055859940932,123:0.0016325654164816017;123:0.0016325654164816017;125:0.001304502699795873;125:0.001304502699795873,123:68;123:68;125:68;125:68,123:0.002624271923978655;123:0.002624271923978655;125:0.0012672214082597166;125:0.0012672214082597166,0.013427734375,0.01220703125,Yes,ibm_kingston,2026-09-30T19:22:44Z
125,256.1137353361652,293.580656754266,0.032470703125,,0.025634765625,0.039306640625,2180,0.0003567775147216355,32,0.0003567775147216355,0,0.0003567775147216355,0.0003567775147216355,0.0003567775147216355,117:0.0012348982242063877;117:0.0012348982242063877;124:0.001304502699795873;124:0.001304502699795873;126:0.001326032072844291;126:0.001326032072844291,117:68;117:68;124:68;124:68;126:68;126:68,117:0.0012040821599720863;117:0.0012040821599720863;124:0.0012672214082597166;124:0.0012672214082597166;126:0.0013141317655664397;126:0.0013141317655664397,0.032470703125,0.039306640625,Yes,ibm_kingston,2026-09-30T19:22:44Z
126,261.52407969814783,345.34341921236944,0.0068359375,,0.010009765625,0.003662109375,2180,0.0003062269426972364,32,0.0003062269426972364,0,0.0003062269426972364,0.0003062269426972364,0.0003062269426972364,127:0.0012091273439694128;127:0.0012091273439694128;125:0.001326032072844291;125:0.001326032072844291,127:68;127:68;125:68;125:68,127:0.0011023567477601581;127:0.0011023567477601581;125:0.0013141317655664397;125:0.0013141317655664397,0.0068359375,0.003662109375,Yes,ibm_kingston,2026-09-30T19:22:44Z
127,244.7225215192263,197.8942652680831,0.0758056640625,,0.057373046875,0.09423828125,2180,0.0005224868897819254,32,0.0005224868897819254,0,0.0005224868897819254,0.0005224868897819254,0.0005224868897819254,126:0.0012091273439694128;126:0.0012091273439694128;128:0.003548685912919375;128:0.003548685912919375;137:0.0014332831729707007;137:0.0014332831729707007,126:68;126:68;128:68;128:68;137:68;137:68,126:0.0011023567477601581;126:0.0011023567477601581;128:0.0034044280983518693;128:0.0034044280983518693;137:0.001066296235677111;137:0.001066296235677111,0.0758056640625,0.09423828125,Yes,ibm_kingston,2026-09-30T19:22:44Z
128,171.63377144418726,59.861741214993444,0.00732421875,,0.007080078125,0.007568359375,2180,0.000251770324338242,32,0.000251770324338242,0,0.000251770324338242,0.000251770324338242,0.000251770324338242,127:0.003548685912919375;127:0.003548685912919375;129:0.0013895028402943765;129:0.0013895028402943765,127:68;127:68;129:68;129:68,127:0.0034044280983518693;127:0.0034044280983518693;129:0.0019365571339287346;129:0.0019365571339287346,0.00732421875,0.007568359375,Yes,ibm_kingston,2026-09-30T19:22:44Z
129,157.32853932675744,110.86497459412548,0.006591796875,,0.00830078125,0.0048828125,2180,0.0004056175266572798,32,0.0004056175266572798,0,0.0004056175266572798,0.0004056175266572798,0.0004056175266572798,130:0.005087218758340395;130:0.005087218758340395;128:0.0013895028402943765;128:0.0013895028402943765;118:0.0015123554707263676;118:0.0015123554707263676,130:68;130:68;128:68;128:68;118:68;118:68,130:0.004502534079246445;130:0.004502534079246445;128:0.0019365571339287346;128:0.0019365571339287346;118:0.0013665420947325257;118:0.0013665420947325257,0.006591796875,0.0048828125,Yes,ibm_kingston,2026-09-30T19:22:44Z
130,262.3029238192404,172.14429205052022,0.0255126953125,,0.048583984375,0.00244140625,2180,0.0002691078162846515,32,0.0002691078162846515,0,0.0002691078162846515,0.0002691078162846515,0.0002691078162846515,129:0.005087218758340395;129:0.005087218758340395;131:1;131:1,129:68;129:68;131:68;131:68,129:0.004502534079246445;129:0.004502534079246445;131:1;131:1,0.0255126953125,0.00244140625,Yes,ibm_kingston,2026-09-30T19:22:44Z
131,65.7051793611136,44.6539039981345,0.0517578125,,0.08544921875,0.01806640625,2180,0.008988141136989114,32,0.008988141136989114,0,0.008988141136989114,0.008988141136989114,0.008988141136989114,138:0.019925902688122388;138:0.019925902688122388;130:1;130:1;132:0.01784787913287353;132:0.01784787913287353,138:68;138:68;130:68;130:68;132:68;132:68,138:0.02167186588328987;138:0.02167186588328987;130:1;130:1;132:0.022412749022847955;132:0.022412749022847955,0.0517578125,0.01806640625,Yes,ibm_kingston,2026-09-30T19:22:44Z
132,272.2064277561027,245.04765282120954,0.0064697265625,,0.01025390625,0.002685546875,2180,9.341176689034874e-05,32,9.341176689034874e-05,0,9.341176689034874e-05,9.341176689034874e-05,9.341176689034874e-05,133:0.0017963453081611402;133:0.0017963453081611402;131:0.01784787913287353;131:0.01784787913287353,133:68;133:68;131:68;131:68,133:0.0014282484072148938;133:0.0014282484072148938;131:0.022412749022847955;131:0.022412749022847955,0.0064697265625,0.002685546875,Yes,ibm_kingston,2026-09-30T19:22:44Z
133,197.72623637778423,131.5386493952288,0.004150390625,,0.007080078125,0.001220703125,2180,0.0010278335848709296,32,0.0010278335848709296,0,0.0010278335848709296,0.0010278335848709296,0.0010278335848709296,132:0.0017963453081611402;132:0.0017963453081611402;134:0.0024240440017395115;134:0.0024240440017395115;119:0.03423759132514359;119:0.03423759132514359,132:68;132:68;134:68;134:68;119:68;119:68,132:0.0014282484072148938;132:0.0014282484072148938;134:0.0018618704760970384;134:0.0018618704760970384;119:0.06588991418403425;119:0.06588991418403425,0.004150390625,0.001220703125,Yes,ibm_kingston,2026-09-30T19:22:44Z
134,290.9048655026001,143.06625345520638,0.0087890625,,0.012451171875,0.005126953125,2180,0.00025755513179030623,32,0.00025755513179030623,0,0.00025755513179030623,0.00025755513179030623,0.00025755513179030623,133:0.0024240440017395115;133:0.0024240440017395115;135:0.002435646759675031;135:0.002435646759675031,133:68;133:68;135:68;135:68,133:0.0018618704760970384;133:0.0018618704760970384;135:0.0018143582811451786;135:0.0018143582811451786,0.0087890625,0.005126953125,Yes,ibm_kingston,2026-09-30T19:22:44Z
135,135.5890649440373,130.19484685804233,0.0108642578125,,0.02197265625,0.00537109375,2180,0.0005173861703574936,32,0.0005173861703574936,0,0.0005173861703574936,0.0005173861703574936,0.0005173861703574936,134:0.002435646759675031;134:0.002435646759675031;139:0.0017227926159110452;139:0.0017227926159110452,134:68;134:68;139:68;139:68,134:0.0018143582811451786;134:0.0018143582811451786;139:0.001399197286503756;139:0.001399197286503756,0.0108642578125,0.00537109375,Yes,ibm_kingston,2026-09-30T19:22:44Z
136,239.17809480548522,401.1386115465579,0.0074462890625,,0.00927734375,0.005615234375,2180,0.0004120471903677574,32,0.0004120471903677574,0,0.0004120471903677574,0.0004120471903677574,0.0004120471903677574,123:0.0014858893280980667;123:0.0014858893280980667;143:0.0017291432171892274;143:0.0017291432171892274,123:68;123:68;143:68;143:68,123:0.0028125806759966565;123:0.0028125806759966565;143:0.002602268573947575;143:0.002602268573947575,0.0074462890625,0.005615234375,Yes,ibm_kingston,2026-09-30T19:22:44Z
137,324.11717701652174,21.647274368216856,0.0084228515625,,0.01025390625,0.006591796875,2180,0.00027598664289655705,32,0.00027598664289655705,0,0.00027598664289655705,0.00027598664289655705,0.00027598664289655705,147:0.0020278489926822962;147:0.0020278489926822962;127:0.0014332831729707007;127:0.0014332831729707007,147:68;147:68;127:68;127:68,147:0.00215922705740465;147:0.00215922705740465;127:0.001066296235677111;127:0.001066296235677111,0.0084228515625,0.006591796875,Yes,ibm_kingston,2026-09-30T19:22:44Z
138,435.2877989012107,100.33804990899836,0.0087890625,,0.010986328125,0.006591796875,2180,0.0002439417128075111,32,0.0002439417128075111,0,0.0002439417128075111,0.0002439417128075111,0.0002439417128075111,151:0.0012223499605946986;151:0.0012223499605946986;131:0.019925902688122388;131:0.019925902688122388,151:80;151:80;131:68;131:68,151:0.0019397415047352762;151:0.0019397415047352762;131:0.02167186588328987;131:0.02167186588328987,0.0087890625,0.006591796875,Yes,ibm_kingston,2026-09-30T19:22:44Z
139,275.20583890179415,23.94405581596602,0.012451171875,,0.016845703125,0.008056640625,2180,0.0003898954542339327,32,0.0003898954542339327,0,0.0003898954542339327,0.0003898954542339327,0.0003898954542339327,155:0.00453077963374976;155:0.00453077963374976;135:0.0017227926159110452;135:0.0017227926159110452,155:68;155:68;135:68;135:68,155:0.00417418193755717;155:0.00417418193755717;135:0.001399197286503756;135:0.001399197286503756,0.012451171875,0.008056640625,Yes,ibm_kingston,2026-09-30T19:22:44Z
140,252.09358415696212,344.46217691043483,0.00732421875,,0.011474609375,0.003173828125,2180,0.00045188072496741465,32,0.00045188072496741465,0,0.00045188072496741465,0.00045188072496741465,0.00045188072496741465,141:0.0014080333523515953;141:0.0014080333523515953,141:68;141:68,141:0.0011591279281792655;141:0.0011591279281792655,0.00732421875,0.003173828125,Yes,ibm_kingston,2026-09-30T19:22:44Z
141,77.41529013440157,80.8616608626818,0.0057373046875,,0.010009765625,0.00146484375,2180,0.0002028905927501582,32,0.0002028905927501582,0,0.0002028905927501582,0.0002028905927501582,0.0002028905927501582,140:0.0014080333523515953;140:0.0014080333523515953;142:0.0012330368071314102;142:0.0012330368071314102,140:68;140:68;142:68;142:68,140:0.0011591279281792655;140:0.0011591279281792655;142:0.0010112382307181644;142:0.0010112382307181644,0.0057373046875,0.00146484375,Yes,ibm_kingston,2026-09-30T19:22:44Z
142,200.3798547724277,141.18619703388308,0.0115966796875,,0.011474609375,0.01171875,2180,0.00025231720514741967,32,0.00025231720514741967,0,0.00025231720514741967,0.00025231720514741967,0.00025231720514741967,143:0.0013817316313719241;143:0.0013817316313719241;141:0.0012330368071314102;141:0.0012330368071314102,143:68;143:68;141:68;141:68,143:0.0008902447438749184;143:0.0008902447438749184;141:0.0010112382307181644;141:0.0010112382307181644,0.0115966796875,0.01171875,Yes,ibm_kingston,2026-09-30T19:22:44Z
143,283.2018582026439,49.6714083278239,0.0057373046875,,0.00732421875,0.004150390625,2180,0.00032206964552648873,32,0.00032206964552648873,0,0.00032206964552648873,0.00032206964552648873,0.00032206964552648873,142:0.0013817316313719241;142:0.0013817316313719241;144:0.0019540036157730256;144:0.0019540036157730256;136:0.0017291432171892274;136:0.0017291432171892274,142:68;142:68;144:68;144:68;136:68;136:68,142:0.0008902447438749184;142:0.0008902447438749184;144:0.0013239086891596585;144:0.0013239086891596585;136:0.002602268573947575;136:0.002602268573947575,0.0057373046875,0.004150390625,Yes,ibm_kingston,2026-09-30T19:22:44Z
144,325.76079555536273,456.23516629822564,0.0072021484375,,0.009765625,0.004638671875,2180,0.00023896142940476431,32,0.00023896142940476431,0,0.00023896142940476431,0.00023896142940476431,0.00023896142940476431,145:0.005739074028374425;145:0.005739074028374425;143:0.0019540036157730256;143:0.0019540036157730256,145:68;145:68;143:68;143:68,145:0.0075801963919714666;145:0.0075801963919714666;143:0.0013239086891596585;143:0.0013239086891596585,0.0072021484375,0.004638671875,Yes,ibm_kingston,2026-09-30T19:22:44Z
145,276.40215943702896,142.5434375157217,0.0184326171875,,0.02001953125,0.016845703125,2180,0.0014243337564165289,32,0.0014243337564165289,0,0.0014243337564165289,0.0014243337564165289,0.0014243337564165289,144:0.005739074028374425;144:0.005739074028374425;146:1;146:1,144:68;144:68;146:68;146:68,144:0.0075801963919714666;144:0.0075801963919714666;146:1;146:1,0.0184326171875,0.016845703125,Yes,ibm_kingston,2026-09-30T19:22:44Z
146,,,0.5048828125,,0.512451171875,0.497314453125,2180,1,32,1,0,1,1,1,145:1;145:1;147:1;147:1,145:68;145:68;147:68;147:68,145:1;145:1;147:1;147:1,0.5048828125,0.497314453125,Yes,ibm_kingston,2026-09-30T19:22:44Z
147,299.5763933069801,101.0707112143165,0.0078125,,0.010498046875,0.005126953125,2180,0.0014981215211239622,32,0.0014981215211239622,0,0.0014981215211239622,0.0014981215211239622,0.0014981215211239622,148:0.0025301829085459804;148:0.0025301829085459804;137:0.0020278489926822962;137:0.0020278489926822962;146:1;146:1,148:68;148:68;137:68;137:68;146:68;146:68,148:0.0026169972216226467;148:0.0026169972216226467;137:0.00215922705740465;137:0.00215922705740465;146:1;146:1,0.0078125,0.005126953125,Yes,ibm_kingston,2026-09-30T19:22:44Z
148,183.57244271330893,143.87790787329544,0.0032958984375,,0.00439453125,0.002197265625,2180,0.00032953521764670003,32,0.00032953521764670003,0,0.00032953521764670003,0.00032953521764670003,0.00032953521764670003,147:0.0025301829085459804;147:0.0025301829085459804;149:0.0018622615295401657;149:0.0018622615295401657,147:68;147:68;149:68;149:68,147:0.0026169972216226467;147:0.0026169972216226467;149:0.002924940638752843;149:0.002924940638752843,0.0032958984375,0.002197265625,Yes,ibm_kingston,2026-09-30T19:22:44Z
149,385.26704880005616,478.7898851718159,0.01513671875,,0.028564453125,0.001708984375,2180,0.00016715056727164112,32,0.00016715056727164112,0,0.00016715056727164112,0.00016715056727164112,0.00016715056727164112,150:0.00315149449084956;150:0.00315149449084956;148:0.0018622615295401657;148:0.0018622615295401657,150:68;150:68;148:68;148:68,150:0.003478939949123405;150:0.003478939949123405;148:0.002924940638752843;148:0.002924940638752843,0.01513671875,0.001708984375,Yes,ibm_kingston,2026-09-30T19:22:44Z
150,242.94320247330572,411.87674071005176,0.00732421875,,0.009521484375,0.005126953125,2180,0.00028347445218735974,32,0.00028347445218735974,0,0.00028347445218735974,0.00028347445218735974,0.00028347445218735974,149:0.00315149449084956;149:0.00315149449084956;151:0.002409163062388503;151:0.002409163062388503,149:68;149:68;151:68;151:68,149:0.003478939949123405;149:0.003478939949123405;151:0.0012722306059262944;151:0.0012722306059262944,0.00732421875,0.005126953125,Yes,ibm_kingston,2026-09-30T19:22:44Z
151,306.16893908274574,261.4150545398785,0.0032958984375,,0.00537109375,0.001220703125,2180,0.00016979591758290992,32,0.00016979591758290992,0,0.00016979591758290992,0.00016979591758290992,0.00016979591758290992,138:0.0012223499605946986;138:0.0012223499605946986;152:0.0012383967316950961;152:0.0012383967316950961;150:0.002409163062388503;150:0.002409163062388503,138:80;138:80;152:68;152:68;150:68;150:68,138:0.0019397415047352762;138:0.0019397415047352762;152:0.001700431407919284;152:0.001700431407919284;150:0.0012722306059262944;150:0.0012722306059262944,0.0032958984375,0.001220703125,Yes,ibm_kingston,2026-09-30T19:22:44Z
152,360.2561513621127,135.90025410916655,0.0086669921875,,0.01220703125,0.00634765625,2180,0.0005784485270674952,32,0.0005784485270674952,0,0.0005784485270674952,0.0005784485270674952,0.0005784485270674952,151:0.0012383967316950961;151:0.0012383967316950961;153:0.0008734675058419961;153:0.0008734675058419961,151:68;151:68;153:68;153:68,151:0.001700431407919284;151:0.001700431407919284;153:0.0015944979788779512;153:0.0015944979788779512,0.0086669921875,0.00634765625,Yes,ibm_kingston,2026-09-30T19:22:44Z
153,208.98558667476004,204.48431410672904,0.028564453125,,0.0234375,0.03369140625,2180,0.00045467929143340187,32,0.00045467929143340187,0,0.00045467929143340187,0.00045467929143340187,0.00045467929143340187,152:0.0008734675058419961;152:0.0008734675058419961;154:0.0034355316719766327;154:0.0034355316719766327,152:68;152:68;154:68;154:68,152:0.0015944979788779512;152:0.0015944979788779512;154:0.0035762036493433014;154:0.0035762036493433014,0.028564453125,0.03369140625,Yes,ibm_kingston,2026-09-30T19:22:44Z
154,242.8981038913706,119.40443983746229,0.0042724609375,,0.006591796875,0.001953125,2180,0.0004306179270608153,32,0.0004306179270608153,0,0.0004306179270608153,0.0004306179270608153,0.0004306179270608153,153:0.0034355316719766327;153:0.0034355316719766327;155:0.001334259690697226;155:0.001334259690697226,153:68;153:68;155:68;155:68,153:0.0035762036493433014;153:0.0035762036493433014;155:0.0013918397128238613;155:0.0013918397128238613,0.0042724609375,0.001953125,Yes,ibm_kingston,2026-09-30T19:22:44Z
155,357.131588494145,319.10179118936,0.0145263671875,,0.01220703125,0.016845703125,2180,0.0001815380893289666,32,0.0001815380893289666,0,0.0001815380893289666,0.0001815380893289666,0.0001815380893289666,139:0.00453077963374976;139:0.00453077963374976;154:0.001334259690697226;154:0.001334259690697226,139:68;139:68;154:68;154:68,139:0.00417418193755717;139:0.00417418193755717;154:0.0013918397128238613;154:0.0013918397128238613,0.0145263671875,0.016845703125,Yes,ibm_kingston,2026-09-30T19:22:44Z
0,202.0343861035501,31.4155259445719,0.00830078125,,0.01611328125,0.00048828125,2684,0.000387308871203496,36,0.000387308871203496,0,0.000387308871203496,0.000387308871203496,0.000387308871203496,1:0.0037984277138841116;1:0.0037984277138841116,1:68;1:68,1:0.0031784065438465736;1:0.0031784065438465736,0.00830078125,0.00048828125,Yes,ibm_marrakesh,2026-09-30T19:10:22Z
1,182.54186951617723,145.4210686496709,0.005859375,,0.0107421875,0.0009765625,2684,0.0003356336352336693,36,0.0003356336352336693,0,0.0003356336352336693,0.0003356336352336693,0.0003356336352336693,2:0.0018052637267368665;2:0.0018052637267368665;0:0.0037984277138841116;0:0.0037984277138841116,2:68;2:68;0:68;0:68,2:0.0013047220568585538;2:0.0013047220568585538;0:0.0031784065438465736;0:0.0031784065438465736,0.005859375,0.0009765625,Yes,ibm_marrakesh,2026-09-30T19:10:22Z
2,336.62514186377797,142.56819517601522,0.0087890625,,0.0166015625,0.0009765625,2684,0.00015261930287179085,36,0.00015261930287179085,0,0.00015261930287179085,0.00015261930287179085,0.00015261930287179085,1:0.0018052637267368665;1:0.0018052637267368665;3:0.0017769746306290635;3:0.0017769746306290635,1:68;1:68;3:68;3:68,1:0.0013047220568585538;1:0.0013047220568585538;3:0.0013129416602993549;3:0.0013129416602993549,0.0087890625,0.0009765625,Yes,ibm_marrakesh,2026-09-30T19:10:22Z
3,195.61328719476188,141.92054690210023,0.02001953125,,0.02880859375,0.01123046875,2684,0.0002646954066674788,36,0.0002646954066674788,0,0.0002646954066674788,0.0002646954066674788,0.0002646954066674788,16:0.0025089808557594573;16:0.0025089808557594573;2:0.0017769746306290635;2:0.0017769746306290635;4:0.005738193451827994;4:0.005738193451827994,16:68;16:68;2:68;2:68;4:80;4:80,16:0.0020304014238850254;16:0.0020304014238850254;2:0.0013129416602993549;2:0.0013129416602993549;4:0.0019306167839994448;4:0.0019306167839994448,0.02001953125,0.01123046875,Yes,ibm_marrakesh,2026-09-30T19:10:22Z
4,172.03422055253347,97.52816620281361,0.010498046875,,0.00830078125,0.0126953125,2684,0.0002258374949544467,36,0.0002258374949544467,0,0.0002258374949544467,0.0002258374949544467,0.0002258374949544467,3:0.005738193451827994;3:0.005738193451827994;5:0.0042934815232545664;5:0.0042934815232545664,3:80;3:80;5:68;5:68,3:0.0019306167839994448;3:0.0019306167839994448;5:0.0023829688502703117;5:0.0023829688502703117,0.010498046875,0.0126953125,Yes,ibm_marrakesh,2026-09-30T19:10:22Z
5,222.86566326238054,118.82661462684412,0.0029296875,,0.00390625,0.001953125,2684,0.00016570627297488302,36,0.00016570627297488302,0,0.00016570627297488302,0.00016570627297488302,0.00016570627297488302,6:0.0015080938859602933;6:0.0015080938859602933;4:0.0042934815232545664;4:0.0042934815232545664,6:68;6:68;4:68;4:68,6:0.001385907615209736;6:0.001385907615209736;4:0.0023829688502703117;4:0.0023829688502703117,0.0029296875,0.001953125,Yes,ibm_marrakesh,2026-09-30T19:10:22Z
6,277.8879873965644,149.99525223461845,0.005615234375,,0.0107421875,0.00048828125,2684,0.0003456781417319868,36,0.0003456781417319868,0,0.0003456781417319868,0.0003456781417319868,0.0003456781417319868,5:0.0015080938859602933;5:0.0015080938859602933;7:0.001511066721719856;7:0.001511066721719856,5:68;5:68;7:68;7:68,5:0.001385907615209736;5:0.001385907615209736;7:0.0017362773307637858;7:0.0017362773307637858,0.005615234375,0.00048828125,Yes,ibm_marrakesh,2026-09-30T19:10:22Z
7,171.87149654402316,79.0000159963576,0.029296875,,0.02978515625,0.02880859375,2684,0.0002612394501471685,36,0.0002612394501471685,0,0.0002612394501471685,0.0002612394501471685,0.0002612394501471685,17:0.0034660686649856387;17:0.0034660686649856387;6:0.001511066721719856;6:0.001511066721719856;8:0.0037012072715195132;8:0.0037012072715195132,17:68;17:68;6:68;6:68;8:80;8:80,17:0.0022739918338899046;17:0.0022739918338899046;6:0.0017362773307637858;6:0.0017362773307637858;8:0.002424898360711747;8:0.002424898360711747,0.029296875,0.02880859375,Yes,ibm_marrakesh,2026-09-30T19:10:22Z
8,147.30921784314216,45.196209474537596,0.00634765625,,0.0068359375,0.005859375,2684,0.0002733476946641174,36,0.0002733476946641174,0,0.0002733476946641174,0.0002733476946641174,0.0002733476946641174,9:0.0023495863821492713;9:0.0023495863821492713;7:0.0037012072715195132;7:0.0037012072715195132,9:68;9:68;7:80;7:80,9:0.0022746752814546134;9:0.0022746752814546134;7:0.002424898360711747;7:0.002424898360711747,0.00634765625,0.005859375,Yes,ibm_marrakesh,2026-09-30T19:10:22Z
9,155.79608273360736,148.79195286290863,0.065673828125,,0.072265625,0.05908203125,2684,0.00022198025770721577,36,0.00022198025770721577,0,0.00022198025770721577,0.00022198025770721577,0.00022198025770721577,8:0.0023495863821492713;8:0.0023495863821492713;10:0.0013180923798916944;10:0.0013180923798916944,8:68;8:68;10:68;10:68,8:0.0022746752814546134;8:0.0022746752814546134;10:0.0014354131972470763;10:0.0014354131972470763,0.065673828125,0.05908203125,Yes,ibm_marrakesh,2026-09-30T19:10:22Z
10,219.8570600918769,107.95299372921383,0.006103515625,,0.0078125,0.00439453125,2684,0.0001389044279362749,36,0.0001389044279362749,0,0.0001389044279362749,0.0001389044279362749,0.0001389044279362749,9:0.0013180923798916944;9:0.0013180923798916944;11:0.0016918350001508264;11:0.0016918350001508264,9:68;9:68;11:68;11:68,9:0.0014354131972470763;9:0.0014354131972470763;11:0.0022311889819787434;11:0.0022311889819787434,0.006103515625,0.00439453125,Yes,ibm_marrakesh,2026-09-30T19:10:22Z
11,206.537479953117,104.89648298946423,0.050048828125,,0.0986328125,0.00146484375,2684,0.0003603247239217943,36,0.0003603247239217943,0,0.0003603247239217943,0.0003603247239217943,0.0003603247239217943,18:0.002987327854396399;18:0.002987327854396399;10:0.0016918350001508264;10:0.0016918350001508264;12:0.0017761944990810352;12:0.0017761944990810352,18:68;18:68;10:68;10:68;12:68;12:68,18:0.006707275849071326;18:0.006707275849071326;10:0.0022311889819787434;10:0.0022311889819787434;12:0.0019206060037921524;12:0.0019206060037921524,0.050048828125,0.00146484375,Yes,ibm_marrakesh,2026-09-30T19:10:22Z
12,264.81520919256326,136.82056606346023,0.001953125,,0.0029296875,0.0009765625,2684,0.00022623932283488026,36,0.00022623932283488026,0,0.00022623932283488026,0.00022623932283488026,0.00022623932283488026,13:0.002745366144110445;13:0.002745366144110445;11:0.0017761944990810352;11:0.0017761944990810352,13:80;13:80;11:68;11:68,13:0.0017017649145827929;13:0.0017017649145827929;11:0.0019206060037921524;11:0.0019206060037921524,0.001953125,0.0009765625,Yes,ibm_marrakesh,2026-09-30T19:10:22Z
13,178.87371635050408,176.34251730867604,0.08642578125,,0.17236328125,0.00048828125,2684,0.00028489744862198434,36,0.00028489744862198434,0,0.00028489744862198434,0.00028489744862198434,0.00028489744862198434,12:0.002745366144110445;12:0.002745366144110445;14:0.0013656137385809064;14:0.0013656137385809064,12:80;12:80;14:80;14:80,12:0.0017017649145827929;12:0.0017017649145827929;14:0.0019165815142686005;14:0.0019165815142686005,0.08642578125,0.00048828125,Yes,ibm_marrakesh,2026-09-30T19:10:22Z
14,127.30189298218282,60.7438830712526,0.00927734375,,0.0126953125,0.005859375,2684,0.0001926328788753087,36,0.0001926328788753087,0,0.0001926328788753087,0.0001926328788753087,0.0001926328788753087,15:0.001992457393647701;15:0.001992457393647701;13:0.0013656137385809064;13:0.0013656137385809064,15:68;15:68;13:80;13:80,15:0.0016634717053603254;15:0.0016634717053603254;13:0.0019165815142686005;13:0.0019165815142686005,0.00927734375,0.005859375,Yes,ibm_marrakesh,2026-09-30T19:10:22Z
15,380.3392408411274,46.131035539243584,0.00439453125,,0.0068359375,0.001953125,2684,0.00013332942312515276,36,0.00013332942312515276,0,0.00013332942312515276,0.00013332942312515276,0.00013332942312515276,14:0.001992457393647701;14:0.001992457393647701;19:0.003649740360782805;19:0.003649740360782805,14:68;14:68;19:68;19:68,14:0.0016634717053603254;14:0.0016634717053603254;19:0.0029048340282750995;19:0.0029048340282750995,0.00439453125,0.001953125,Yes,ibm_marrakesh,2026-09-30T19:10:22Z
16,71.75761153408104,28.429057494448426,0.0126953125,,0.02001953125,0.00537109375,2684,0.0005361478821210871,36,0.0005361478821210871,0,0.0005361478821210871,0.0005361478821210871,0.0005361478821210871,23:0.0018365302137474115;23:0.0018365302137474115;3:0.0025089808557594573;3:0.0025089808557594573,23:68;23:68;3:68;3:68,23:0.0038265428607303364;23:0.0038265428607303364;3:0.0020304014238850254;3:0.0020304014238850254,0.0126953125,0.00537109375,Yes,ibm_marrakesh,2026-09-30T19:10:22Z
17,118.93399788740453,9.421852721977814,0.016845703125,,0.0234375,0.01025390625,2684,0.0018251337103986503,36,0.0018251337103986503,0,0.0018251337103986503,0.0018251337103986503,0.0018251337103986503,7:0.0034660686649856387;7:0.0034660686649856387;27:0.003730565463483826;27:0.003730565463483826,7:68;7:68;27:68;27:68,7:0.0022739918338899046;7:0.0022739918338899046;27:0.0022615123520552394;27:0.0022615123520552394,0.016845703125,0.01025390625,Yes,ibm_marrakesh,2026-09-30T19:10:22Z
18,85.56006158260521,72.2450837744607,0.00927734375,,0.0107421875,0.0078125,2684,0.0007434481392129546,36,0.0007434481392129546,0,0.0007434481392129546,0.0007434481392129546,0.0007434481392129546,11:0.002987327854396399;11:0.002987327854396399;31:0.003994802611327869;31:0.003994802611327869,11:68;11:68;31:68;31:68,11:0.006707275849071326;11:0.006707275849071326;31:0.0026343828034714745;31:0.0026343828034714745,0.00927734375,0.0078125,Yes,ibm_marrakesh,2026-09-30T19:10:22Z
19,96.33049798188004,51.39170490638557,0.027587890625,,0.025390625,0.02978515625,2684,0.00022560641396144273,36,0.00022560641396144273,0,0.00022560641396144273,0.00022560641396144273,0.00022560641396144273,35:0.0016118272647748788;35:0.0016118272647748788;15:0.003649740360782805;15:0.003649740360782805,35:80;35:80;15:68;15:68,35:0.0020698003220443184;35:0.0020698003220443184;15:0.0029048340282750995;15:0.0029048340282750995,0.027587890625,0.02978515625,Yes,ibm_marrakesh,2026-09-30T19:10:22Z
20,153.27842335492687,119.11667703196645,0.094482421875,,0.0673828125,0.12158203125,2684,0.0004118547043145008,36,0.0004118547043145008,0,0.0004118547043145008,0.0004118547043145008,0.0004118547043145008,21:0.003485681572257565;21:0.003485681572257565,21:68;21:68,21:0.004677685320261388;21:0.004677685320261388,0.094482421875,0.12158203125,Yes,ibm_marrakesh,2026-09-30T19:10:22Z
21,203.11604423559385,166.32964488145456,0.009033203125,,0.01171875,0.00634765625,2684,0.00016524664777128114,36,0.00016524664777128114,0,0.00016524664777128114,0.00016524664777128114,0.00016524664777128114,36:0.0032732764619412824;36:0.0032732764619412824;20:0.003485681572257565;20:0.003485681572257565;22:0.0025845303865482394;22:0.0025845303865482394,36:68;36:68;20:68;20:68;22:68;22:68,36:0.0032974011073389764;36:0.0032974011073389764;20:0.004677685320261388;20:0.004677685320261388;22:0.002157831272792343;22:0.002157831272792343,0.009033203125,0.00634765625,Yes,ibm_marrakesh,2026-09-30T19:10:22Z
22,208.82151737370185,19.596121312921532,0.048583984375,,0.01806640625,0.0791015625,2684,0.0006270851263232047,36,0.0006270851263232047,0,0.0006270851263232047,0.0006270851263232047,0.0006270851263232047,23:0.0025490483936954633;23:0.0025490483936954633;21:0.0025845303865482394;21:0.0025845303865482394,23:68;23:68;21:68;21:68,23:0.004897275806912432;23:0.004897275806912432;21:0.002157831272792343;21:0.002157831272792343,0.048583984375,0.0791015625,Yes,ibm_marrakesh,2026-09-30T19:10:22Z
23,273.1692033509698,184.84319494560063,0.0546875,,0.08056640625,0.02880859375,2684,0.0003772790651970514,36,0.0003772790651970514,0,0.0003772790651970514,0.0003772790651970514,0.0003772790651970514,22:0.0025490483936954633;22:0.0025490483936954633;24:0.0063439217498795775;24:0.0063439217498795775;16:0.0018365302137474115;16:0.0018365302137474115,22:68;22:68;24:68;24:68;16:68;16:68,22:0.004897275806912432;22:0.004897275806912432;24:0.005190360106403141;24:0.005190360106403141;16:0.0038265428607303364;16:0.0038265428607303364,0.0546875,0.02880859375,Yes,ibm_marrakesh,2026-09-30T19:10:22Z
24,92.08781886486562,36.209911665345565,0.1220703125,,0.21435546875,0.02978515625,2684,0.00032932218821127545,36,0.00032932218821127545,0,0.00032932218821127545,0.00032932218821127545,0.00032932218821127545,23:0.0063439217498795775;23:0.0063439217498795775;25:0.04048468979416775;25:0.04048468979416775,23:68;23:68;25:68;25:68,23:0.005190360106403141;23:0.005190360106403141;25:0.004017170805190512;25:0.004017170805190512,0.1220703125,0.02978515625,Yes,ibm_marrakesh,2026-09-30T19:10:22Z
25,104.79546523950998,36.117957892369226,0.00927734375,,0.0166015625,0.001953125,2684,0.0003447680517378154,36,0.0003447680517378154,0,0.0003447680517378154,0.0003447680517378154,0.0003447680517378154,24:0.04048468979416775;24:0.04048468979416775;26:0.014436621013250689;26:0.014436621013250689;37:0.004110493493065526;37:0.004110493493065526,24:68;24:68;26:68;26:68;37:68;37:68,24:0.004017170805190512;24:0.004017170805190512;26:0.018054231127616782;26:0.018054231127616782;37:0.003671949041059358;37:0.003671949041059358,0.00927734375,0.001953125,Yes,ibm_marrakesh,2026-09-30T19:10:22Z
26,6.737640555525169,8.155571440790194,0.059326171875,,0.0888671875,0.02978515625,2684,0.002513794549094501,36,0.002513794549094501,0,0.002513794549094501,0.002513794549094501,0.002513794549094501,25:0.014436621013250689;25:0.014436621013250689;27:0.013690409863833547;27:0.013690409863833547,25:68;25:68;27:68;27:68,25:0.018054231127616782;25:0.018054231127616782;27:0.01478422856067002;27:0.01478422856067002,0.059326171875,0.02978515625,Yes,ibm_marrakesh,2026-09-30T19:10:22Z
27,175.2714214838498,111.0935304729552,0.02001953125,,0.0341796875,0.005859375,2684,0.0002833440779112039,36,0.0002833440779112039,0,0.0002833440779112039,0.0002833440779112039,0.0002833440779112039,26:0.013690409863833547;26:0.013690409863833547;28:0.002221568212111724;28:0.002221568212111724;17:0.003730565463483826;17:0.003730565463483826,26:68;26:68;28:68;28:68;17:68;17:68,26:0.01478422856067002;26:0.01478422856067002;28:0.0024274864939561325;28:0.0024274864939561325;17:0.0022615123520552394;17:0.0022615123520552394,0.02001953125,0.005859375,Yes,ibm_marrakesh,2026-09-30T19:10:22Z
28,137.97999294994068,117.90311101638231,0.014404296875,,0.0166015625,0.01220703125,2684,0.0006990687961115635,36,0.0006990687961115635,0,0.0006990687961115635,0.0006990687961115635,0.0006990687961115635,27:0.002221568212111724;27:0.002221568212111724;29:0.004132089380605775;29:0.004132089380605775,27:68;27:68;29:68;29:68,27:0.0024274864939561325;27:0.0024274864939561325;29:0.002558656755088984;29:0.002558656755088984,0.014404296875,0.01220703125,Yes,ibm_marrakesh,2026-09-30T19:10:22Z
29,58.84051184065277,26.48090325922321,0.052490234375,,0.04248046875,0.0625,2684,0.0004944621681049464,36,0.0004944621681049464,0,0.0004944621681049464,0.0004944621681049464,0.0004944621681049464,38:0.003252502642392463;38:0.003252502642392463;28:0.004132089380605775;28:0.004132089380605775;30:0.0031001775904360984;30:0.0031001775904360984,38:68;38:68;28:68;28:68;30:68;30:68,38:0.00303108082380682;38:0.00303108082380682;28:0.002558656755088984;28:0.002558656755088984;30:0.0021476501657516633;30:0.0021476501657516633,0.052490234375,0.0625,Yes,ibm_marrakesh,2026-09-30T19:10:22Z
30,191.51654474892462,49.26764261659911,0.042724609375,,0.03857421875,0.046875,2684,0.0007639659847352479,36,0.0007639659847352479,0,0.0007639659847352479,0.0007639659847352479,0.0007639659847352479,31:0.006379337552183145;31:0.006379337552183145;29:0.0031001775904360984;29:0.0031001775904360984,31:68;31:68;29:68;29:68,31:0.003305188564729916;31:0.003305188564729916;29:0.0021476501657516633;29:0.0021476501657516633,0.042724609375,0.046875,Yes,ibm_marrakesh,2026-09-30T19:10:22Z
31,105.74183363219424,52.622994446888406,0.03564453125,,0.02587890625,0.04541015625,2684,0.0002659259216619751,36,0.0002659259216619751,0,0.0002659259216619751,0.0002659259216619751,0.0002659259216619751,30:0.006379337552183145;30:0.006379337552183145;32:0.004202637952464672;32:0.004202637952464672;18:0.003994802611327869;18:0.003994802611327869,30:68;30:68;32:68;32:68;18:68;18:68,30:0.003305188564729916;30:0.003305188564729916;32:0.0031236605614424207;32:0.0031236605614424207;18:0.0026343828034714745;18:0.0026343828034714745,0.03564453125,0.04541015625,Yes,ibm_marrakesh,2026-09-30T19:10:22Z
32,223.27003736724427,46.656784705518525,0.006103515625,,0.0087890625,0.00341796875,2684,0.0003816377004782373,36,0.0003816377004782373,0,0.0003816377004782373,0.0003816377004782373,0.0003816377004782373,31:0.004202637952464672;31:0.004202637952464672;33:0.0025707432288289145;33:0.0025707432288289145,31:68;31:68;33:68;33:68,31:0.0031236605614424207;31:0.0031236605614424207;33:0.003304180744095969;33:0.003304180744095969,0.006103515625,0.00341796875,Yes,ibm_marrakesh,2026-09-30T19:10:22Z
33,145.14077928577592,121.25802970354198,0.0078125,,0.015625,0,2684,0.00047995158960316707,36,0.00047995158960316707,0,0.00047995158960316707,0.00047995158960316707,0.00047995158960316707,39:0.0021495612742855885;39:0.0021495612742855885;32:0.0025707432288289145;32:0.0025707432288289145;34:0.0019606386399741715;34:0.0019606386399741715,39:68;39:68;32:68;32:68;34:68;34:68,39:1;39:1;32:0.003304180744095969;32:0.003304180744095969;34:0.0022291010548251555;34:0.0022291010548251555,0.0078125,0,Yes,ibm_marrakesh,2026-09-30T19:10:22Z
34,202.026759708951,91.0358197481088,0.0048828125,,0.00830078125,0.00146484375,2684,0.0005059208069258925,36,0.0005059208069258925,0,0.0005059208069258925,0.0005059208069258925,0.0005059208069258925,33:0.0019606386399741715;33:0.0019606386399741715;35:0.0026166093696673443;35:0.0026166093696673443,33:68;33:68;35:68;35:68,33:0.0022291010548251555;33:0.0022291010548251555;35:0.0021762297369097294;35:0.0021762297369097294,0.0048828125,0.00146484375,Yes,ibm_marrakesh,2026-09-30T19:10:22Z
35,362.2958054001013,466.06112506883323,0.01171875,,0.02197265625,0.00146484375,2684,0.0001733559867959378,36,0.0001733559867959378,0,0.0001733559867959378,0.0001733559867959378,0.0001733559867959378,19:0.0016118272647748788;19:0.0016118272647748788;34:0.0026166093696673443;34:0.0026166093696673443,19:80;19:80;34:68;34:68,19:0.0020698003220443184;19:0.0020698003220443184;34:0.0021762297369097294;34:0.0021762297369097294,0.01171875,0.00146484375,Yes,ibm_marrakesh,2026-09-30T19:10:22Z
36,182.83336175058847,63.32787062148884,0.023193359375,,0.0283203125,0.01806640625,2684,0.0037003547815737474,36,0.0037003547815737474,0,0.0037003547815737474,0.0037003547815737474,0.0037003547815737474,41:0.0034648484244235445;41:0.0034648484244235445;21:0.0032732764619412824;21:0.0032732764619412824,41:84;41:84;21:68;21:68,41:0.02980821932728242;41:0.02980821932728242;21:0.0032974011073389764;21:0.0032974011073389764,0.023193359375,0.01806640625,Yes,ibm_marrakesh,2026-09-30T19:10:22Z
37,94.53722372388802,13.409637212943547,0.019775390625,,0.02099609375,0.0185546875,2684,0.0007556659342720939,36,0.0007556659342720939,0,0.0007556659342720939,0.0007556659342720939,0.0007556659342720939,45:0.004755625642710898;45:0.004755625642710898;25:0.004110493493065526;25:0.004110493493065526,45:68;45:68;25:68;25:68,45:0.002964082608557711;45:0.002964082608557711;25:0.003671949041059358;25:0.003671949041059358,0.019775390625,0.0185546875,Yes,ibm_marrakesh,2026-09-30T19:10:22Z
38,87.21933308626988,16.20810452891801,0.009521484375,,0.01806640625,0.0009765625,2684,0.0006846989476522407,36,0.0006846989476522407,0,0.0006846989476522407,0.0006846989476522407,0.0006846989476522407,29:0.003252502642392463;29:0.003252502642392463;49:0.0026496131552403157;49:0.0026496131552403157,29:68;29:68;49:68;49:68,29:0.00303108082380682;29:0.00303108082380682;49:0.003103192914051811;49:0.003103192914051811,0.009521484375,0.0009765625,Yes,ibm_marrakesh,2026-09-30T19:10:22Z
39,16.722083664282845,17.188357729097262,0.018310546875,,0.0166015625,0.02001953125,2684,0.0004337401620082621,36,0.0004337401620082621,0,0.0004337401620082621,0.0004337401620082621,0.0004337401620082621,53:0.0023495921243200935;53:0.0023495921243200935;33:0.0021495612742855885;33:0.0021495612742855885,53:68;53:68;33:68;33:68,53:0.0023619816577192254;53:0.0023619816577192254;33:1;33:1,0.018310546875,0.02001953125,Yes,ibm_marrakesh,2026-09-30T19:10:22Z
40,185.93821760506614,86.98057161378713,0.0087890625,,0.0166015625,0.0009765625,2684,0.00017168291123798702,36,0.00017168291123798702,0,0.00017168291123798702,0.00017168291123798702,0.00017168291123798702,41:1;41:1,41:68;41:68,41:0.12460414206279602;41:0.12460414206279602,0.0087890625,0.0009765625,Yes,ibm_marrakesh,2026-09-30T19:10:22Z
41,158.88559874505088,55.848701646818135,0.011962890625,,0.0126953125,0.01123046875,2684,0.0004073264256883604,36,0.0004073264256883604,0,0.0004073264256883604,0.0004073264256883604,0.0004073264256883604,40:1;40:1;42:0.005864024787036903;42:0.005864024787036903;36:0.0034648484244235445;36:0.0034648484244235445,40:68;40:68;42:68;42:68;36:84;36:84,40:0.12460414206279602;40:0.12460414206279602;42:0.02043319477932512;42:0.02043319477932512;36:0.02980821932728242;36:0.02980821932728242,0.011962890625,0.01123046875,Yes,ibm_marrakesh,2026-09-30T19:10:22Z
42,92.68257556556958,83.80934989049926,0.02734375,,0.0498046875,0.0048828125,2684,0.0004519358914321201,36,0.0004519358914321201,0,0.0004519358914321201,0.0004519358914321201,0.0004519358914321201,41:0.005864024787036903;41:0.005864024787036903;43:0.00528378902545984;43:0.00528378902545984,41:68;41:68;43:68;43:68,41:0.02043319477932512;41:0.02043319477932512;43:0.003168200679233485;43:0.003168200679233485,0.02734375,0.0048828125,Yes,ibm_marrakesh,2026-09-30T19:10:22Z
43,238.8724610695862,55.426568476070166,0.00390625,,0.0048828125,0.0029296875,2684,0.0003173014779495878,36,0.0003173014779495878,0,0.0003173014779495878,0.0003173014779495878,0.0003173014779495878,42:0.00528378902545984;42:0.00528378902545984;56:0.0028046440847026566;56:0.0028046440847026566;44:0.0021502429404701706;44:0.0021502429404701706,42:68;42:68;56:68;56:68;44:68;44:68,42:0.003168200679233485;42:0.003168200679233485;56:0.0028961488079212727;56:0.0028961488079212727;44:0.0021870358768276976;44:0.0021870358768276976,0.00390625,0.0029296875,Yes,ibm_marrakesh,2026-09-30T19:10:22Z
44,121.56001585417665,106.0984317731836,0.044189453125,,0.0341796875,0.05419921875,2684,0.00026425869440561256,36,0.00026425869440561256,0,0.00026425869440561256,0.00026425869440561256,0.00026425869440561256,45:0.002988809601620235;45:0.002988809601620235;43:0.0021502429404701706;43:0.0021502429404701706,45:68;45:68;43:68;43:68,45:0.00242317511962975;45:0.00242317511962975;43:0.0021870358768276976;43:0.0021870358768276976,0.044189453125,0.05419921875,Yes,ibm_marrakesh,2026-09-30T19:10:22Z
45,110.82160353122457,94.40282637355602,0.011474609375,,0.0146484375,0.00830078125,2684,0.00037955627446406234,36,0.00037955627446406234,0,0.00037955627446406234,0.00037955627446406234,0.00037955627446406234,44:0.002988809601620235;44:0.002988809601620235;46:0.0026340752763447106;46:0.0026340752763447106;37:0.004755625642710898;37:0.004755625642710898,44:68;44:68;46:68;46:68;37:68;37:68,44:0.00242317511962975;44:0.00242317511962975;46:0.0020067017344918003;46:0.0020067017344918003;37:0.002964082608557711;37:0.002964082608557711,0.011474609375,0.00830078125,Yes,ibm_marrakesh,2026-09-30T19:10:22Z
46,197.45226282184007,77.2113891042263,0.03564453125,,0.052734375,0.0185546875,2684,0.0005835541925319712,36,0.0005835541925319712,0,0.0005835541925319712,0.0005835541925319712,0.0005835541925319712,45:0.0026340752763447106;45:0.0026340752763447106;47:0.0017505520397365637;47:0.0017505520397365637,45:68;45:68;47:68;47:68,45:0.0020067017344918003;45:0.0020067017344918003;47:0.0016388057328307615;47:0.0016388057328307615,0.03564453125,0.0185546875,Yes,ibm_marrakesh,2026-09-30T19:10:22Z
47,122.27899120619921,72.88942917278453,0.01904296875,,0.017578125,0.0205078125,2684,0.00029344530695285537,36,0.00029344530695285537,0,0.00029344530695285537,0.00029344530695285537,0.00029344530695285537,48:0.014137306748189138;48:0.014137306748189138;57:0.001979853999914627;57:0.001979853999914627;46:0.0017505520397365637;46:0.0017505520397365637,48:68;48:68;57:68;57:68;46:68;46:68,48:0.01482621832824349;48:0.01482621832824349;57:0.0021797581353422413;57:0.0021797581353422413;46:0.0016388057328307615;46:0.0016388057328307615,0.01904296875,0.0205078125,Yes,ibm_marrakesh,2026-09-30T19:10:22Z
48,196.16646480638002,257.56429311478354,0.0341796875,,0.0537109375,0.0146484375,2684,0.0044197466415707015,36,0.0044197466415707015,0,0.0044197466415707015,0.0044197466415707015,0.0044197466415707015,47:0.014137306748189138;47:0.014137306748189138;49:0.01430066236090713;49:0.01430066236090713,47:68;47:68;49:68;49:68,47:0.01482621832824349;47:0.01482621832824349;49:0.01063691263658767;49:0.01063691263658767,0.0341796875,0.0146484375,Yes,ibm_marrakesh,2026-09-30T19:10:22Z
49,120.32615737487296,54.606011715574624,0.14990234375,,0.10107421875,0.19873046875,2684,0.0005709323865802215,36,0.0005709323865802215,0,0.0005709323865802215,0.0005709323865802215,0.0005709323865802215,48:0.01430066236090713;48:0.01430066236090713;50:0.0026002299748641156;50:0.0026002299748641156;38:0.0026496131552403157;38:0.0026496131552403157,48:68;48:68;50:68;50:68;38:68;38:68,48:0.01063691263658767;48:0.01063691263658767;50:0.0026574923650160287;50:0.0026574923650160287;38:0.003103192914051811;38:0.003103192914051811,0.14990234375,0.19873046875,Yes,ibm_marrakesh,2026-09-30T19:10:22Z
50,167.7109482880779,139.55474821182136,0.025634765625,,0.029296875,0.02197265625,2684,0.00033009679654766083,36,0.00033009679654766083,0,0.00033009679654766083,0.00033009679654766083,0.00033009679654766083,49:0.0026002299748641156;49:0.0026002299748641156;51:0.0019289809746635411;51:0.0019289809746635411,49:68;49:68;51:68;51:68,49:0.0026574923650160287;49:0.0026574923650160287;51:0.002407397798269123;51:0.002407397798269123,0.025634765625,0.02197265625,Yes,ibm_marrakesh,2026-09-30T19:10:22Z
51,78.91999295414819,86.83352052859507,0.070068359375,,0.03076171875,0.109375,2684,0.0004022543310635167,36,0.0004022543310635167,0,0.0004022543310635167,0.0004022543310635167,0.0004022543310635167,50:0.0019289809746635411;50:0.0019289809746635411;52:0.002504440847016426;52:0.002504440847016426;58:0.0016087951563810154;58:0.0016087951563810154,50:68;50:68;52:68;52:68;58:68;58:68,50:0.002407397798269123;50:0.002407397798269123;52:0.002076419178918404;52:0.002076419178918404;58:1;58:1,0.070068359375,0.109375,Yes,ibm_marrakesh,2026-09-30T19:10:22Z
52,60.16652775860838,20.94308496265248,0.005859375,,0.01171875,0,2684,0.00048648267316676424,36,0.00048648267316676424,0,0.00048648267316676424,0.00048648267316676424,0.00048648267316676424,51:0.002504440847016426;51:0.002504440847016426;53:0.002240344299837743;53:0.002240344299837743,51:68;51:68;53:68;53:68,51:0.002076419178918404;51:0.002076419178918404;53:0.0026925749775194296;53:0.0026925749775194296,0.005859375,0,Yes,ibm_marrakesh,2026-09-30T19:10:22Z
53,294.4935223448866,266.7217271482121,0.00390625,,0.0068359375,0.0009765625,2684,0.0003518324878850277,36,0.0003518324878850277,0,0.0003518324878850277,0.0003518324878850277,0.0003518324878850277,39:0.0023495921243200935;39:0.0023495921243200935;52:0.002240344299837743;52:0.002240344299837743;54:0.0028639667739245034;54:0.0028639667739245034,39:68;39:68;52:68;52:68;54:68;54:68,39:0.0023619816577192254;39:0.0023619816577192254;52:0.0026925749775194296;52:0.0026925749775194296;54:0.0009341413537434506;54:0.0009341413537434506,0.00390625,0.0009765625,Yes,ibm_marrakesh,2026-09-30T19:10:22Z
54,230.54369262439502,278.7470696406841,0.005126953125,,0.0078125,0.00244140625,2684,0.00022964491823457782,36,0.00022964491823457782,0,0.00022964491823457782,0.00022964491823457782,0.00022964491823457782,53:0.0028639667739245034;53:0.0028639667739245034;55:0.002827642887198112;55:0.002827642887198112,53:68;53:68;55:68;55:68,53:0.0009341413537434506;53:0.0009341413537434506;55:0.001260146009108315;55:0.001260146009108315,0.005126953125,0.00244140625,Yes,ibm_marrakesh,2026-09-30T19:10:22Z
55,228.6159293398526,75.52420797777079,0.00537109375,,0.0068359375,0.00390625,2684,0.00016251739817089726,36,0.00016251739817089726,0,0.00016251739817089726,0.00016251739817089726,0.00016251739817089726,59:0.00220329449927148;59:0.00220329449927148;54:0.002827642887198112;54:0.002827642887198112,59:68;59:68;54:68;54:68,59:0.0019207628285995426;59:0.0019207628285995426;54:0.001260146009108315;54:0.001260146009108315,0.00537109375,0.00390625,Yes,ibm_marrakesh,2026-09-30T19:10:22Z
56,123.38512362784451,11.217185548887569,0.01806640625,,0.03173828125,0.00439453125,2684,0.0005733685468549012,36,0.0005733685468549012,0,0.0005733685468549012,0.0005733685468549012,0.0005733685468549012,63:0.0036762474348674967;63:0.0036762474348674967;43:0.0028046440847026566;43:0.0028046440847026566,63:68;63:68;43:68;43:68,63:0.00495268156353601;63:0.00495268156353601;43:0.0028961488079212727;43:0.0028961488079212727,0.01806640625,0.00439453125,Yes,ibm_marrakesh,2026-09-30T19:10:22Z
57,150.18150029106522,132.34432095753073,0.01611328125,,0.0302734375,0.001953125,2684,0.00028261612493556403,36,0.00028261612493556403,0,0.00028261612493556403,0.00028261612493556403,0.00028261612493556403,47:0.001979853999914627;47:0.001979853999914627;67:0.002397860268064017;67:0.002397860268064017,47:68;47:68;67:68;67:68,47:0.0021797581353422413;47:0.0021797581353422413;67:0.002040368620839478;67:0.002040368620839478,0.01611328125,0.001953125,Yes,ibm_marrakesh,2026-09-30T19:10:22Z
58,178.2901779882411,29.864899537947068,0.031005859375,,0.04443359375,0.017578125,2684,0.0003286214128963551,36,0.0003286214128963551,0,0.0003286214128963551,0.0003286214128963551,0.0003286214128963551,71:0.0025468842937563796;71:0.0025468842937563796;51:0.0016087951563810154;51:0.0016087951563810154,71:68;71:68;51:68;51:68,71:0.003402360799947657;71:0.003402360799947657;51:1;51:1,0.031005859375,0.017578125,Yes,ibm_marrakesh,2026-09-30T19:10:22Z
59,129.56339041229117,140.30062395234378,0.012939453125,,0.0166015625,0.00927734375,2684,0.00017237867633087989,36,0.00017237867633087989,0,0.00017237867633087989,0.00017237867633087989,0.00017237867633087989,55:0.00220329449927148;55:0.00220329449927148;75:0.0015074034408575354;75:0.0015074034408575354,55:68;55:68;75:68;75:68,55:0.0019207628285995426;55:0.0019207628285995426;75:0.0018459576153351254;75:0.0018459576153351254,0.012939453125,0.00927734375,Yes,ibm_marrakesh,2026-09-30T19:10:22Z
60,107.29160311343024,76.51117745694687,0.004638671875,,0.00732421875,0.001953125,2684,0.0003038885628030503,36,0.0003038885628030503,0,0.0003038885628030503,0.0003038885628030503,0.0003038885628030503,61:0.00855134897458018;61:0.00855134897458018,61:96;61:96,61:0.036425916701590705;61:0.036425916701590705,0.004638671875,0.001953125,Yes,ibm_marrakesh,2026-09-30T19:10:22Z
61,236.53028146236468,207.07327722162836,0.010986328125,,0.01708984375,0.0048828125,2684,0.00027465588570676006,36,0.00027465588570676006,0,0.00027465588570676006,0.00027465588570676006,0.00027465588570676006,76:0.007168830107624535;76:0.007168830107624535;60:0.00855134897458018;60:0.00855134897458018;62:0.0039242088912797846;62:0.0039242088912797846,76:68;76:68;60:96;60:96;62:68;62:68,76:0.004100179899534234;76:0.004100179899534234;60:0.036425916701590705;60:0.036425916701590705;62:0.0022088629595183873;62:0.0022088629595183873,0.010986328125,0.0048828125,Yes,ibm_marrakesh,2026-09-30T19:10:22Z
62,136.47299401092206,45.113801816158436,0.0078125,,0.01416015625,0.00146484375,2684,0.0003870244125620427,36,0.0003870244125620427,0,0.0003870244125620427,0.0003870244125620427,0.0003870244125620427,61:0.0039242088912797846;61:0.0039242088912797846;63:0.0028526789051081802;63:0.0028526789051081802,61:68;61:68;63:68;63:68,61:0.0022088629595183873;61:0.0022088629595183873;63:0.0031753911722752215;63:0.0031753911722752215,0.0078125,0.00146484375,Yes,ibm_marrakesh,2026-09-30T19:10:22Z
63,199.21620541230124,117.7500925757365,0.025390625,,0.046875,0.00390625,2684,0.00046603971916219726,36,0.00046603971916219726,0,0.00046603971916219726,0.00046603971916219726,0.00046603971916219726,56:0.0036762474348674967;56:0.0036762474348674967;62:0.0028526789051081802;62:0.0028526789051081802;64:0.0028292990515525196;64:0.0028292990515525196,56:68;56:68;62:68;62:68;64:68;64:68,56:0.00495268156353601;56:0.00495268156353601;62:0.0031753911722752215;62:0.0031753911722752215;64:0.0025648695465087246;64:0.0025648695465087246,0.025390625,0.00390625,Yes,ibm_marrakesh,2026-09-30T19:10:22Z
64,241.1842513185829,76.85257163227138,0.0068359375,,0.0107421875,0.0029296875,2684,0.0005676056522173878,36,0.0005676056522173878,0,0.0005676056522173878,0.0005676056522173878,0.0005676056522173878,65:0.0168453513395653;65:0.0168453513395653;63:0.0028292990515525196;63:0.0028292990515525196,65:68;65:68;63:68;63:68,65:0.008026066300677204;65:0.008026066300677204;63:0.0025648695465087246;63:0.0025648695465087246,0.0068359375,0.0029296875,Yes,ibm_marrakesh,2026-09-30T19:10:22Z
65,211.25567432238796,46.27864011434272,0.04931640625,,0.03662109375,0.06201171875,2684,0.0007352503693555685,36,0.0007352503693555685,0,0.0007352503693555685,0.0007352503693555685,0.0007352503693555685,64:0.0168453513395653;64:0.0168453513395653;66:0.009557989308222686;66:0.009557989308222686;77:0.012508671524715659;77:0.012508671524715659,64:68;64:68;66:68;66:68;77:68;77:68,64:0.008026066300677204;64:0.008026066300677204;66:0.0028724086389527725;66:0.0028724086389527725;77:0.0629986492550147;77:0.0629986492550147,0.04931640625,0.06201171875,Yes,ibm_marrakesh,2026-09-30T19:10:22Z
66,95.65843895355701,26.501460535083947,0.033203125,,0.0615234375,0.0048828125,2684,0.00041612061593980867,36,0.00041612061593980867,0,0.00041612061593980867,0.00041612061593980867,0.00041612061593980867,65:0.009557989308222686;65:0.009557989308222686;67:0.004283660922449417;67:0.004283660922449417,65:68;65:68;67:68;67:68,65:0.0028724086389527725;65:0.0028724086389527725;67:0.0030774133320553565;67:0.0030774133320553565,0.033203125,0.0048828125,Yes,ibm_marrakesh,2026-09-30T19:10:22Z
67,325.17088786559725,51.695634391225894,0.01171875,,0.015625,0.0078125,2684,0.0003901930336680968,36,0.0003901930336680968,0,0.0003901930336680968,0.0003901930336680968,0.0003901930336680968,68:0.004505617223918845;68:0.004505617223918845;57:0.002397860268064017;57:0.002397860268064017;66:0.004283660922449417;66:0.004283660922449417,68:68;68:68;57:68;57:68;66:68;66:68,68:0.0029928376447088956;68:0.0029928376447088956;57:0.002040368620839478;57:0.002040368620839478;66:0.0030774133320553565;66:0.0030774133320553565,0.01171875,0.0078125,Yes,ibm_marrakesh,2026-09-30T19:10:22Z
68,61.167804277690294,24.252967957895535,0.006591796875,,0.01123046875,0.001953125,2684,0.0006223224278297171,36,0.0006223224278297171,0,0.0006223224278297171,0.0006223224278297171,0.0006223224278297171,67:0.004505617223918845;67:0.004505617223918845;69:0.003929636893491656;69:0.003929636893491656,67:68;67:68;69:68;69:68,67:0.0029928376447088956;67:0.0029928376447088956;69:0.0033078397169769014;69:0.0033078397169769014,0.006591796875,0.001953125,Yes,ibm_marrakesh,2026-09-30T19:10:22Z
69,77.86180054318612,49.38905812472588,0.0341796875,,0.04345703125,0.02490234375,2684,0.00020504122404674716,36,0.00020504122404674716,0,0.00020504122404674716,0.00020504122404674716,0.00020504122404674716,78:0.0020843967816641384;78:0.0020843967816641384;68:0.003929636893491656;68:0.003929636893491656;70:0.012720630034069563;70:0.012720630034069563,78:68;78:68;68:68;68:68;70:80;70:80,78:0.002688328249180777;78:0.002688328249180777;68:0.0033078397169769014;68:0.0033078397169769014;70:0.0029901592566962676;70:0.0029901592566962676,0.0341796875,0.02490234375,Yes,ibm_marrakesh,2026-09-30T19:10:22Z
70,142.60586708597583,22.004762795487444,0.0234375,,0.0302734375,0.0166015625,2684,0.00028188085329781644,36,0.00028188085329781644,0,0.00028188085329781644,0.00028188085329781644,0.00028188085329781644,69:0.012720630034069563;69:0.012720630034069563;71:0.014026764284063797;71:0.014026764284063797,69:80;69:80;71:68;71:68,69:0.0029901592566962676;69:0.0029901592566962676;71:0.0017977414197337394;71:0.0017977414197337394,0.0234375,0.0166015625,Yes,ibm_marrakesh,2026-09-30T19:10:22Z
71,135.0166535397066,86.83147067245777,0.320068359375,,0.12548828125,0.5146484375,2684,0.00024851121883352035,36,0.00024851121883352035,0,0.00024851121883352035,0.00024851121883352035,0.00024851121883352035,72:0.0029566059174684634;72:0.0029566059174684634;58:0.0025468842937563796;58:0.0025468842937563796;70:0.014026764284063797;70:0.014026764284063797,72:68;72:68;58:68;58:68;70:68;70:68,72:0.0037206866103732805;72:0.0037206866103732805;58:0.003402360799947657;58:0.003402360799947657;70:0.0017977414197337394;70:0.0017977414197337394,0.320068359375,0.5146484375,Yes,ibm_marrakesh,2026-09-30T19:10:22Z
72,130.02028358236043,48.56001490864615,0.01318359375,,0.02001953125,0.00634765625,2684,0.0007698825445915966,36,0.0007698825445915966,0,0.0007698825445915966,0.0007698825445915966,0.0007698825445915966,73:0.0033825760724906506;73:0.0033825760724906506;71:0.0029566059174684634;71:0.0029566059174684634,73:68;73:68;71:68;71:68,73:0.004204080164375318;73:0.004204080164375318;71:0.0037206866103732805;71:0.0037206866103732805,0.01318359375,0.00634765625,Yes,ibm_marrakesh,2026-09-30T19:10:22Z
73,168.83527924690733,14.376789058702027,0.043701171875,,0.08349609375,0.00390625,2684,0.000471078882573055,36,0.000471078882573055,0,0.000471078882573055,0.000471078882573055,0.000471078882573055,72:0.0033825760724906506;72:0.0033825760724906506;74:0.0029080228685322007;74:0.0029080228685322007;79:0.002898102711491296;79:0.002898102711491296,72:68;72:68;74:68;74:68;79:68;79:68,72:0.004204080164375318;72:0.004204080164375318;74:0.002793771029521025;74:0.002793771029521025;79:0.003368141775345279;79:0.003368141775345279,0.043701171875,0.00390625,Yes,ibm_marrakesh,2026-09-30T19:10:22Z
74,48.19026372489343,14.140106349064325,0.036865234375,,0.05517578125,0.0185546875,2684,0.0004552507707435551,36,0.0004552507707435551,0,0.0004552507707435551,0.0004552507707435551,0.0004552507707435551,73:0.0029080228685322007;73:0.0029080228685322007;75:0.0029480328390214805;75:0.0029480328390214805,73:68;73:68;75:68;75:68,73:0.002793771029521025;73:0.002793771029521025;75:0.0017039922197198687;75:0.0017039922197198687,0.036865234375,0.0185546875,Yes,ibm_marrakesh,2026-09-30T19:10:22Z
75,313.12218326096183,29.487804352979886,0.00341796875,,0.005859375,0.0009765625,2684,0.00024543734472134136,36,0.00024543734472134136,0,0.00024543734472134136,0.00024543734472134136,0.00024543734472134136,59:0.0015074034408575354;59:0.0015074034408575354;74:0.0029480328390214805;74:0.0029480328390214805,59:68;59:68;74:68;74:68,59:0.0018459576153351254;59:0.0018459576153351254;74:0.0017039922197198687;74:0.0017039922197198687,0.00341796875,0.0009765625,Yes,ibm_marrakesh,2026-09-30T19:10:22Z
76,66.69217629852965,35.403403295699164,0.033203125,,0.021484375,0.044921875,2684,0.0005931042561425687,36,0.0005931042561425687,0,0.0005931042561425687,0.0005931042561425687,0.0005931042561425687,81:0.0057749377573139415;81:0.0057749377573139415;61:0.007168830107624535;61:0.007168830107624535,81:68;81:68;61:68;61:68,81:0.002678753504425313;81:0.002678753504425313;61:0.004100179899534234;61:0.004100179899534234,0.033203125,0.044921875,Yes,ibm_marrakesh,2026-09-30T19:10:22Z
77,183.0933942021834,66.93892937684552,0.007080078125,,0.01171875,0.00244140625,2684,0.0006490820392415264,36,0.0006490820392415264,0,0.0006490820392415264,0.0006490820392415264,0.0006490820392415264,85:0.004974088452734782;85:0.004974088452734782;65:0.012508671524715659;65:0.012508671524715659,85:68;85:68;65:68;65:68,85:0.003172632527641994;85:0.003172632527641994;65:0.0629986492550147;65:0.0629986492550147,0.007080078125,0.00244140625,Yes,ibm_marrakesh,2026-09-30T19:10:22Z
78,100.55862004295963,82.66788176371735,0.010498046875,,0.0166015625,0.00439453125,2684,0.00034971366636485927,36,0.00034971366636485927,0,0.00034971366636485927,0.00034971366636485927,0.00034971366636485927,69:0.0020843967816641384;69:0.0020843967816641384;89:0.002176546965493381;89:0.002176546965493381,69:68;69:68;89:68;89:68,69:0.002688328249180777;69:0.002688328249180777;89:0.002416652344585074;89:0.002416652344585074,0.010498046875,0.00439453125,Yes,ibm_marrakesh,2026-09-30T19:10:22Z
79,137.7813862183206,27.668562485569243,0.015869140625,,0.01708984375,0.0146484375,2684,0.0004794208657381847,36,0.0004794208657381847,0,0.0004794208657381847,0.0004794208657381847,0.0004794208657381847,93:0.00390277753548135;93:0.00390277753548135;73:0.002898102711491296;73:0.002898102711491296,93:68;93:68;73:68;73:68,93:0.00378402024399066;93:0.00378402024399066;73:0.003368141775345279;73:0.003368141775345279,0.015869140625,0.0146484375,Yes,ibm_marrakesh,2026-09-30T19:10:22Z
80,76.34246692875186,40.4873192331494,0.00390625,,0.0068359375,0.0009765625,2684,0.0005057687499680864,36,0.0005057687499680864,0,0.0005057687499680864,0.0005057687499680864,0.0005057687499680864,81:0.005495987952777531;81:0.005495987952777531,81:68;81:68,81:0.003422819575912922;81:0.003422819575912922,0.00390625,0.0009765625,Yes,ibm_marrakesh,2026-09-30T19:10:22Z
81,160.06452435417387,175.680604934104,0.05859375,,0.04736328125,0.06982421875,2684,0.00025549539215470574,36,0.00025549539215470574,0,0.00025549539215470574,0.00025549539215470574,0.00025549539215470574,80:0.005495987952777531;80:0.005495987952777531;82:1;82:1;76:0.0057749377573139415;76:0.0057749377573139415,80:68;80:68;82:84;82:84;76:68;76:68,80:0.003422819575912922;80:0.003422819575912922;82:1;82:1;76:0.002678753504425313;76:0.002678753504425313,0.05859375,0.06982421875,Yes,ibm_marrakesh,2026-09-30T19:10:22Z
82,8.12449134138072,,0.3603515625,,0.37060546875,0.35009765625,2684,1,36,1,0,1,1,1,81:1;81:1;83:1;83:1,81:84;81:84;83:84;83:84,81:1;81:1;83:1;83:1,0.3603515625,0.35009765625,Yes,ibm_marrakesh,2026-09-30T19:10:22Z
83,90.74348936511711,98.71067411618499,0.172119140625,,0.12548828125,0.21875,2684,0.00045988664336199807,36,0.00045988664336199807,0,0.00045988664336199807,0.00045988664336199807,0.00045988664336199807,96:0.004195468544480718;96:0.004195468544480718;82:1;82:1;84:0.0025089965905196188;84:0.0025089965905196188,96:68;96:68;82:84;82:84;84:68;84:68,96:0.004493578035322965;96:0.004493578035322965;82:1;82:1;84:0.004014412199815215;84:0.004014412199815215,0.172119140625,0.21875,Yes,ibm_marrakesh,2026-09-30T19:10:22Z
84,101.37370873150294,66.53934810065446,0.005859375,,0.00927734375,0.00244140625,2684,0.0004952739480338745,36,0.0004952739480338745,0,0.0004952739480338745,0.0004952739480338745,0.0004952739480338745,83:0.0025089965905196188;83:0.0025089965905196188;85:0.0034623728135290133;85:0.0034623728135290133,83:68;83:68;85:68;85:68,83:0.004014412199815215;83:0.004014412199815215;85:0.0031119041625637667;85:0.0031119041625637667,0.005859375,0.00244140625,Yes,ibm_marrakesh,2026-09-30T19:10:22Z
85,156.2654969802988,97.92047461133495,0.00927734375,,0.015625,0.0029296875,2684,0.00038467319025171535,36,0.00038467319025171535,0,0.00038467319025171535,0.00038467319025171535,0.00038467319025171535,77:0.004974088452734782;77:0.004974088452734782;86:0.004678665907807383;86:0.004678665907807383;84:0.0034623728135290133;84:0.0034623728135290133,77:68;77:68;86:68;86:68;84:68;84:68,77:0.003172632527641994;77:0.003172632527641994;86:0.013649014787360692;86:0.013649014787360692;84:0.0031119041625637667;84:0.0031119041625637667,0.00927734375,0.0029296875,Yes,ibm_marrakesh,2026-09-30T19:10:22Z
86,226.33316770230152,52.67461208081293,0.01513671875,,0.02197265625,0.00830078125,2684,0.0008626873568211202,36,0.0008626873568211202,0,0.0008626873568211202,0.0008626873568211202,0.0008626873568211202,85:0.004678665907807383;85:0.004678665907807383;87:0.0022768494879936707;87:0.0022768494879936707,85:68;85:68;87:68;87:68,85:0.013649014787360692;85:0.013649014787360692;87:0.00742313609019235;87:0.00742313609019235,0.01513671875,0.00830078125,Yes,ibm_marrakesh,2026-09-30T19:10:22Z
87,129.2354447759864,112.8299746948632,0.008544921875,,0.01171875,0.00537109375,2684,0.0005068729354820508,36,0.0005068729354820508,0,0.0005068729354820508,0.0005068729354820508,0.0005068729354820508,86:0.0022768494879936707;86:0.0022768494879936707;88:0.0017960660062266431;88:0.0017960660062266431;97:0.004934829001811497;97:0.004934829001811497,86:68;86:68;88:68;88:68;97:68;97:68,86:0.00742313609019235;86:0.00742313609019235;88:0.0023903794775905207;88:0.0023903794775905207;97:0.0021688225436272413;97:0.0021688225436272413,0.008544921875,0.00537109375,Yes,ibm_marrakesh,2026-09-30T19:10:22Z
88,166.96506069491656,154.87896750768297,0.04541015625,,0.04931640625,0.04150390625,2684,0.000363762053031055,36,0.000363762053031055,0,0.000363762053031055,0.000363762053031055,0.000363762053031055,87:0.0017960660062266431;87:0.0017960660062266431;89:0.0014533635056734884;89:0.0014533635056734884,87:68;87:68;89:68;89:68,87:0.0023903794775905207;87:0.0023903794775905207;89:0.0020963007506102915;89:0.0020963007506102915,0.04541015625,0.04150390625,Yes,ibm_marrakesh,2026-09-30T19:10:22Z
89,304.9573310009635,278.4448802055195,0.009033203125,,0.01123046875,0.0068359375,2684,0.0012273853743048364,36,0.0012273853743048364,0,0.0012273853743048364,0.0012273853743048364,0.0012273853743048364,90:0.0019788175919908113;90:0.0019788175919908113;88:0.0014533635056734884;88:0.0014533635056734884;78:0.002176546965493381;78:0.002176546965493381,90:68;90:68;88:68;88:68;78:68;78:68,90:0.002012405244903759;90:0.002012405244903759;88:0.0020963007506102915;88:0.0020963007506102915;78:0.002416652344585074;78:0.002416652344585074,0.009033203125,0.0068359375,Yes,ibm_marrakesh,2026-09-30T19:10:22Z
90,90.26749204054724,107.7783379965326,0.01611328125,,0.02392578125,0.00830078125,2684,0.00045598761703567997,36,0.00045598761703567997,0,0.00045598761703567997,0.00045598761703567997,0.00045598761703567997,89:0.0019788175919908113;89:0.0019788175919908113;91:0.0027316705047117917;91:0.0027316705047117917,89:68;89:68;91:80;91:80,89:0.002012405244903759;89:0.002012405244903759;91:0.002615788472443231;91:0.002615788472443231,0.01611328125,0.00830078125,Yes,ibm_marrakesh,2026-09-30T19:10:22Z
91,113.78978873227987,167.13630373732596,0.0107421875,,0.02001953125,0.00146484375,2684,0.0003523739356293911,36,0.0003523739356293911,0,0.0003523739356293911,0.0003523739356293911,0.0003523739356293911,98:0.0022284100745525726;98:0.0022284100745525726;90:0.0027316705047117917;90:0.0027316705047117917;92:0.002071384738800114;92:0.002071384738800114,98:68;98:68;90:80;90:80;92:68;92:68,98:0.0018396560524856775;98:0.0018396560524856775;90:0.002615788472443231;90:0.002615788472443231;92:0.00310749973007729;92:0.00310749973007729,0.0107421875,0.00146484375,Yes,ibm_marrakesh,2026-09-30T19:10:22Z
92,263.20527480060235,166.43389440604105,0.005126953125,,0.00732421875,0.0029296875,2684,0.0005798738343821913,36,0.0005798738343821913,0,0.0005798738343821913,0.0005798738343821913,0.0005798738343821913,91:0.002071384738800114;91:0.002071384738800114;93:0.005673208756036885;93:0.005673208756036885,91:68;91:68;93:68;93:68,91:0.00310749973007729;91:0.00310749973007729;93:0.0028653142776038087;93:0.0028653142776038087,0.005126953125,0.0029296875,Yes,ibm_marrakesh,2026-09-30T19:10:22Z
93,210.54917519622956,135.68887813835065,0.0263671875,,0.0224609375,0.0302734375,2684,0.00048521758493419193,36,0.00048521758493419193,0,0.00048521758493419193,0.00048521758493419193,0.00048521758493419193,94:0.002058622669584953;94:0.002058622669584953;79:0.00390277753548135;79:0.00390277753548135;92:0.005673208756036885;92:0.005673208756036885,94:68;94:68;79:68;79:68;92:68;92:68,94:0.0015768746415014412;94:0.0015768746415014412;79:0.00378402024399066;79:0.00378402024399066;92:0.0028653142776038087;92:0.0028653142776038087,0.0263671875,0.0302734375,Yes,ibm_marrakesh,2026-09-30T19:10:22Z
94,,433.49138265147,0.40380859375,,0.3984375,0.4091796875,2684,0.00043102939700133164,36,0.00043102939700133164,0,0.00043102939700133164,0.00043102939700133164,0.00043102939700133164,93:0.002058622669584953;93:0.002058622669584953;95:0.006852276582757888;95:0.006852276582757888,93:68;93:68;95:68;95:68,93:0.0015768746415014412;93:0.0015768746415014412;95:0.0017820248522316395;95:0.0017820248522316395,0.40380859375,0.4091796875,Yes,ibm_marrakesh,2026-09-30T19:10:22Z
95,385.70486352265806,420.3182762875261,0.0048828125,,0.00927734375,0.00048828125,2684,0.0007790173728718043,36,0.0007790173728718043,0,0.0007790173728718043,0.0007790173728718043,0.0007790173728718043,99:1;99:1;94:0.006852276582757888;94:0.006852276582757888,99:68;99:68;94:68;94:68,99:1;99:1;94:0.0017820248522316395;94:0.0017820248522316395,0.0048828125,0.00048828125,Yes,ibm_marrakesh,2026-09-30T19:10:22Z
96,100.49625409919702,24.70724705186537,0.018798828125,,0.015625,0.02197265625,2684,0.00038352175659847284,36,0.00038352175659847284,0,0.00038352175659847284,0.00038352175659847284,0.00038352175659847284,83:0.004195468544480718;83:0.004195468544480718;103:0.003943247056111321;103:0.003943247056111321,83:68;83:68;103:68;103:68,83:0.004493578035322965;83:0.004493578035322965;103:0.0029241665659787974;103:0.0029241665659787974,0.018798828125,0.02197265625,Yes,ibm_marrakesh,2026-09-30T19:10:22Z
97,115.6643674846592,31.82789818217264,0.01171875,,0.01318359375,0.01025390625,2684,0.00027212610314723373,36,0.00027212610314723373,0,0.00027212610314723373,0.00027212610314723373,0.00027212610314723373,87:0.004934829001811497;87:0.004934829001811497;107:0.0030816309751989235;107:0.0030816309751989235,87:68;87:68;107:68;107:68,87:0.0021688225436272413;87:0.0021688225436272413;107:0.0025430289543696416;107:0.0025430289543696416,0.01171875,0.01025390625,Yes,ibm_marrakesh,2026-09-30T19:10:22Z
98,325.1955503325239,58.74190228922754,0.00390625,,0.0068359375,0.0009765625,2684,0.0003012693363929363,36,0.0003012693363929363,0,0.0003012693363929363,0.0003012693363929363,0.0003012693363929363,91:0.0022284100745525726;91:0.0022284100745525726;111:0.0018687406850260435;111:0.0018687406850260435,91:68;91:68;111:68;111:68,91:0.0018396560524856775;91:0.0018396560524856775;111:0.001680020206911076;111:0.001680020206911076,0.00390625,0.0009765625,Yes,ibm_marrakesh,2026-09-30T19:10:22Z
99,128.4062741348683,43.35592315662195,0.014892578125,,0.0166015625,0.01318359375,2684,0.00022531233941888636,36,0.00022531233941888636,0,0.00022531233941888636,0.00022531233941888636,0.00022531233941888636,115:0.0038233063663025424;115:0.0038233063663025424;95:1;95:1,115:68;115:68;95:68;95:68,115:0.0024176188075506477;115:0.0024176188075506477;95:1;95:1,0.014892578125,0.01318359375,Yes,ibm_marrakesh,2026-09-30T19:10:22Z
100,96.57654903717818,43.770858102172255,0.0126953125,,0.01806640625,0.00732421875,2684,0.0010565550094159464,36,0.0010565550094159464,0,0.0010565550094159464,0.0010565550094159464,0.0010565550094159464,101:0.00356865134032347;101:0.00356865134032347,101:68;101:68,101:0.002273782753096726;101:0.002273782753096726,0.0126953125,0.00732421875,Yes,ibm_marrakesh,2026-09-30T19:10:22Z
101,158.42023136244035,112.64912575665417,0.009765625,,0.0107421875,0.0087890625,2684,0.0003299033714867069,36,0.0003299033714867069,0,0.0003299033714867069,0.0003299033714867069,0.0003299033714867069,100:0.00356865134032347;100:0.00356865134032347;116:0.0026670133981074595;116:0.0026670133981074595;102:0.0024911574336415054;102:0.0024911574336415054,100:68;100:68;116:68;116:68;102:68;102:68,100:0.002273782753096726;100:0.002273782753096726;116:0.003192474394462824;116:0.003192474394462824;102:0.005807556955319038;102:0.005807556955319038,0.009765625,0.0087890625,Yes,ibm_marrakesh,2026-09-30T19:10:22Z
102,37.226958017090425,21.154257585926693,0.03759765625,,0.02783203125,0.04736328125,2684,0.00038107607214502037,36,0.00038107607214502037,0,0.00038107607214502037,0.00038107607214502037,0.00038107607214502037,101:0.0024911574336415054;101:0.0024911574336415054;103:0.006219144387435566;103:0.006219144387435566,101:68;101:68;103:68;103:68,101:0.005807556955319038;101:0.005807556955319038;103:0.005934769840914206;103:0.005934769840914206,0.03759765625,0.04736328125,Yes,ibm_marrakesh,2026-09-30T19:10:22Z
103,80.95672143725541,15.46569760427497,0.010009765625,,0.01708984375,0.0029296875,2684,0.00043038710483925155,36,0.00043038710483925155,0,0.00043038710483925155,0.00043038710483925155,0.00043038710483925155,104:0.004136855644865045;104:0.004136855644865045;96:0.003943247056111321;96:0.003943247056111321;102:0.006219144387435566;102:0.006219144387435566,104:68;104:68;96:68;96:68;102:68;102:68,104:0.005165184967618169;104:0.005165184967618169;96:0.0029241665659787974;96:0.0029241665659787974;102:0.005934769840914206;102:0.005934769840914206,0.010009765625,0.0029296875,Yes,ibm_marrakesh,2026-09-30T19:10:22Z
104,102.51945144677487,38.01702652959105,0.004150390625,,0.00439453125,0.00390625,2684,0.0001629625206875906,36,0.0001629625206875906,0,0.0001629625206875906,0.0001629625206875906,0.0001629625206875906,103:0.004136855644865045;103:0.004136855644865045;105:0.0017371474046581348;105:0.0017371474046581348,103:68;103:68;105:68;105:68,103:0.005165184967618169;103:0.005165184967618169;105:0.0013499337164945835;105:0.0013499337164945835,0.004150390625,0.00390625,Yes,ibm_marrakesh,2026-09-30T19:10:22Z
105,149.39988687566282,102.40863900212936,0.0048828125,,0.00634765625,0.00341796875,2684,0.0002801643153419297,36,0.0002801643153419297,0,0.0002801643153419297,0.0002801643153419297,0.0002801643153419297,104:0.0017371474046581348;104:0.0017371474046581348;106:0.0019205264815014833;106:0.0019205264815014833;117:0.0037449367200580175;117:0.0037449367200580175,104:68;104:68;106:68;106:68;117:68;117:68,104:0.0013499337164945835;104:0.0013499337164945835;106:0.0019574038487389644;106:0.0019574038487389644;117:0.002643136829810794;117:0.002643136829810794,0.0048828125,0.00341796875,Yes,ibm_marrakesh,2026-09-30T19:10:22Z
106,170.3172000733843,97.35174600160812,0.023193359375,,0.0244140625,0.02197265625,2684,0.00025358768814075976,36,0.00025358768814075976,0,0.00025358768814075976,0.00025358768814075976,0.00025358768814075976,107:0.0029232343414759554;107:0.0029232343414759554;105:0.0019205264815014833;105:0.0019205264815014833,107:68;107:68;105:68;105:68,107:0.002666422657594203;107:0.002666422657594203;105:0.0019574038487389644;105:0.0019574038487389644,0.023193359375,0.02197265625,Yes,ibm_marrakesh,2026-09-30T19:10:22Z
107,339.54094140828585,200.7892821237241,0.0048828125,,0.00927734375,0.00048828125,2684,0.0003763509795654597,36,0.0003763509795654597,0,0.0003763509795654597,0.0003763509795654597,0.0003763509795654597,106:0.0029232343414759554;106:0.0029232343414759554;108:0.00334719296177019;108:0.00334719296177019;97:0.0030816309751989235;97:0.0030816309751989235,106:68;106:68;108:68;108:68;97:68;97:68,106:0.002666422657594203;106:0.002666422657594203;108:0.0038761161319023074;108:0.0038761161319023074;97:0.0025430289543696416;97:0.0025430289543696416,0.0048828125,0.00048828125,Yes,ibm_marrakesh,2026-09-30T19:10:22Z
108,19.910790589572176,17.975837750382833,0.0078125,,0.013671875,0.001953125,2684,0.0012743438280891433,36,0.0012743438280891433,0,0.0012743438280891433,0.0012743438280891433,0.0012743438280891433,107:0.00334719296177019;107:0.00334719296177019;109:0.0033792096044413245;109:0.0033792096044413245,107:68;107:68;109:68;109:68,107:0.0038761161319023074;107:0.0038761161319023074;109:0.0038082414789403773;109:0.0038082414789403773,0.0078125,0.001953125,Yes,ibm_marrakesh,2026-09-30T19:10:22Z
109,254.93107615804712,96.93171940273751,0.017578125,,0.01806640625,0.01708984375,2684,0.00016068852639873353,36,0.00016068852639873353,0,0.00016068852639873353,0.00016068852639873353,0.00016068852639873353,108:0.0033792096044413245;108:0.0033792096044413245;110:0.0019229473098758276;110:0.0019229473098758276;118:0.003366253472910613;118:0.003366253472910613,108:68;108:68;110:68;110:68;118:68;118:68,108:0.0038082414789403773;108:0.0038082414789403773;110:0.0030825721888995683;110:0.0030825721888995683;118:0.016288358862199148;118:0.016288358862199148,0.017578125,0.01708984375,Yes,ibm_marrakesh,2026-09-30T19:10:22Z
110,307.09438829116675,223.95763251223445,0.01123046875,,0.0087890625,0.013671875,2684,0.000557547907874656,36,0.000557547907874656,0,0.000557547907874656,0.000557547907874656,0.000557547907874656,109:0.0019229473098758276;109:0.0019229473098758276;111:0.002022970372728694;111:0.002022970372728694,109:68;109:68;111:68;111:68,109:0.0030825721888995683;109:0.0030825721888995683;111:0.002864131401641462;111:0.002864131401641462,0.01123046875,0.013671875,Yes,ibm_marrakesh,2026-09-30T19:10:22Z
111,189.6789387859066,138.00620599813027,0.12841796875,,0.2509765625,0.005859375,2684,0.00027582468952830916,36,0.00027582468952830916,0,0.00027582468952830916,0.00027582468952830916,0.00027582468952830916,112:0.0016832593822480313;112:0.0016832593822480313;110:0.002022970372728694;110:0.002022970372728694;98:0.0018687406850260435;98:0.0018687406850260435,112:68;112:68;110:68;110:68;98:68;98:68,112:0.00157779974686717;112:0.00157779974686717;110:0.002864131401641462;110:0.002864131401641462;98:0.001680020206911076;98:0.001680020206911076,0.12841796875,0.005859375,Yes,ibm_marrakesh,2026-09-30T19:10:22Z
112,373.7790549308263,205.9149896003403,0.006103515625,,0.009765625,0.00244140625,2684,0.00023604968920666754,36,0.00023604968920666754,0,0.00023604968920666754,0.00023604968920666754,0.00023604968920666754,111:0.0016832593822480313;111:0.0016832593822480313;113:0.004263134756332693;113:0.004263134756332693,111:68;111:68;113:68;113:68,111:0.00157779974686717;111:0.00157779974686717;113:1;113:1,0.006103515625,0.00244140625,Yes,ibm_marrakesh,2026-09-30T19:10:22Z
113,89.53420445934228,,0.396728515625,,0.478515625,0.31494140625,2684,1,36,1,0,1,1,1,119:1;119:1;112:0.004263134756332693;112:0.004263134756332693;114:0.004570058259686288;114:0.004570058259686288,119:68;119:68;112:68;112:68;114:68;114:68,119:1;119:1;112:1;112:1;114:1;114:1,0.396728515625,0.31494140625,Yes,ibm_marrakesh,2026-09-30T19:10:22Z
114,344.0501306886985,228.2139033438487,0.005126953125,,0.0087890625,0.00146484375,2684,0.00026018774744979595,36,0.00026018774744979595,0,0.00026018774744979595,0.00026018774744979595,0.00026018774744979595,115:0.0016741587021858184;115:0.0016741587021858184;113:0.004570058259686288;113:0.004570058259686288,115:68;115:68;113:68;113:68,115:0.0015588306702480348;115:0.0015588306702480348;113:1;113:1,0.005126953125,0.00146484375,Yes,ibm_marrakesh,2026-09-30T19:10:22Z
115,147.8705102339269,67.10333998286427,0.017333984375,,0.03369140625,0.0009765625,2684,0.0001789484139679591,36,0.0001789484139679591,0,0.0001789484139679591,0.0001789484139679591,0.0001789484139679591,99:0.0038233063663025424;99:0.0038233063663025424;114:0.0016741587021858184;114:0.0016741587021858184,99:68;99:68;114:68;114:68,99:0.0024176188075506477;99:0.0024176188075506477;114:0.0015588306702480348;114:0.0015588306702480348,0.017333984375,0.0009765625,Yes,ibm_marrakesh,2026-09-30T19:10:22Z
116,71.6275733521179,64.20918824506691,0.00927734375,,0.0185546875,0,2684,0.0006919525710322869,36,0.0006919525710322869,0,0.0006919525710322869,0.0006919525710322869,0.0006919525710322869,101:0.0026670133981074595;101:0.0026670133981074595;121:0.003842372539740263;121:0.003842372539740263,101:68;101:68;121:68;121:68,101:0.003192474394462824;101:0.003192474394462824;121:0.002285932733842644;121:0.002285932733842644,0.00927734375,0,Yes,ibm_marrakesh,2026-09-30T19:10:22Z
117,97.31432552740576,9.644213062717514,0.03125,,0.03759765625,0.02490234375,2684,0.0006285380901674819,36,0.0006285380901674819,0,0.0006285380901674819,0.0006285380901674819,0.0006285380901674819,105:0.0037449367200580175;105:0.0037449367200580175;125:0.003338668311137466;125:0.003338668311137466,105:68;105:68;125:68;125:68,105:0.002643136829810794;105:0.002643136829810794;125:0.002949938236709776;125:0.002949938236709776,0.03125,0.02490234375,Yes,ibm_marrakesh,2026-09-30T19:10:22Z
118,189.48809905650938,44.6843966424699,0.009033203125,,0.0068359375,0.01123046875,2684,0.0003259299915759804,36,0.0003259299915759804,0,0.0003259299915759804,0.0003259299915759804,0.0003259299915759804,109:0.003366253472910613;109:0.003366253472910613;129:0.0013596910050788502;129:0.0013596910050788502,109:68;109:68;129:68;129:68,109:0.016288358862199148;109:0.016288358862199148;129:0.014681978111164118;129:0.014681978111164118,0.009033203125,0.01123046875,Yes,ibm_marrakesh,2026-09-30T19:10:22Z
119,190.518632488587,16.951426864401565,0.141845703125,,0.25146484375,0.0322265625,2684,0.0006520141248578867,36,0.0006520141248578867,0,0.0006520141248578867,0.0006520141248578867,0.0006520141248578867,113:1;113:1;133:0.09005266160009073;133:0.09005266160009073,113:68;113:68;133:68;133:68,113:1;113:1;133:0.07683350926745394;133:0.07683350926745394,0.141845703125,0.0322265625,Yes,ibm_marrakesh,2026-09-30T19:10:22Z
120,229.91593983856933,59.73032050584274,0.006103515625,,0.0107421875,0.00146484375,2684,0.0003021605173683936,36,0.0003021605173683936,0,0.0003021605173683936,0.0003021605173683936,0.0003021605173683936,121:0.002395772186162215;121:0.002395772186162215,121:68;121:68,121:0.0024225937324227065;121:0.0024225937324227065,0.006103515625,0.00146484375,Yes,ibm_marrakesh,2026-09-30T19:10:22Z
121,95.09336457131892,109.99880479076138,0.058837890625,,0.05615234375,0.0615234375,2684,0.00033290286296300004,36,0.00033290286296300004,0,0.00033290286296300004,0.00033290286296300004,0.00033290286296300004,120:0.002395772186162215;120:0.002395772186162215;122:0.0038083980144888174;122:0.0038083980144888174;116:0.003842372539740263;116:0.003842372539740263,120:68;120:68;122:80;122:80;116:68;116:68,120:0.0024225937324227065;120:0.0024225937324227065;122:0.002980238582822786;122:0.002980238582822786;116:0.002285932733842644;116:0.002285932733842644,0.058837890625,0.0615234375,Yes,ibm_marrakesh,2026-09-30T19:10:22Z
122,220.05097356317017,21.296991310135528,0.005859375,,0.00927734375,0.00244140625,2684,0.0003605934144215988,36,0.0003605934144215988,0,0.0003605934144215988,0.0003605934144215988,0.0003605934144215988,121:0.0038083980144888174;121:0.0038083980144888174;123:0.002597826026357608;123:0.002597826026357608,121:80;121:80;123:68;123:68,121:0.002980238582822786;121:0.002980238582822786;123:0.002059867417336575;123:0.002059867417336575,0.005859375,0.00244140625,Yes,ibm_marrakesh,2026-09-30T19:10:22Z
123,166.9422933582036,78.08472932731895,0.023193359375,,0.0224609375,0.02392578125,2684,0.0002879963661183168,36,0.0002879963661183168,0,0.0002879963661183168,0.0002879963661183168,0.0002879963661183168,136:0.0028855096940302305;136:0.0028855096940302305;124:0.003300906912486662;124:0.003300906912486662;122:0.002597826026357608;122:0.002597826026357608,136:68;136:68;124:68;124:68;122:68;122:68,136:0.002392766892982151;136:0.002392766892982151;124:0.00204626347555259;124:0.00204626347555259;122:0.002059867417336575;122:0.002059867417336575,0.023193359375,0.02392578125,Yes,ibm_marrakesh,2026-09-30T19:10:22Z
124,141.9226101234627,78.93386736904108,0.008544921875,,0.01611328125,0.0009765625,2684,0.00034312448291977073,36,0.00034312448291977073,0,0.00034312448291977073,0.00034312448291977073,0.00034312448291977073,123:0.003300906912486662;123:0.003300906912486662;125:0.003645066332003205;125:0.003645066332003205,123:68;123:68;125:68;125:68,123:0.00204626347555259;123:0.00204626347555259;125:0.0018117778636078663;125:0.0018117778636078663,0.008544921875,0.0009765625,Yes,ibm_marrakesh,2026-09-30T19:10:22Z
125,149.1507424845429,50.131846490392974,0.017578125,,0.02392578125,0.01123046875,2684,0.00048782242984507577,36,0.00048782242984507577,0,0.00048782242984507577,0.00048782242984507577,0.00048782242984507577,117:0.003338668311137466;117:0.003338668311137466;124:0.003645066332003205;124:0.003645066332003205;126:0.04134788194940253;126:0.04134788194940253,117:68;117:68;124:68;124:68;126:68;126:68,117:0.002949938236709776;117:0.002949938236709776;124:0.0018117778636078663;124:0.0018117778636078663;126:0.003655230992462871;126:0.003655230992462871,0.017578125,0.01123046875,Yes,ibm_marrakesh,2026-09-30T19:10:22Z
126,121.80129802501453,32.42914516693286,0.008544921875,,0.015625,0.00146484375,2684,0.0005926423753726037,36,0.0005926423753726037,0,0.0005926423753726037,0.0005926423753726037,0.0005926423753726037,127:0.036528196130654195;127:0.036528196130654195;125:0.04134788194940253;125:0.04134788194940253,127:68;127:68;125:68;125:68,127:0.004332213283122166;127:0.004332213283122166;125:0.003655230992462871;125:0.003655230992462871,0.008544921875,0.00146484375,Yes,ibm_marrakesh,2026-09-30T19:10:22Z
127,183.15557122682642,18.552870342518133,0.032470703125,,0.03369140625,0.03125,2684,0.00024004688267032068,36,0.00024004688267032068,0,0.00024004688267032068,0.00024004688267032068,0.00024004688267032068,126:0.036528196130654195;126:0.036528196130654195;128:0.0028292288936539456;128:0.0028292288936539456;137:0.0033809157981822824;137:0.0033809157981822824,126:68;126:68;128:68;128:68;137:68;137:68,126:0.004332213283122166;126:0.004332213283122166;128:0.0026024987005930644;128:0.0026024987005930644;137:0.005515416665666711;137:0.005515416665666711,0.032470703125,0.03125,Yes,ibm_marrakesh,2026-09-30T19:10:22Z
128,286.7872917581649,99.3635172237576,0.00634765625,,0.0107421875,0.001953125,2684,0.0003871522474132957,36,0.0003871522474132957,0,0.0003871522474132957,0.0003871522474132957,0.0003871522474132957,127:0.0028292288936539456;127:0.0028292288936539456;129:0.007152251179524005;129:0.007152251179524005,127:68;127:68;129:68;129:68,127:0.0026024987005930644;127:0.0026024987005930644;129:0.0036072976392823863;129:0.0036072976392823863,0.00634765625,0.001953125,Yes,ibm_marrakesh,2026-09-30T19:10:22Z
129,250.17706736856567,223.01466923917934,0.005859375,,0.01025390625,0.00146484375,2684,0.00020678462082392217,36,0.00020678462082392217,0,0.00020678462082392217,0.00020678462082392217,0.00020678462082392217,130:1;130:1;128:0.007152251179524005;128:0.007152251179524005;118:0.0013596910050788502;118:0.0013596910050788502,130:68;130:68;128:68;128:68;118:68;118:68,130:1;130:1;128:0.0036072976392823863;128:0.0036072976392823863;118:0.014681978111164118;118:0.014681978111164118,0.005859375,0.00146484375,Yes,ibm_marrakesh,2026-09-30T19:10:22Z
130,,,0.48046875,,0.4453125,0.515625,2684,1,36,1,0,1,1,1,129:1;129:1;131:1;131:1,129:68;129:68;131:84;131:84,129:1;129:1;131:1;131:1,0.48046875,0.515625,Yes,ibm_marrakesh,2026-09-30T19:10:22Z
131,284.6101702574402,138.74919024357214,0.023681640625,,0.0205078125,0.02685546875,2684,0.00035217922709850216,36,0.00035217922709850216,0,0.00035217922709850216,0.00035217922709850216,0.00035217922709850216,138:0.006075180659852991;138:0.006075180659852991;130:1;130:1;132:0.0040552824039697954;132:0.0040552824039697954,138:68;138:68;130:84;130:84;132:68;132:68,138:0.00328305487378186;138:0.00328305487378186;130:1;130:1;132:0.0014978737555658983;132:0.0014978737555658983,0.023681640625,0.02685546875,Yes,ibm_marrakesh,2026-09-30T19:10:22Z
132,136.49185146563514,82.68700256429604,0.008544921875,,0.01171875,0.00537109375,2684,0.00041288629913821133,36,0.00041288629913821133,0,0.00041288629913821133,0.00041288629913821133,0.00041288629913821133,133:0.004369841477276953;133:0.004369841477276953;131:0.0040552824039697954;131:0.0040552824039697954,133:68;133:68;131:68;131:68,133:0.0017128601945796407;133:0.0017128601945796407;131:0.0014978737555658983;131:0.0014978737555658983,0.008544921875,0.00537109375,Yes,ibm_marrakesh,2026-09-30T19:10:22Z
133,234.6410014595186,185.62111595227609,0.02099609375,,0.0224609375,0.01953125,2684,0.00032570033737943586,36,0.00032570033737943586,0,0.00032570033737943586,0.00032570033737943586,0.00032570033737943586,132:0.004369841477276953;132:0.004369841477276953;134:0.013723784231010588;134:0.013723784231010588;119:0.09005266160009073;119:0.09005266160009073,132:68;132:68;134:80;134:80;119:68;119:68,132:0.0017128601945796407;132:0.0017128601945796407;134:0.0076541810379991415;134:0.0076541810379991415;119:0.07683350926745394;119:0.07683350926745394,0.02099609375,0.01953125,Yes,ibm_marrakesh,2026-09-30T19:10:22Z
134,282.1729249829603,81.72433965157927,0.00927734375,,0.01318359375,0.00537109375,2684,0.0006649956039046535,36,0.0006649956039046535,0,0.0006649956039046535,0.0006649956039046535,0.0006649956039046535,133:0.013723784231010588;133:0.013723784231010588;135:0.0019509922240319721;135:0.0019509922240319721,133:80;133:80;135:68;135:68,133:0.0076541810379991415;133:0.0076541810379991415;135:0.0023872042283658856;135:0.0023872042283658856,0.00927734375,0.00537109375,Yes,ibm_marrakesh,2026-09-30T19:10:22Z
135,257.5532961176359,85.41943955271658,0.053466796875,,0.03369140625,0.0732421875,2684,0.00015051242668016825,36,0.00015051242668016825,0,0.00015051242668016825,0.00015051242668016825,0.00015051242668016825,134:0.0019509922240319721;134:0.0019509922240319721;139:0.0016004719870159612;139:0.0016004719870159612,134:68;134:68;139:68;139:68,134:0.0023872042283658856;134:0.0023872042283658856;139:0.0019288281184174638;139:0.0019288281184174638,0.053466796875,0.0732421875,Yes,ibm_marrakesh,2026-09-30T19:10:22Z
136,144.41312593478364,1.403685551990451,0.136962890625,,0.27197265625,0.001953125,2684,0.00041851884745325345,36,0.00041851884745325345,0,0.00041851884745325345,0.00041851884745325345,0.00041851884745325345,123:0.0028855096940302305;123:0.0028855096940302305;143:0.006215657630950444;143:0.006215657630950444,123:68;123:68;143:68;143:68,123:0.002392766892982151;123:0.002392766892982151;143:0.0027030601826937006;143:0.0027030601826937006,0.136962890625,0.001953125,Yes,ibm_marrakesh,2026-09-30T19:10:22Z
137,155.7100882863559,63.31881360382387,0.1455078125,,0.09765625,0.193359375,2684,0.0006009114986063723,36,0.0006009114986063723,0,0.0006009114986063723,0.0006009114986063723,0.0006009114986063723,147:0.0022115823250895283;147:0.0022115823250895283;127:0.0033809157981822824;127:0.0033809157981822824,147:68;147:68;127:68;127:68,147:0.0028670553741992066;147:0.0028670553741992066;127:0.005515416665666711;127:0.005515416665666711,0.1455078125,0.193359375,Yes,ibm_marrakesh,2026-09-30T19:10:22Z
138,255.90076343538826,142.32076053419678,0.009033203125,,0.009765625,0.00830078125,2684,0.0006749170094525401,36,0.0006749170094525401,0,0.0006749170094525401,0.0006749170094525401,0.0006749170094525401,151:0.007478056248474807;151:0.007478056248474807;131:0.006075180659852991;131:0.006075180659852991,151:68;151:68;131:68;131:68,151:0.003769981907807557;151:0.003769981907807557;131:0.00328305487378186;131:0.00328305487378186,0.009033203125,0.00830078125,Yes,ibm_marrakesh,2026-09-30T19:10:22Z
139,140.02202350398352,120.50825535635263,0.00634765625,,0.00927734375,0.00341796875,2684,0.00030372090758691626,36,0.00030372090758691626,0,0.00030372090758691626,0.00030372090758691626,0.00030372090758691626,155:0.002728296623230181;155:0.002728296623230181;135:0.0016004719870159612;135:0.0016004719870159612,155:80;155:80;135:68;135:68,155:0.0019163275481456354;155:0.0019163275481456354;135:0.0019288281184174638;135:0.0019288281184174638,0.00634765625,0.00341796875,Yes,ibm_marrakesh,2026-09-30T19:10:22Z
140,196.41716462647466,47.77033316885407,0.003173828125,,0.00439453125,0.001953125,2684,0.0003141907467211701,36,0.0003141907467211701,0,0.0003141907467211701,0.0003141907467211701,0.0003141907467211701,141:0.0024704124416791706;141:0.0024704124416791706,141:68;141:68,141:0.002819129852018487;141:0.002819129852018487,0.003173828125,0.001953125,Yes,ibm_marrakesh,2026-09-30T19:10:22Z
141,245.3799520021472,145.11341054849498,0.006103515625,,0.01171875,0.00048828125,2684,0.0004582714125513368,36,0.0004582714125513368,0,0.0004582714125513368,0.0004582714125513368,0.0004582714125513368,140:0.0024704124416791706;140:0.0024704124416791706;142:0.007122792685831103;142:0.007122792685831103,140:68;140:68;142:68;142:68,140:0.002819129852018487;140:0.002819129852018487;142:0.004495645532407416;142:0.004495645532407416,0.006103515625,0.00048828125,Yes,ibm_marrakesh,2026-09-30T19:10:22Z
142,137.52508916496276,106.60220699910442,0.015625,,0.01953125,0.01171875,2684,0.0005028629926611894,36,0.0005028629926611894,0,0.0005028629926611894,0.0005028629926611894,0.0005028629926611894,143:0.005810072654213905;143:0.005810072654213905;141:0.007122792685831103;141:0.007122792685831103,143:68;143:68;141:68;141:68,143:0.0023204672273909044;143:0.0023204672273909044;141:0.004495645532407416;141:0.004495645532407416,0.015625,0.01171875,Yes,ibm_marrakesh,2026-09-30T19:10:22Z
143,57.76958845938169,19.60690018858046,0.005615234375,,0.00927734375,0.001953125,2684,0.00040307443722761095,36,0.00040307443722761095,0,0.00040307443722761095,0.00040307443722761095,0.00040307443722761095,142:0.005810072654213905;142:0.005810072654213905;144:0.007387698991188296;144:0.007387698991188296;136:0.006215657630950444;136:0.006215657630950444,142:68;142:68;144:68;144:68;136:68;136:68,142:0.0023204672273909044;142:0.0023204672273909044;144:0.0027160217106491358;144:0.0027160217106491358;136:0.0027030601826937006;136:0.0027030601826937006,0.005615234375,0.001953125,Yes,ibm_marrakesh,2026-09-30T19:10:22Z
144,108.35299987448215,37.67890051555376,0.009033203125,,0.01806640625,0,2684,0.0010191417534910895,36,0.0010191417534910895,0,0.0010191417534910895,0.0010191417534910895,0.0010191417534910895,145:0.007470869463748475;145:0.007470869463748475;143:0.007387698991188296;143:0.007387698991188296,145:68;145:68;143:68;143:68,145:0.004821253198654618;145:0.004821253198654618;143:0.0027160217106491358;143:0.0027160217106491358,0.009033203125,0,Yes,ibm_marrakesh,2026-09-30T19:10:22Z
145,153.0962423563763,142.945180330287,0.025634765625,,0.01953125,0.03173828125,2684,0.0003502361754191244,36,0.0003502361754191244,0,0.0003502361754191244,0.0003502361754191244,0.0003502361754191244,144:0.007470869463748475;144:0.007470869463748475;146:0.002136593556192834;146:0.002136593556192834,144:68;144:68;146:68;146:68,144:0.004821253198654618;144:0.004821253198654618;146:0.0025624518834647947;146:0.0025624518834647947,0.025634765625,0.03173828125,Yes,ibm_marrakesh,2026-09-30T19:10:22Z
146,146.63261496512249,49.00193676728597,0.00390625,,0.005859375,0.001953125,2684,0.00039122686280075624,36,0.00039122686280075624,0,0.00039122686280075624,0.00039122686280075624,0.00039122686280075624,145:0.002136593556192834;145:0.002136593556192834;147:0.0024011579484443657;147:0.0024011579484443657,145:68;145:68;147:68;147:68,145:0.0025624518834647947;145:0.0025624518834647947;147:0.0022734357209224787;147:0.0022734357209224787,0.00390625,0.001953125,Yes,ibm_marrakesh,2026-09-30T19:10:22Z
147,286.2391086154761,117.3992860863614,0.01171875,,0.0126953125,0.0107421875,2684,0.00020566856620860832,36,0.00020566856620860832,0,0.00020566856620860832,0.00020566856620860832,0.00020566856620860832,148:0.003689233335110953;148:0.003689233335110953;137:0.0022115823250895283;137:0.0022115823250895283;146:0.0024011579484443657;146:0.0024011579484443657,148:68;148:68;137:68;137:68;146:68;146:68,148:0.0016217280205727547;148:0.0016217280205727547;137:0.0028670553741992066;137:0.0028670553741992066;146:0.0022734357209224787;146:0.0022734357209224787,0.01171875,0.0107421875,Yes,ibm_marrakesh,2026-09-30T19:10:22Z
148,235.50230228566974,59.78609185430259,0.00634765625,,0.01025390625,0.00244140625,2684,0.00026908370349522473,36,0.00026908370349522473,0,0.00026908370349522473,0.00026908370349522473,0.00026908370349522473,147:0.003689233335110953;147:0.003689233335110953;149:0.002349151189212334;149:0.002349151189212334,147:68;147:68;149:68;149:68,147:0.0016217280205727547;147:0.0016217280205727547;149:0.0016998124592552122;149:0.0016998124592552122,0.00634765625,0.00244140625,Yes,ibm_marrakesh,2026-09-30T19:10:22Z
149,202.748594268683,116.12433447262582,0.0078125,,0.01171875,0.00390625,2684,0.0005817817360557506,36,0.0005817817360557506,0,0.0005817817360557506,0.0005817817360557506,0.0005817817360557506,150:0.0044028546539582325;150:0.0044028546539582325;148:0.002349151189212334;148:0.002349151189212334,150:68;150:68;148:68;148:68,150:0.0014143477610535082;150:0.0014143477610535082;148:0.0016998124592552122;148:0.0016998124592552122,0.0078125,0.00390625,Yes,ibm_marrakesh,2026-09-30T19:10:22Z
150,112.7394985691045,97.70541435888423,0.020751953125,,0.01513671875,0.0263671875,2684,0.00043809230456709665,36,0.00043809230456709665,0,0.00043809230456709665,0.00043809230456709665,0.00043809230456709665,149:0.0044028546539582325;149:0.0044028546539582325;151:0.003695891785089417;151:0.003695891785089417,149:68;149:68;151:68;151:68,149:0.0014143477610535082;149:0.0014143477610535082;151:0.0031735895718824347;151:0.0031735895718824347,0.020751953125,0.0263671875,Yes,ibm_marrakesh,2026-09-30T19:10:22Z
151,174.28180204827328,59.66671223570232,0.008544921875,,0.0146484375,0.00244140625,2684,0.00032317033326438203,36,0.00032317033326438203,0,0.00032317033326438203,0.00032317033326438203,0.00032317033326438203,138:0.007478056248474807;138:0.007478056248474807;152:0.02196516137279872;152:0.02196516137279872;150:0.003695891785089417;150:0.003695891785089417,138:68;138:68;152:68;152:68;150:68;150:68,138:0.003769981907807557;138:0.003769981907807557;152:0.029580555638381828;152:0.029580555638381828;150:0.0031735895718824347;150:0.0031735895718824347,0.008544921875,0.00244140625,Yes,ibm_marrakesh,2026-09-30T19:10:22Z
152,79.57931193665267,80.79994613056272,0.00634765625,,0.01025390625,0.00244140625,2684,0.000247328472027521,36,0.000247328472027521,0,0.000247328472027521,0.000247328472027521,0.000247328472027521,151:0.02196516137279872;151:0.02196516137279872;153:0.0022018447439367816;153:0.0022018447439367816,151:68;151:68;153:68;153:68,151:0.029580555638381828;151:0.029580555638381828;153:0.0035121801466870273;153:0.0035121801466870273,0.00634765625,0.00244140625,Yes,ibm_marrakesh,2026-09-30T19:10:22Z
153,183.19022867148306,121.79237406028197,0.00732421875,,0.0087890625,0.005859375,2684,0.00026121467754369694,36,0.00026121467754369694,0,0.00026121467754369694,0.00026121467754369694,0.00026121467754369694,152:0.0022018447439367816;152:0.0022018447439367816;154:0.0025547140671747515;154:0.0025547140671747515,152:68;152:68;154:68;154:68,152:0.0035121801466870273;152:0.0035121801466870273;154:0.001778353454308379;154:0.001778353454308379,0.00732421875,0.005859375,Yes,ibm_marrakesh,2026-09-30T19:10:22Z
154,138.03820661816508,29.018667820584614,0.00634765625,,0.005859375,0.0068359375,2684,0.0004552424618434583,36,0.0004552424618434583,0,0.0004552424618434583,0.0004552424618434583,0.0004552424618434583,153:0.0025547140671747515;153:0.0025547140671747515;155:0.0021756113808721056;155:0.0021756113808721056,153:68;153:68;155:68;155:68,153:0.001778353454308379;153:0.001778353454308379;155:0.0014600324480931182;155:0.0014600324480931182,0.00634765625,0.0068359375,Yes,ibm_marrakesh,2026-09-30T19:10:22Z
155,363.27937767630084,127.49187023396465,0.011962890625,,0.01220703125,0.01171875,2684,0.00023629367607217366,36,0.00023629367607217366,0,0.00023629367607217366,0.00023629367607217366,0.00023629367607217366,139:0.002728296623230181;139:0.002728296623230181;154:0.0021756113808721056;154:0.0021756113808721056,139:80;139:80;154:68;154:68,139:0.0019163275481456354;139:0.0019163275481456354;154:0.0014600324480931182;154:0.0014600324480931182,0.011962890625,0.01171875,Yes,ibm_marrakesh,2026-09-30T19:10:22Z
